Sighting,Depth,Count
0,0,1
0,0,1
0,0,1
0,0,1
0,0,1
0,0,1
0,0,1
0,0,1
0,0,1
0,0,1
0,0,1
0,0,1
0,0,1
0,0,1
0,0,1
0,0,1
0,0,1
0,0,1
0,0,1
0,0,1
0,0,1
0,0,1
0,0,1
0,0,1
0,0,1
0,0,1
0,0,1
0,0,1
0,0,1
0,0,1
0,0,1
0,0,1
0,0,1
0,0,1
0,0,1
0,0,1
0,0,1
0,0,1
0,0,1
0,0,1
0,0,1
0,0,1
0,0,1
0,0,1
0,0,1
0,0,1
0,0,1
0,0,1
0,0,1
0,0,1
0,0,1
0,0,1
0,0,1
0,0,1
0,0,1
0,0,1
0,0,1
0,0,1
0,0,1
0,0,1
0,0,1
0,0,1
0,0,1
0,0,1
0,0,1
0,0,1
0,0,1
0,0,1
0,0,1
0,0,1
0,0,1
0,0,1
0,0,1
0,0,1
0,0,1
0,0,1
0,0,1
0,0,1
0,0,1
0,0,1
0,0,1
0,0,1
0,0,1
0,0,1
0,0,1
0,0,1
0,0,1
0,0,1
0,0,1
0,0,1
0,0,1
0,0,1
0,0,1
0,0,1
0,0,1
0,0,1
0,0,1
0,0,1
0,0,1
0,0,1
0,0,1
0,0,1
0,0,1
0,0,1
0,0,1
0,0,1
0,0,1
0,0,1
0,0,1
0,0,1
0,0,1
0,0,1
0,0,1
0,0,1
0,0,1
0,0,1
0,0,1
0,0,1
0,0,1
0,0,1
0,0,1
0,0,1
0,0,1
0,0,1
0,0,1
0,0,1
0,0,1
0,0,1
0,0.000880789,1
0,0.006049354,1
0,0.006596658,1
0,0.012729926,1
0,0.023894226,1
0,0.026761116,1
0,0.029990779,1
0,0.030834816,1
0,0.056779664,1
0,0.065175638,1
0,0.065246813,1
0,0.07420288,1
0,0.076859146,1
0,0.091036581,1
0,0.101899251,1
0,0.103719197,1
0,0.121492811,1
0,0.123570293,1
0,0.12666671,1
0,0.128759563,1
0,0.132529587,1
0,0.1426792,1
0,0.157833889,1
0,0.196430698,1
0,0.219902694,1
0,0.225346297,1
0,0.233403429,1
0,0.233501345,1
0,0.276959449,1
0,0.295607895,1
0,0.301520348,1
0,0.302143514,1
0,0.305339485,1
0,0.351308107,1
0,0.376830906,1
0,0.433760375,1
0,0.457240313,1
0,0.508130014,1
0,0.513271928,1
0,0.540489316,1
0,0.576785088,1
0,0.580636501,1
0,0.583862841,1
0,0.600905299,1
0,0.617151916,1
0,0.624071062,1
0,0.641302884,1
0,0.651213884,1
0,0.69247812,1
0,0.706009567,1
0,0.707382202,1
0,0.721651495,1
0,0.750179052,1
0,0.756540596,1
0,0.843690574,1
0,0.872273624,1
0,0.896335304,1
0,0.90927732,1
0,0.918087363,1
0,0.935464501,1
0,0.93707329,1
0,0.938707411,1
0,0.971698046,1
0,1.002740979,1
0,1.010399342,1
0,1.034465909,1
0,1.036299944,1
0,1.048432231,1
0,1.057901859,1
0,1.069859505,1
0,1.078467131,1
0,1.199033976,1
0,1.218699694,1
0,1.225617051,1
0,1.238149643,1
0,1.255005121,1
0,1.269435644,1
0,1.270074725,1
0,1.280263186,1
0,1.323819757,1
0,1.341032982,1
0,1.372581601,1
0,1.382562757,1
0,1.394065738,1
0,1.410268068,1
0,1.469815612,1
0,1.490781903,1
0,1.501344085,1
0,1.507097244,1
0,1.536787868,1
0,1.538442016,1
0,1.562379837,1
0,1.57106483,1
0,1.588904262,1
0,1.627805948,1
0,1.635402322,1
0,1.639239669,1
0,1.651713014,1
0,1.677062154,1
0,1.685512543,1
0,1.687350154,1
0,1.696932912,1
0,1.743088007,1
0,1.747832298,1
0,1.749179006,1
0,1.775194764,1
0,1.812041759,1
0,1.837871313,1
0,1.868288279,1
0,1.88942802,1
0,1.894205689,1
0,1.924657583,1
0,1.994816422,1
0,2.022185087,1
0,2.075955868,1
0,2.113877058,1
0,2.144398212,1
0,2.164218903,1
0,2.187405825,1
0,2.219484091,1
0,2.241600513,1
0,2.266888857,1
0,2.301276922,1
0,2.31413269,1
0,2.323610544,1
0,2.496721506,1
0,2.499450922,1
0,2.543251038,1
0,2.545414448,1
0,2.591547489,1
0,2.595955133,1
0,2.657815695,1
0,2.686602116,1
0,2.741277933,1
0,2.760455608,1
0,2.802791119,1
0,2.803634167,1
0,2.812137842,1
0,2.960660934,1
0,2.963084698,1
0,3.066208601,1
0,3.073768616,1
0,3.106775522,1
0,3.154921293,1
0,3.164076567,1
0,3.181500673,1
0,3.192882299,1
0,3.278025866,1
0,3.353719234,1
0,3.361313581,1
0,3.386476278,1
0,3.386580467,1
0,3.414828539,1
0,3.430835962,1
0,3.434857607,1
0,3.556239367,1
0,3.556770802,1
0,3.564216852,1
0,3.579257965,1
0,3.655455112,1
0,3.666161299,1
0,3.716782808,1
0,3.753872633,1
0,3.79321456,1
0,3.819940329,1
0,3.856836319,1
0,3.865600824,1
0,3.891710997,1
0,3.916639328,1
0,3.957752228,1
0,3.963439465,1
0,3.988015413,1
0,3.998679876,1
0,4.009263039,1
0,4.019109726,1
0,4.042020798,1
0,4.067893505,1
0,4.087424755,1
0,4.164108753,1
0,4.184327126,1
0,4.191710472,1
0,4.205628872,1
0,4.21233654,1
0,4.273320675,1
0,4.311524868,1
0,4.334643841,1
0,4.33972168,1
0,4.342627048,1
0,4.352566719,1
0,4.361384392,1
0,4.4336586,1
0,4.439589024,1
0,4.468920708,1
0,4.499615192,1
0,4.51147604,1
0,4.512448311,1
0,4.583807468,1
0,4.584012032,1
0,4.595429897,1
0,4.614542007,1
0,4.620323181,1
0,4.622914314,1
0,4.628761768,1
0,4.641953468,1
0,4.736922741,1
0,4.74650526,1
0,4.748777866,1
0,4.77593565,1
0,4.813780308,1
0,4.821279526,1
0,4.867449284,1
0,4.888888359,1
0,4.898268223,1
0,4.914848328,1
0,4.97024107,1
0,5.036496162,1
0,5.045612812,1
0,5.05302,1
0,5.106800079,1
0,5.136208057,1
0,5.197703362,1
0,5.233826637,1
0,5.237623692,1
0,5.272747517,1
0,5.290240765,1
0,5.299153328,1
0,5.391400337,1
0,5.396711826,1
0,5.402407646,1
0,5.408398628,1
0,5.423455715,1
0,5.568182945,1
0,5.614042759,1
0,5.629009247,1
0,5.630058765,1
0,5.669343472,1
0,5.72009325,1
0,5.739471912,1
0,5.823399067,1
0,5.855397224,1
0,5.85804081,1
0,5.865152836,1
0,5.935793877,1
0,5.945040226,1
0,6.066324234,1
0,6.069093227,1
0,6.074054718,1
0,6.091843605,1
0,6.202679634,1
0,6.262274265,1
0,6.305875301,1
0,6.315052032,1
0,6.373578072,1
0,6.379441738,1
0,6.383091927,1
0,6.385211945,1
0,6.391548634,1
0,6.395248413,1
0,6.399322987,1
0,6.417245388,1
0,6.465003967,1
0,6.523525715,1
0,6.53026104,1
0,6.531122208,1
0,6.555380821,1
0,6.572927952,1
0,6.574598789,1
0,6.752025604,1
0,6.82872963,1
0,6.829994202,1
0,6.83408165,1
0,6.837698936,1
0,6.83861208,1
0,6.850038052,1
0,6.891669273,1
0,6.908631802,1
0,6.927421093,1
0,6.964118481,1
0,6.972418308,1
0,7.087047577,1
0,7.129028797,1
0,7.146450996,1
0,7.166048527,1
0,7.168722153,1
0,7.187851429,1
0,7.189781666,1
0,7.218528271,1
0,7.230501175,1
0,7.25518465,1
0,7.282855511,1
0,7.31406641,1
0,7.356972694,1
0,7.377911091,1
0,7.407111645,1
0,7.408085823,1
0,7.453514099,1
0,7.560066223,1
0,7.585924625,1
0,7.59665966,1
0,7.629584789,1
0,7.631475449,1
0,7.644055367,1
0,7.668016434,1
0,7.68736124,1
0,7.691148281,1
0,7.694164276,1
0,7.698581696,1
0,7.720230103,1
0,7.726243973,1
0,7.745131493,1
0,7.752676487,1
0,7.803937912,1
0,7.816840172,1
0,7.834784031,1
0,7.853693485,1
0,7.873978615,1
0,7.87634182,1
0,7.90167284,1
0,7.933771133,1
0,7.939533234,1
0,7.968801022,1
0,7.982100487,1
0,8.015447617,1
0,8.033506393,1
0,8.036495209,1
0,8.072599411,1
0,8.080488205,1
0,8.095589638,1
0,8.098138809,1
0,8.123620033,1
0,8.140878677,1
0,8.145043373,1
0,8.158167839,1
0,8.172720909,1
0,8.197924614,1
0,8.205469131,1
0,8.240010262,1
0,8.257343292,1
0,8.268591881,1
0,8.271547318,1
0,8.29646492,1
0,8.300428391,1
0,8.301987648,1
0,8.346921921,1
0,8.353208542,1
0,8.374417305,1
0,8.38869381,1
0,8.417086601,1
0,8.451368332,1
0,8.476041794,1
0,8.511883736,1
0,8.583517075,1
0,8.589828491,1
0,8.637308121,1
0,8.66157341,1
0,8.710756302,1
0,8.722578049,1
0,8.752133369,1
0,8.854112625,1
0,8.911437035,1
0,8.933646202,1
0,8.945343971,1
0,8.953559875,1
0,8.990197182,1
0,8.996464729,1
0,9.019047737,1
0,9.020969391,1
0,9.021351814,1
0,9.04946804,1
0,9.05755806,1
0,9.064829826,1
0,9.090498924,1
0,9.108737946,1
0,9.140677452,1
0,9.163879395,1
0,9.250182152,1
0,9.254538536,1
0,9.28494072,1
0,9.382305145,1
0,9.385752678,1
0,9.387303352,1
0,9.394867897,1
0,9.412216187,1
0,9.4366045,1
0,9.456588745,1
0,9.464408875,1
0,9.468831062,1
0,9.469929695,1
0,9.494525909,1
0,9.515932083,1
0,9.564348221,1
0,9.571119308,1
0,9.573431015,1
0,9.651803017,1
0,9.667423248,1
0,9.69402504,1
0,9.826198578,1
0,9.899384499,1
0,9.90580368,1
0,10.01185322,1
0,10.02029705,1
0,10.11476707,1
0,10.16806316,1
0,10.20291042,1
0,10.24233341,1
0,10.24579906,1
0,10.27440071,1
0,10.32073498,1
0,10.32727528,1
0,10.44325542,1
0,10.48190308,1
0,10.49862385,1
0,10.55635452,1
0,10.55670452,1
0,10.56185913,1
0,10.57589054,1
0,10.61667538,1
0,10.61714554,1
0,10.70055771,1
0,10.74982452,1
0,10.77685452,1
0,10.80784607,1
0,10.85975361,1
0,10.8989315,1
0,10.90879726,1
0,10.91369247,1
0,10.93799114,1
0,10.98961544,1
0,10.99761486,1
0,11.06728363,1
0,11.07555485,1
0,11.08492947,1
0,11.12084484,1
0,11.13257122,1
0,11.1992445,1
0,11.20542526,1
0,11.21861649,1
0,11.22996616,1
0,11.36209106,1
0,11.3990469,1
0,11.44504356,1
0,11.49114799,1
0,11.49300194,1
0,11.49655437,1
0,11.57222366,1
0,11.64044189,1
0,11.66208553,1
0,11.72803879,1
0,11.75662231,1
0,11.76734829,1
0,11.76795292,1
0,11.77772331,1
0,11.79134178,1
0,11.79267406,1
0,11.81769753,1
0,11.83527374,1
0,11.83856106,1
0,11.85716629,1
0,11.86652374,1
0,11.8732233,1
0,12.00798321,1
0,12.09363556,1
0,12.09675884,1
0,12.1075592,1
0,12.12531662,1
0,12.17885971,1
0,12.18305779,1
0,12.1847868,1
0,12.18481636,1
0,12.23207569,1
0,12.25609779,1
0,12.25821304,1
0,12.35441875,1
0,12.41490555,1
0,12.42519855,1
0,12.43472385,1
0,12.45983601,1
0,12.51402855,1
0,12.56620407,1
0,12.60661411,1
0,12.61038208,1
0,12.642416,1
0,12.64635754,1
0,12.68706512,1
0,12.71021748,1
0,12.71324539,1
0,12.72449112,1
0,12.77601051,1
0,12.7813158,1
0,12.79170227,1
0,12.81263065,1
0,12.95031357,1
0,12.9853735,1
0,12.99813271,1
0,13.04577255,1
0,13.08052635,1
0,13.08165932,1
0,13.11112404,1
0,13.13205147,1
0,13.14616013,1
0,13.1462822,1
0,13.14635754,1
0,13.22955704,1
0,13.3166399,1
0,13.37271786,1
0,13.37620735,1
0,13.38739109,1
0,13.43911457,1
0,13.44043446,1
0,13.4419651,1
0,13.44744301,1
0,13.46564579,1
0,13.46669674,1
0,13.47575283,1
0,13.48928833,1
0,13.54212379,1
0,13.59335804,1
0,13.62443638,1
0,13.67066193,1
0,13.67675686,1
0,13.68564796,1
0,13.70172119,1
0,13.73273754,1
0,13.8151598,1
0,13.85204601,1
0,13.86801815,1
0,13.89567184,1
0,13.91170216,1
0,13.96102428,1
0,14.00013256,1
0,14.07731724,1
0,14.10340214,1
0,14.13390446,1
0,14.15828705,1
0,14.16802979,1
0,14.17321682,1
0,14.19529247,1
0,14.26688957,1
0,14.28590775,1
0,14.30162144,1
0,14.36261368,1
0,14.43450356,1
0,14.46304703,1
0,14.46601677,1
0,14.51556587,1
0,14.51562309,1
0,14.54231358,1
0,14.56110668,1
0,14.57233524,1
0,14.69136333,1
0,14.72449493,1
0,14.75184917,1
0,14.80981922,1
0,14.81345654,1
0,14.87766457,1
0,14.88599777,1
0,14.89173222,1
0,14.90459156,1
0,14.90643406,1
0,14.93351555,1
0,14.93391609,1
0,14.9449091,1
0,14.99209785,1
0,15.18549633,1
0,15.22677612,1
0,15.24162197,1
0,15.32288456,1
0,15.34436512,1
0,15.39079857,1
0,15.46237373,1
0,15.56580162,1
0,15.56631947,1
0,15.58574486,1
0,15.60393429,1
0,15.65400887,1
0,15.68050385,1
0,15.68170452,1
0,15.70253754,1
0,15.72312927,1
0,15.76791763,1
0,15.77809525,1
0,15.79935741,1
0,15.84409714,1
0,15.89425564,1
0,15.89439297,1
0,15.94777489,1
0,15.94817829,1
0,15.97458935,1
0,15.98890591,1
0,16.00909424,1
0,16.0538578,1
0,16.07858467,1
0,16.09504318,1
0,16.16130066,1
0,16.33584404,1
0,16.34991455,1
0,16.35486603,1
0,16.38832855,1
0,16.57012367,1
0,16.58694077,1
0,16.60376167,1
0,16.60957146,1
0,16.63365364,1
0,16.69648933,1
0,16.69954491,1
0,16.76296616,1
0,16.78412628,1
0,16.82967758,1
0,16.90010262,1
0,16.9052887,1
0,16.92405128,1
0,16.9364624,1
0,16.94096947,1
0,16.94813156,1
0,16.97179794,1
0,16.98351479,1
0,17.00105858,1
0,17.05734825,1
0,17.06484222,1
0,17.16109085,1
0,17.19099236,1
0,17.19848824,1
0,17.24005318,1
0,17.2696209,1
0,17.27154732,1
0,17.3114109,1
0,17.3209095,1
0,17.45910645,1
0,17.47454643,1
0,17.48005104,1
0,17.51327133,1
0,17.5309391,1
0,17.55773163,1
0,17.60931015,1
0,17.64948654,1
0,17.68939209,1
0,17.74172974,1
0,17.75691605,1
0,17.7584343,1
0,17.79831505,1
0,17.7992363,1
0,17.84531593,1
0,17.85765648,1
0,17.86715126,1
0,17.87597084,1
0,17.89264679,1
0,17.90953827,1
0,17.91590881,1
0,17.91808891,1
0,17.96144104,1
0,18.02307129,1
0,18.12169266,1
0,18.13453674,1
0,18.1801796,1
0,18.1908989,1
0,18.20611572,1
0,18.27533531,1
0,18.27804947,1
0,18.28759003,1
0,18.32199097,1
0,18.32350349,1
0,18.42256737,1
0,18.47128105,1
0,18.64251328,1
0,18.71032715,1
0,18.71906853,1
0,18.7212429,1
0,18.72456169,1
0,18.72693825,1
0,18.73273087,1
0,18.82084465,1
0,18.83575249,1
0,18.84821701,1
0,18.88281822,1
0,18.88423157,1
0,18.92869759,1
0,18.92915916,1
0,18.93362045,1
0,18.98637962,1
0,19.00583649,1
0,19.00661278,1
0,19.03792572,1
0,19.07168388,1
0,19.17630768,1
0,19.1819706,1
0,19.19468117,1
0,19.20465851,1
0,19.23131943,1
0,19.25201607,1
0,19.26384544,1
0,19.33879471,1
0,19.34392929,1
0,19.37790298,1
0,19.4912529,1
0,19.56202698,1
0,19.58531952,1
0,19.6071949,1
0,19.6823082,1
0,19.68973732,1
0,19.70149422,1
0,19.73173714,1
0,19.74757004,1
0,19.75483704,1
0,19.76651955,1
0,19.77965927,1
0,19.80802155,1
0,19.90225983,1
0,19.90870667,1
0,19.91195679,1
0,19.91941071,1
0,19.95248413,1
0,19.95833397,1
0,19.96953964,1
0,19.98059845,1
0,20.04237938,1
0,20.05137825,1
0,20.06196594,1
0,20.1288681,1
0,20.13465881,1
0,20.1796627,1
0,20.22481918,1
0,20.23088455,1
0,20.27214813,1
0,20.29691315,1
0,20.3314991,1
0,20.3508358,1
0,20.37137604,1
0,20.37517548,1
0,20.38078117,1
0,20.40266609,1
0,20.41294479,1
0,20.45055962,1
0,20.49328613,1
0,20.58576202,1
0,20.58602905,1
0,20.59524727,1
0,20.7250309,1
0,20.75979233,1
0,20.77389526,1
0,20.78979492,1
0,20.79431725,1
0,20.80596924,1
0,20.83863068,1
0,20.85465813,1
0,20.92225266,1
0,20.92770004,1
0,21.00086594,1
0,21.04263496,1
0,21.04423523,1
0,21.06021881,1
0,21.06856155,1
0,21.1072979,1
0,21.15633202,1
0,21.27139664,1
0,21.37326622,1
0,21.39731598,1
0,21.42103004,1
0,21.47616386,1
0,21.48944092,1
0,21.52373505,1
0,21.53878784,1
0,21.54618454,1
0,21.57375908,1
0,21.61557388,1
0,21.64660645,1
0,21.66194916,1
0,21.72596741,1
0,21.75576401,1
0,21.87999344,1
0,21.90129852,1
0,21.99998856,1
0,22.00870514,1
0,22.01188469,1
0,22.04706192,1
0,22.06518173,1
0,22.07572556,1
0,22.11090851,1
0,22.2816124,1
0,22.29877853,1
0,22.30762482,1
0,22.31110191,1
0,22.31914139,1
0,22.32847786,1
0,22.34656715,1
0,22.34720993,1
0,22.35844231,1
0,22.37431908,1
0,22.3920536,1
0,22.39372826,1
0,22.42967033,1
0,22.47251129,1
0,22.59576607,1
0,22.59749985,1
0,22.60512161,1
0,22.62637138,1
0,22.63560295,1
0,22.6801033,1
0,22.68097687,1
0,22.68951988,1
0,22.72302437,1
0,22.73662186,1
0,22.81734467,1
0,22.82414246,1
0,22.9099617,1
0,22.92079544,1
0,22.96884918,1
0,22.97343445,1
0,23.0030899,1
0,23.0264473,1
0,23.03235817,1
0,23.03489494,1
0,23.1172657,1
0,23.12316132,1
0,23.13472939,1
0,23.17233658,1
0,23.17341423,1
0,23.19145966,1
0,23.3255806,1
0,23.35050964,1
0,23.41309738,1
0,23.4506855,1
0,23.45970726,1
0,23.46585274,1
0,23.50130081,1
0,23.54411125,1
0,23.61474228,1
0,23.63251114,1
0,23.64923668,1
0,23.69768715,1
0,23.71406937,1
0,23.78117561,1
0,23.78508568,1
0,23.8015976,1
0,23.86965942,1
0,23.87101936,1
0,23.92121887,1
0,23.99886894,1
0,24.03311348,1
0,24.03637886,1
0,24.03890419,1
0,24.0696125,1
0,24.09597206,1
0,24.11890793,1
0,24.11925125,1
0,24.13781357,1
0,24.14596939,1
0,24.1568737,1
0,24.23452377,1
0,24.23495483,1
0,24.24028206,1
0,24.26780891,1
0,24.3427639,1
0,24.38047218,1
0,24.4057045,1
0,24.48864555,1
0,24.52131844,1
0,24.53507233,1
0,24.55824852,1
0,24.60116577,1
0,24.6564846,1
0,24.70794868,1
0,24.7276535,1
0,24.7622261,1
0,24.78991699,1
0,24.82089806,1
0,24.83190536,1
0,24.87796974,1
0,24.91498184,1
0,24.93707275,1
0,24.93968582,1
0,24.94497681,1
0,24.95428467,1
0,25.11255074,1
0,25.11597443,1
0,25.15412331,1
0,25.18743134,1
0,25.18910217,1
0,25.21611786,1
0,25.22629356,1
0,25.23376083,1
0,25.24497986,1
0,25.28836823,1
0,25.29937363,1
0,25.31820488,1
0,25.35327911,1
0,25.37619209,1
0,25.40106964,1
0,25.42357445,1
0,25.44403648,1
0,25.44888878,1
0,25.45302582,1
0,25.45552635,1
0,25.49440765,1
0,25.53115463,1
0,25.54459953,1
0,25.61840248,1
0,25.63447571,1
0,25.71478271,1
0,25.76525307,1
0,25.77318573,1
0,25.82507706,1
0,25.89374352,1
0,25.9363842,1
0,25.96367836,1
0,26.06349373,1
0,26.07369995,1
0,26.0974617,1
0,26.12983513,1
0,26.28717422,1
0,26.35393333,1
0,26.38373947,1
0,26.38526154,1
0,26.39043808,1
0,26.41321754,1
0,26.4372406,1
0,26.44279099,1
0,26.4851799,1
0,26.49589729,1
0,26.51049232,1
0,26.5250721,1
0,26.52999878,1
0,26.7130661,1
0,26.74728203,1
0,26.78975105,1
0,26.8211937,1
0,26.870121,1
0,26.87232971,1
0,26.91835785,1
0,27.00430107,1
0,27.06506729,1
0,27.10960007,1
0,27.12569237,1
0,27.13007736,1
0,27.14326668,1
0,27.27132416,1
0,27.2997818,1
0,27.40300751,1
0,27.43583488,1
0,27.51867104,1
0,27.56033707,1
0,27.58888817,1
0,27.60052299,1
0,27.63372421,1
0,27.649189,1
0,27.66703796,1
0,27.73242188,1
0,27.7760067,1
0,27.81041527,1
0,27.81387138,1
0,27.90225601,1
0,28.01399994,1
0,28.06581497,1
0,28.1262207,1
0,28.16246986,1
0,28.1892643,1
0,28.22701263,1
0,28.27622414,1
0,28.30300903,1
0,28.35130119,1
0,28.48633003,1
0,28.59535027,1
0,28.66014099,1
0,28.67317009,1
0,28.6776638,1
0,28.69501495,1
0,28.70125008,1
0,28.70551682,1
0,28.75501633,1
0,28.86105919,1
0,28.86728668,1
0,28.88790512,1
0,28.90309906,1
0,29.0209465,1
0,29.05423546,1
0,29.07918549,1
0,29.12924767,1
0,29.1624527,1
0,29.22717476,1
0,29.31859207,1
0,29.32518959,1
0,29.36620331,1
0,29.46456528,1
0,29.5610199,1
0,29.69630432,1
0,29.73264885,1
0,29.79210281,1
0,29.79829979,1
0,29.86165619,1
0,29.89550591,1
0,29.92308807,1
0,29.95876694,1
0,29.98457336,1
0,30.03875542,1
0,30.11737442,1
0,30.11925697,1
0,30.21768379,1
0,30.22466278,1
0,30.25950432,1
0,30.2905426,1
0,30.3703022,1
0,30.37063789,1
0,30.6138134,1
0,30.6279068,1
0,30.67182922,1
0,30.672575,1
0,30.67408562,1
0,30.67631531,1
0,30.73650932,1
0,30.74670792,1
0,30.78435898,1
0,30.90355492,1
0,30.92263985,1
0,31.00005913,1
0,31.06302261,1
0,31.13788795,1
0,31.15390968,1
0,31.20324135,1
0,31.23231125,1
0,31.23736382,1
0,31.27189064,1
0,31.3426342,1
0,31.35824585,1
0,31.37036133,1
0,31.44819641,1
0,31.53548813,1
0,31.53774452,1
0,31.58626366,1
0,31.61795998,1
0,31.62746811,1
0,31.6283226,1
0,31.64479637,1
0,31.64919472,1
0,31.65279388,1
0,31.67883492,1
0,31.69610214,1
0,31.72683907,1
0,31.76739502,1
0,31.78793907,1
0,31.8717289,1
0,31.89065361,1
0,32.05758286,1
0,32.1816864,1
0,32.1991806,1
0,32.23065186,1
0,32.26198959,1
0,32.36026382,1
0,32.36138535,1
0,32.41968155,1
0,32.45926285,1
0,32.52176666,1
0,32.59373856,1
0,32.60734177,1
0,32.61317825,1
0,32.68264008,1
0,32.71241379,1
0,32.72179413,1
0,32.81786728,1
0,32.84934616,1
0,32.85810089,1
0,32.9476738,1
0,32.95584106,1
0,32.96108246,1
0,32.9981308,1
0,33.04007339,1
0,33.06579971,1
0,33.07847595,1
0,33.2158165,1
0,33.23823929,1
0,33.25273895,1
0,33.32989883,1
0,33.33782578,1
0,33.37071609,1
0,33.39195251,1
0,33.40383148,1
0,33.4092598,1
0,33.43046188,1
0,33.45737839,1
0,33.48487091,1
0,33.49254608,1
0,33.50384903,1
0,33.61725235,1
0,33.62706375,1
0,33.64457703,1
0,33.74168777,1
0,33.7481041,1
0,33.76332474,1
0,33.794384,1
0,33.80960464,1
0,33.81018448,1
0,33.81256485,1
0,33.81470108,1
0,33.88547134,1
0,33.8992691,1
0,33.95191193,1
0,34.21690369,1
0,34.24812317,1
0,34.27612305,1
0,34.30702209,1
0,34.32172012,1
0,34.46788788,1
0,34.50606537,1
0,34.55970764,1
0,34.72507477,1
0,34.75247192,1
0,34.76050568,1
0,34.95173645,1
0,34.97508621,1
0,35.01534271,1
0,35.03953934,1
0,35.05376053,1
0,35.05864716,1
0,35.08922577,1
0,35.13420868,1
0,35.1613884,1
0,35.18297195,1
0,35.22028351,1
0,35.22519302,1
0,35.30463409,1
0,35.30861282,1
0,35.34998703,1
0,35.40814209,1
0,35.55892563,1
0,35.60693359,1
0,35.6547966,1
0,35.74842453,1
0,35.74928665,1
0,35.75793076,1
0,35.77072144,1
0,35.77441406,1
0,35.87543488,1
0,35.88191223,1
0,35.89006805,1
0,35.92383575,1
0,36.0368042,1
0,36.09466934,1
0,36.102005,1
0,36.16824341,1
0,36.2184639,1
0,36.24779892,1
0,36.25419235,1
0,36.26230621,1
0,36.2929306,1
0,36.35258484,1
0,36.46255493,1
0,36.48639679,1
0,36.57450485,1
0,36.57776642,1
0,36.69412231,1
0,36.79560471,1
0,36.86334229,1
0,36.91961288,1
0,36.94850159,1
0,36.9978447,1
0,37.10946274,1
0,37.13092804,1
0,37.17920685,1
0,37.23074722,1
0,37.26399994,1
0,37.33255005,1
0,37.36637878,1
0,37.41828156,1
0,37.44625854,1
0,37.46721649,1
0,37.48273087,1
0,37.49547958,1
0,37.52126694,1
0,37.61147308,1
0,37.68189621,1
0,37.68978119,1
0,37.76631546,1
0,37.84681702,1
0,37.89897919,1
0,37.9243927,1
0,37.99048615,1
0,37.99664307,1
0,38.14058304,1
0,38.1473999,1
0,38.20911026,1
0,38.35245132,1
0,38.40619659,1
0,38.40815353,1
0,38.43000793,1
0,38.49063873,1
0,38.49210739,1
0,38.49991226,1
0,38.52689362,1
0,38.55942154,1
0,38.67528152,1
0,38.67976761,1
0,38.72912598,1
0,38.75337982,1
0,38.76898575,1
0,38.77586746,1
0,38.80536652,1
0,38.83864975,1
0,38.84762955,1
0,38.88860703,1
0,38.89180374,1
0,38.95969009,1
0,38.97712326,1
0,39.10164642,1
0,39.14062881,1
0,39.1515274,1
0,39.19796753,1
0,39.2078476,1
0,39.41823196,1
0,39.42751694,1
0,39.48272705,1
0,39.51027679,1
0,39.53774261,1
0,39.56947708,1
0,39.57029724,1
0,39.589077,1
0,39.59781265,1
0,39.62162018,1
0,39.62653732,1
0,39.62900925,1
0,39.68026352,1
0,39.71781158,1
0,39.73779678,1
0,39.76071548,1
0,39.79304504,1
0,39.83919907,1
0,39.86863708,1
0,39.95834732,1
0,39.95950699,1
0,39.97560883,1
0,40.12678146,1
0,40.25990295,1
0,40.27950287,1
0,40.33538437,1
0,40.36854935,1
0,40.39764786,1
0,40.41366196,1
0,40.47172546,1
0,40.50660706,1
0,40.53711319,1
0,40.55439758,1
0,40.5611763,1
0,40.66603851,1
0,40.67440033,1
0,40.69696426,1
0,40.72408676,1
0,40.75138474,1
0,40.76576233,1
0,40.80804825,1
0,40.81053543,1
0,41.01494217,1
0,41.01590729,1
0,41.04417801,1
0,41.04892349,1
0,41.10699081,1
0,41.19150543,1
0,41.19523621,1
0,41.2249527,1
0,41.23088455,1
0,41.23899078,1
0,41.41555023,1
0,41.42939758,1
0,41.46374512,1
0,41.47754288,1
0,41.49101639,1
0,41.51934052,1
0,41.52960587,1
0,41.53730774,1
0,41.55532455,1
0,41.56874847,1
0,41.59963989,1
0,41.61364746,1
0,41.70464706,1
0,41.71892166,1
0,41.72501373,1
0,41.81191635,1
0,41.8193512,1
0,41.85898972,1
0,41.9485321,1
0,42.03347397,1
0,42.04614639,1
0,42.06227112,1
0,42.06637192,1
0,42.08739853,1
0,42.11603546,1
0,42.12582397,1
0,42.14005661,1
0,42.34202194,1
0,42.38583374,1
0,42.49800873,1
0,42.49816513,1
0,42.56705093,1
0,42.59123993,1
0,42.60838699,1
0,42.61779785,1
0,42.7170639,1
0,42.71706772,1
0,42.74253464,1
0,42.79413986,1
0,42.80696869,1
0,42.85720062,1
0,42.87499619,1
0,42.91725922,1
0,42.95177078,1
0,42.97219467,1
0,43.00131989,1
0,43.00948715,1
0,43.06471252,1
0,43.19906998,1
0,43.20302582,1
0,43.20506287,1
0,43.22856903,1
0,43.25120926,1
0,43.25802231,1
0,43.36869049,1
0,43.43595886,1
0,43.45674515,1
0,43.47642136,1
0,43.55391693,1
0,43.57725143,1
0,43.60517883,1
0,43.60887146,1
0,43.63902283,1
0,43.64324951,1
0,43.65544128,1
0,43.78383636,1
0,43.78993607,1
0,43.79442978,1
0,43.86432648,1
0,43.86629105,1
0,43.86989975,1
0,43.96195602,1
0,43.96292877,1
0,43.98943329,1
0,43.99346924,1
0,44.00743103,1
0,44.02707291,1
0,44.0615654,1
0,44.15924454,1
0,44.19089127,1
0,44.20301056,1
0,44.24951553,1
0,44.25116348,1
0,44.28442383,1
0,44.31580734,1
0,44.38005447,1
0,44.42669296,1
0,44.49425888,1
0,44.56614685,1
0,44.65251923,1
0,44.68212509,1
0,44.70797729,1
0,44.72305298,1
0,44.73508453,1
0,44.75813293,1
0,44.80484772,1
0,44.85634995,1
0,44.8645668,1
0,44.91269302,1
0,44.92831421,1
0,45.00777054,1
0,45.02665329,1
0,45.06306839,1
0,45.1415329,1
0,45.14895248,1
0,45.28436661,1
0,45.30393982,1
0,45.31139374,1
0,45.3208046,1
0,45.34560013,1
0,45.44331741,1
0,45.50536346,1
0,45.57263565,1
0,45.60010529,1
0,45.63080597,1
0,45.67042923,1
0,45.7300148,1
0,45.85372162,1
0,45.98116684,1
0,45.99160767,1
0,46,1
0,46.03929138,1
0,46.0946579,1
0,46.11935043,1
0,46.15188217,1
0,46.23746109,1
0,46.36663818,1
0,46.38296509,1
0,46.4315567,1
0,46.5446434,1
0,46.55920029,1
0,46.58517456,1
0,46.58778763,1
0,46.67583084,1
0,46.70536804,1
0,46.84257507,1
0,46.84934235,1
0,46.90179443,1
0,46.95318222,1
0,47.04547501,1
0,47.11022949,1
0,47.14567184,1
0,47.16440201,1
0,47.20436859,1
0,47.25738907,1
0,47.26261139,1
0,47.28611755,1
0,47.29801559,1
0,47.37121964,1
0,47.40762329,1
0,47.4949646,1
0,47.53438568,1
0,47.56798172,1
0,47.57922363,1
0,47.60412979,1
0,47.70076752,1
0,47.90005875,1
0,47.97190094,1
0,48.05672836,1
0,48.12984085,1
0,48.14823532,1
0,48.17391205,1
0,48.20600128,1
0,48.21914291,1
0,48.51145935,1
0,48.54221344,1
0,48.54536819,1
0,48.59032059,1
0,48.59172058,1
0,48.63857651,1
0,48.66698456,1
0,48.68029022,1
0,48.75437546,1
0,48.77789307,1
0,48.82431412,1
0,48.86955261,1
0,48.92409515,1
0,49.01892853,1
0,49.09001541,1
0,49.09302139,1
0,49.11507416,1
0,49.13553238,1
0,49.17935944,1
0,49.19548035,1
0,49.21557617,1
0,49.25921631,1
0,49.27945709,1
0,49.31413269,1
0,49.32519531,1
0,49.33853149,1
0,49.47873688,1
0,49.50394821,1
0,49.53833008,1
0,49.61526489,1
0,49.66381073,1
0,49.68037415,1
0,49.69783783,1
0,49.70217133,1
0,49.74863815,1
0,49.80466461,1
0,49.82064819,1
0,49.83900833,1
0,49.83948135,1
0,49.92970657,1
0,49.94073486,1
0,49.96086884,1
0,49.96866608,1
0,49.97254181,1
0,49.97593307,1
0,50.12723923,1
0,50.13225555,1
0,50.14570999,1
0,50.19921494,1
0,50.2562027,1
0,50.28594589,1
0,50.30710602,1
0,50.31319809,1
0,50.33747101,1
0,50.37081146,1
0,50.37403488,1
0,50.38768768,1
0,50.39595413,1
0,50.40910721,1
0,50.48548889,1
0,50.55521011,1
0,50.61130524,1
0,50.64767075,1
0,50.66436005,1
0,50.87217712,1
0,50.88252258,1
0,50.88267136,1
0,51.04674911,1
0,51.26220322,1
0,51.32297134,1
0,51.36862946,1
0,51.39689636,1
0,51.43400955,1
0,51.45041656,1
0,51.45710754,1
0,51.52336884,1
0,51.56302261,1
0,51.62965775,1
0,51.64806366,1
0,51.64870071,1
0,51.67634964,1
0,51.8037796,1
0,51.91835785,1
0,51.96691895,1
0,51.98322296,1
0,52.02490997,1
0,52.03617477,1
0,52.06811142,1
0,52.08900833,1
0,52.20902252,1
0,52.21870422,1
0,52.2204628,1
0,52.28283691,1
0,52.31375504,1
0,52.37861252,1
0,52.38937759,1
0,52.43498611,1
0,52.43774796,1
0,52.51070786,1
0,52.52381516,1
0,52.57752991,1
0,52.58370209,1
0,52.63339996,1
0,52.71673965,1
0,52.76146698,1
0,52.817173,1
0,52.83863449,1
0,52.89148331,1
0,53.02800751,1
0,53.05331802,1
0,53.20321274,1
0,53.2688942,1
0,53.36174774,1
0,53.39177322,1
0,53.44691086,1
0,53.47073746,1
0,53.47898483,1
0,53.49432373,1
0,53.54199219,1
0,53.64793396,1
0,53.65230942,1
0,53.65935516,1
0,53.7037468,1
0,53.79885101,1
0,53.81335068,1
0,53.87450027,1
0,53.88825607,1
0,53.93154907,1
0,53.95177078,1
0,53.97691727,1
0,54.01644897,1
0,54.11994553,1
0,54.15893173,1
0,54.17641068,1
0,54.27727127,1
0,54.45291138,1
0,54.46308899,1
0,54.46706009,1
0,54.73223114,1
0,54.74660873,1
0,54.7814064,1
0,54.78528595,1
0,54.89417648,1
0,54.93704605,1
0,55.06002045,1
0,55.10122299,1
0,55.12834167,1
0,55.13096237,1
0,55.13709259,1
0,55.20861816,1
0,55.23193741,1
0,55.2417717,1
0,55.24670029,1
0,55.25319672,1
0,55.31620789,1
0,55.36938095,1
0,55.41464233,1
0,55.42868805,1
0,55.48424911,1
0,55.49053955,1
0,55.50489426,1
0,55.51630783,1
0,55.57045746,1
0,55.81930923,1
0,56.08234024,1
0,56.29299927,1
0,56.31786728,1
0,56.4647522,1
0,56.48832321,1
0,56.53850174,1
0,56.54084015,1
0,56.58387375,1
0,56.65569305,1
0,56.67908859,1
0,56.69840622,1
0,56.75756836,1
0,56.83811188,1
0,56.91226578,1
0,56.91522598,1
0,56.9526329,1
0,57.09690857,1
0,57.11391449,1
0,57.19013977,1
0,57.24720383,1
0,57.26652908,1
0,57.30833817,1
0,57.42888641,1
0,57.51425934,1
0,57.54515076,1
0,57.57282639,1
0,57.63051987,1
0,57.65879822,1
0,57.67702103,1
0,57.69429016,1
0,57.72096252,1
0,57.73244476,1
0,57.86166382,1
0,57.86472702,1
0,57.99204636,1
0,57.99495697,1
0,58.03427505,1
0,58.03750992,1
0,58.14411545,1
0,58.2110405,1
0,58.26896667,1
0,58.31223679,1
0,58.3470726,1
0,58.36135101,1
0,58.40505219,1
0,58.48552322,1
0,58.54235458,1
0,58.54544067,1
0,58.56562805,1
0,58.58142471,1
0,58.59684372,1
0,58.62013245,1
0,58.62184906,1
0,58.62440491,1
0,58.6517868,1
0,58.73083115,1
0,58.77045822,1
0,58.83479309,1
0,58.89644623,1
0,58.97597504,1
0,59.05677414,1
0,59.06114578,1
0,59.10421371,1
0,59.15827942,1
0,59.212677,1
0,59.2410965,1
0,59.24271011,1
0,59.45546341,1
0,59.46320343,1
0,59.53246307,1
0,59.53453445,1
0,59.55413818,1
0,59.67436218,1
0,59.71004868,1
0,59.74464035,1
0,59.80679703,1
0,59.98638535,1
0,60.01750946,1
0,60.03019714,1
0,60.05138016,1
0,60.060215,1
0,60.07037735,1
0,60.12094498,1
0,60.15497971,1
0,60.16928482,1
0,60.22742844,1
0,60.36632919,1
0,60.46195602,1
0,60.63865662,1
0,60.6718483,1
0,60.71170044,1
0,60.78707504,1
0,60.79059601,1
0,60.79116058,1
0,60.86595154,1
0,61.04241943,1
0,61.08166504,1
0,61.16133881,1
0,61.26591873,1
0,61.30356216,1
0,61.3781395,1
0,61.38589478,1
0,61.41777802,1
0,61.48292923,1
0,61.48800659,1
0,61.50162888,1
0,61.53185654,1
0,61.5563736,1
0,61.6017952,1
0,61.70362091,1
0,61.79627991,1
0,61.82068253,1
0,62.01926804,1
0,62.02599716,1
0,62.05233002,1
0,62.10836411,1
0,62.12480927,1
0,62.37950134,1
0,62.49276733,1
0,62.50827026,1
0,62.57658005,1
0,62.57992172,1
0,62.70653534,1
0,62.75470352,1
0,62.79828262,1
0,62.83904266,1
0,62.96705627,1
0,62.98802567,1
0,63.01783371,1
0,63.34626007,1
0,63.41698456,1
0,63.42144394,1
0,63.5656395,1
0,63.63877487,1
0,63.68567657,1
0,63.6991806,1
0,63.80830383,1
0,63.87298584,1
0,63.87957764,1
0,63.8856926,1
0,63.89405441,1
0,63.92337418,1
0,64.00143433,1
0,64.1730957,1
0,64.25737762,1
0,64.26703644,1
0,64.29737854,1
0,64.32072449,1
0,64.33650208,1
0,64.39794922,1
0,64.41226959,1
0,64.53781128,1
0,64.54936981,1
0,64.66429901,1
0,64.67883301,1
0,64.74063873,1
0,64.75332642,1
0,64.80158234,1
0,64.83296967,1
0,64.85670471,1
0,64.89172363,1
0,64.93318939,1
0,65.08265686,1
0,65.10699463,1
0,65.14320374,1
0,65.19245911,1
0,65.31067657,1
0,65.47966003,1
0,65.64872742,1
0,65.65306854,1
0,65.68928528,1
0,65.70954132,1
0,65.78417206,1
0,65.81572723,1
0,65.91255188,1
0,65.94820404,1
0,65.99691772,1
0,66.07790375,1
0,66.13829803,1
0,66.2868042,1
0,66.28756714,1
0,66.44656372,1
0,66.45545959,1
0,66.63063812,1
0,66.64758301,1
0,66.70487213,1
0,66.73503113,1
0,66.74920654,1
0,66.7742157,1
0,66.99299622,1
0,67.30052185,1
0,67.33490753,1
0,67.37753296,1
0,67.50883484,1
0,67.52326202,1
0,67.53209686,1
0,67.60938263,1
0,67.64087677,1
0,67.65216064,1
0,67.70594025,1
0,67.71009064,1
0,67.71869659,1
0,67.77462769,1
0,67.92003632,1
0,68.02859497,1
0,68.08314514,1
0,68.14872742,1
0,68.23171234,1
0,68.3476944,1
0,68.38868713,1
0,68.39857483,1
0,68.41757965,1
0,68.46218872,1
0,68.59120941,1
0,68.60938263,1
0,68.7072525,1
0,68.72589874,1
0,68.96248627,1
0,69.01010132,1
0,69.12268829,1
0,69.12380219,1
0,69.14910126,1
0,69.15776062,1
0,69.20516968,1
0,69.27253723,1
0,69.33251953,1
0,69.43063354,1
0,69.56071472,1
0,69.59455872,1
0,69.78191376,1
0,69.81861877,1
0,69.82720184,1
0,69.90763855,1
0,69.92494202,1
0,70.07507324,1
0,70.09101105,1
0,70.23133087,1
0,70.25050354,1
0,70.43305206,1
0,70.45931244,1
0,70.49214935,1
0,70.60606384,1
0,70.63446045,1
0,70.70587158,1
0,70.81867218,1
0,70.88998413,1
0,71.00707245,1
0,71.05297852,1
0,71.10861969,1
0,71.21364594,1
0,71.26761627,1
0,71.26938629,1
0,71.48446655,1
0,71.49665833,1
0,71.62615204,1
0,71.77013397,1
0,71.92735291,1
0,71.9400177,1
0,71.96837616,1
0,72.00737,1
0,72.15271759,1
0,72.4666748,1
0,72.52346039,1
0,72.74478149,1
0,72.81667328,1
0,72.86824799,1
0,72.92979431,1
0,73.11849976,1
0,73.32741547,1
0,73.43769073,1
0,73.45152283,1
0,73.5556488,1
0,73.58230591,1
0,73.67788696,1
0,73.82125092,1
0,73.83139801,1
0,73.98227692,1
0,74.1232605,1
0,74.25269318,1
0,74.33036804,1
0,74.40610504,1
0,74.52506256,1
0,74.74514008,1
0,74.82185364,1
0,74.83666229,1
0,75.02950287,1
0,75.08816528,1
0,75.13803864,1
0,75.27389526,1
0,75.27893829,1
0,75.40765381,1
0,75.53146362,1
0,75.56004333,1
0,75.63092804,1
0,75.67762756,1
0,75.6873703,1
0,75.76465607,1
0,75.79720306,1
0,76.03015137,1
0,76.0482254,1
0,76.15795898,1
0,76.28557587,1
0,76.35253143,1
0,76.38166809,1
0,76.4755249,1
0,76.56118011,1
0,76.6258316,1
0,76.69498444,1
0,76.73066711,1
0,76.78691101,1
0,76.94431305,1
0,76.95327759,1
0,77.03309631,1
0,77.10907745,1
0,77.31039429,1
0,77.69514465,1
0,77.78433228,1
0,77.8394165,1
0,77.8673172,1
0,77.89017487,1
0,77.89915466,1
0,78.51277161,1
0,78.57941437,1
0,78.58615875,1
0,78.67777252,1
0,78.67826843,1
0,78.70404816,1
0,78.76551056,1
0,78.86846924,1
0,78.91040802,1
0,79.32148743,1
0,79.56046295,1
0,79.69128418,1
0,79.89154816,1
0,79.91426086,1
0,79.97702789,1
0,79.99002075,1
0,79.99897766,1
0,80.0291214,1
0,80.05115509,1
0,80.08289337,1
0,80.42973328,1
0,80.74947357,1
0,80.83576202,1
0,80.98414612,1
0,81.04225922,1
0,81.08010101,1
0,81.09922028,1
0,81.20555115,1
0,81.24108887,1
0,81.29293823,1
0,81.37330627,1
0,81.59371185,1
0,81.82983398,1
0,81.89691925,1
0,82.06128693,1
0,82.10751343,1
0,82.18603516,1
0,82.3269043,1
0,82.36871338,1
0,82.67764282,1
0,82.74651337,1
0,83.03643799,1
0,83.10501099,1
0,83.41570282,1
0,83.53627014,1
0,83.56890106,1
0,83.95641327,1
0,83.98066711,1
0,84.3741684,1
0,84.63411713,1
0,84.63787079,1
0,84.73474884,1
0,84.73856354,1
0,84.74736023,1
0,84.92441559,1
0,85.32304382,1
0,85.44248199,1
0,85.53011322,1
0,85.55548859,1
0,85.87342834,1
0,86.24364471,1
0,86.28804016,1
0,86.28987885,1
0,86.58974457,1
0,86.9300766,1
0,86.97445679,1
0,87.09566498,1
0,87.21716309,1
0,87.22234344,1
0,87.40298462,1
0,87.95500183,1
0,88.03623962,1
0,88.06874847,1
0,88.09120178,1
0,88.09340668,1
0,88.24464417,1
0,88.54669952,1
0,88.58588409,1
0,88.59732819,1
0,88.6085968,1
0,89.02856445,1
0,89.08112335,1
0,89.16736603,1
0,89.40970612,1
0,89.86338043,1
0,90.47407532,1
0,90.63443756,1
0,90.94276428,1
0,91.14888763,1
0,91.26065063,1
0,91.47370148,1
0,91.69113922,1
0,92.52606201,1
0,92.5362854,1
0,92.75631714,1
0,92.78239441,1
0,93.03942871,1
0,93.11972046,1
0,93.31467438,1
0,93.35573578,1
0,93.69280243,1
0,93.73777008,1
0,93.83796692,1
0,94.2121582,1
0,94.29576874,1
0,94.49819946,1
0,94.56784821,1
0,94.56903839,1
0,94.74028778,1
0,94.7991333,1
0,94.87271118,1
0,94.9596405,1
0,95.04020691,1
0,95.18352509,1
0,95.48757172,1
0,95.82536316,1
0,95.89029694,1
0,95.93650818,1
0,96.34378815,1
0,96.46907043,1
0,96.59435272,1
0,96.79888153,1
0,97.04027557,1
0,97.23591614,1
0,97.30912781,1
0,97.39613342,1
0,97.67642212,1
0,97.68847656,1
0,97.70770264,1
0,97.9362793,1
0,98.18728638,1
0,98.18819427,1
0,98.30558777,1
0,98.42539978,1
0,98.43530273,1
0,98.73722839,1
0,98.81642151,1
0,98.83378601,1
0,99.26629639,1
0,99.560112,1
0,99.56248474,1
0,99.76651001,1
0,100.0988922,1
0,100.2327042,1
0,100.44133,1
0,100.7590714,1
0,100.8845901,1
0,101.1521683,1
0,101.5303802,1
0,101.6177826,1
0,101.8635254,1
0,102.1200943,1
0,102.592804,1
0,102.6319656,1
0,103.2653885,1
0,103.7538757,1
0,103.7644424,1
0,103.8018112,1
0,103.8018112,1
0,103.952858,1
0,104.0617447,1
0,104.1049576,1
0,104.2018433,1
0,104.2388687,1
0,104.341011,1
0,104.4137268,1
0,104.471138,1
0,104.5550232,1
0,104.6407089,1
0,104.9255066,1
0,105.4884872,1
0,105.6187592,1
0,105.9857483,1
0,106.1221313,1
0,106.1329575,1
0,106.3980103,1
0,106.6048889,1
0,106.6844559,1
0,106.7159805,1
0,106.732933,1
0,107.1068192,1
0,107.2490234,1
0,107.2798615,1
0,107.4974594,1
0,107.5905075,1
0,107.6833649,1
0,107.7254486,1
0,107.8818588,1
0,108.1226501,1
0,108.2262573,1
0,108.5501022,1
0,108.6025162,1
0,108.7132111,1
0,108.7299576,1
0,108.8037949,1
0,108.8741684,1
0,109.0295868,1
0,109.125412,1
0,109.1881027,1
0,109.1926193,1
0,109.4632034,1
0,109.6271591,1
0,109.7892838,1
0,109.9604874,1
0,110.0071793,1
0,110.0758438,1
0,110.1782837,1
0,110.2109299,1
0,110.2901764,1
0,110.3060303,1
0,110.5159531,1
0,110.9139862,1
0,111.1243896,1
0,111.2724533,1
0,111.7077179,1
0,111.7719955,1
0,111.9038315,1
0,111.977478,1
0,112.0386353,1
0,112.2760315,1
0,112.4430008,1
0,112.6517792,1
0,113.0714493,1
0,113.5742798,1
0,113.7087402,1
0,113.8222122,1
0,114.2208328,1
0,114.5455704,1
0,114.7743607,1
0,114.8366165,1
0,115.0303879,1
0,115.189621,1
0,115.3783722,1
0,115.4043732,1
0,115.6607361,1
0,116.0076675,1
0,116.2448273,1
0,116.4520798,1
0,116.4530334,1
0,116.6142654,1
0,116.7416458,1
0,116.7972183,1
0,116.7982254,1
0,116.8039322,1
0,116.8619614,1
0,117.1458282,1
0,117.1862946,1
0,117.2364807,1
0,117.3108063,1
0,117.4554901,1
0,117.5671997,1
0,117.954567,1
0,118.1557312,1
0,118.226738,1
0,118.4203568,1
0,118.5077209,1
0,118.9626389,1
0,119.0257416,1
0,119.2694321,1
0,119.3348541,1
0,119.3507156,1
0,119.8759613,1
0,120.0610504,1
0,120.1583405,1
0,120.2097931,1
0,120.2121658,1
0,120.626152,1
0,120.9699402,1
0,121.2487717,1
0,121.4079742,1
0,121.4512711,1
0,121.5373001,1
0,121.5420303,1
0,121.5453644,1
0,121.6445084,1
0,121.7454987,1
0,121.7538376,1
0,121.8666382,1
0,121.8796921,1
0,122.0398636,1
0,122.1170197,1
0,122.3744812,1
0,122.3910141,1
0,122.5797806,1
0,122.5933228,1
0,123.1421814,1
0,123.2645187,1
0,123.483429,1
0,123.4893265,1
0,124.0194321,1
0,124.1109848,1
0,124.2985382,1
0,124.7781754,1
0,125.0538101,1
0,125.0796432,1
0,125.1075363,1
0,125.1401901,1
0,125.3660202,1
0,125.4670258,1
0,125.5716858,1
0,125.9194794,1
0,126.1365662,1
0,126.1548538,1
0,126.211998,1
0,126.2605515,1
0,126.4338989,1
0,126.5856476,1
0,126.6878052,1
0,126.7211914,1
0,127.5373459,1
0,127.7463608,1
0,127.951355,1
0,128.2605286,1
0,128.3404541,1
0,128.3884125,1
0,128.4300079,1
0,128.4719086,1
0,128.5613708,1
0,128.5939941,1
0,128.6697235,1
0,128.8798828,1
0,128.9980164,1
0,129.0803223,1
0,129.1235962,1
0,129.3963928,1
0,129.5038452,1
0,129.5924377,1
0,130.0735474,1
0,130.1788483,1
0,130.8788757,1
0,130.9014893,1
0,130.9433746,1
0,131.2758789,1
0,131.3887939,1
0,131.4116974,1
0,131.4508667,1
0,131.4560394,1
0,131.6582794,1
0,131.7017517,1
0,132.0485992,1
0,132.1671448,1
0,132.232254,1
0,132.4207306,1
0,132.5854492,1
0,132.6076355,1
0,133.1578522,1
0,133.3894501,1
0,133.5635834,1
0,133.6495209,1
0,133.7152863,1
0,133.7355804,1
0,133.9479675,1
0,133.9539032,1
0,134.0140381,1
0,134.0213165,1
0,134.1236267,1
0,134.2675171,1
0,134.2737427,1
0,134.3020782,1
0,134.4796906,1
0,134.4963531,1
0,134.6726685,1
0,134.6807861,1
0,134.8394623,1
0,135.1715393,1
0,135.1943054,1
0,135.4801483,1
0,135.5669861,1
0,135.5965424,1
0,135.6938477,1
0,135.7441254,1
0,136.1059418,1
0,136.6696777,1
0,136.6965485,1
0,136.8791199,1
0,137.0659637,1
0,137.2459412,1
0,137.3817902,1
0,137.4097443,1
0,137.6203003,1
0,137.8343964,1
0,138.1796875,1
0,138.2829285,1
0,138.3310699,1
0,138.4796295,1
0,138.7389374,1
0,139.1425934,1
0,139.167923,1
0,139.2155457,1
0,139.2335052,1
0,139.3396606,1
0,139.4247894,1
0,139.448822,1
0,139.57547,1
0,139.60466,1
0,139.7115784,1
0,139.7937317,1
0,139.7975311,1
0,140.1034393,1
0,140.2792969,1
0,140.3061066,1
0,140.4573975,1
0,140.5177002,1
0,140.5692749,1
0,140.7285614,1
0,140.8061676,1
0,141.0218964,1
0,141.1292114,1
0,141.2001495,1
0,141.2051086,1
0,141.2976379,1
0,141.5320587,1
0,141.7229309,1
0,141.7865295,1
0,141.952652,1
0,142.0227661,1
0,142.1986847,1
0,142.5267334,1
0,142.5286255,1
0,142.529892,1
0,142.5539246,1
0,142.644516,1
0,142.7769318,1
0,142.9597473,1
0,143.0385437,1
0,143.0688934,1
0,143.210022,1
0,143.3513794,1
0,143.3548737,1
0,143.5157318,1
0,143.6645355,1
0,143.7040253,1
0,143.7548981,1
0,143.8240967,1
0,143.8405914,1
0,143.969223,1
0,143.996521,1
0,144.0947571,1
0,144.1024017,1
0,144.2499084,1
0,144.2778931,1
0,144.3822479,1
0,144.7746887,1
0,144.8132477,1
0,144.8766327,1
0,144.997879,1
0,145.0573425,1
0,145.089859,1
0,145.1400909,1
0,145.309967,1
0,145.3920593,1
0,145.4852753,1
0,145.5153961,1
0,145.5714417,1
0,145.5898438,1
0,145.6811066,1
0,145.8932037,1
0,146.0019531,1
0,146.188797,1
0,146.3237457,1
0,146.4205017,1
0,146.4771881,1
0,146.5082092,1
0,146.8673706,1
0,147.0506134,1
0,147.1238861,1
0,147.2088776,1
0,147.2542572,1
0,147.2724915,1
0,147.2886353,1
0,147.392395,1
0,147.5287781,1
0,147.5728149,1
0,147.575943,1
0,147.8131104,1
0,147.8404388,1
0,148.0975189,1
0,148.1646881,1
0,148.2140808,1
0,148.2997131,1
0,148.4856567,1
0,148.6619415,1
0,148.8874664,1
0,148.944458,1
0,149.0267487,1
0,149.1174622,1
0,149.1422272,1
0,149.3269958,1
0,149.4278717,1
0,149.4519501,1
0,149.4681244,1
0,149.5187378,1
0,149.5652161,1
0,149.5783691,1
0,149.6615753,1
0,149.862381,1
0,149.9994812,1
0,150.2659912,1
0,150.361908,1
0,150.4112244,1
0,150.4145966,1
0,150.4262543,1
0,150.4542847,1
0,150.536087,1
0,150.6024933,1
0,150.8669128,1
0,150.8774109,1
0,150.9214172,1
0,150.9375458,1
0,151.2198029,1
0,151.3074951,1
0,151.444519,1
0,151.7067871,1
0,151.7215729,1
0,151.8016663,1
0,151.9589539,1
0,152.1889648,1
0,152.5049744,1
0,152.625,1
0,152.7508545,1
0,152.7782288,1
0,152.8713226,1
0,153.0095367,1
0,153.0290527,1
0,153.3270721,1
0,153.4141235,1
0,153.4730988,1
0,153.5882874,1
0,153.5926971,1
0,153.7513428,1
0,153.7663574,1
0,154.0078278,1
0,154.6447144,1
0,154.8973389,1
0,155.167038,1
0,155.2171478,1
0,155.2697449,1
0,155.3769073,1
0,155.392746,1
0,155.4326324,1
0,155.4338837,1
0,155.4579315,1
0,155.5694275,1
0,155.6895752,1
0,155.7048187,1
0,155.714035,1
0,156.1714172,1
0,156.3719635,1
0,156.5517731,1
0,156.6699982,1
0,156.6963348,1
0,156.7891235,1
0,156.8340759,1
0,156.9582825,1
0,157.7496033,1
0,158.1063843,1
0,158.7028961,1
0,158.906189,1
0,159.190155,1
0,159.3102264,1
0,159.703476,1
0,160.5800476,1
0,160.8291016,1
0,160.8320465,1
0,160.9055023,1
0,161.0841827,1
0,161.4504089,1
0,161.9706726,1
0,162.0939178,1
0,162.1417389,1
0,162.5712433,1
0,163.4725342,1
0,164.3080139,1
0,164.6758575,1
0,165.2702789,1
0,165.3988647,1
0,165.6786957,1
0,165.7649384,1
0,165.8509827,1
0,165.8687439,1
0,165.8763733,1
0,165.9342499,1
0,166.2199097,1
0,166.6171722,1
0,167.3312225,1
0,167.3912659,1
0,167.4582977,1
0,167.5160065,1
0,167.6131439,1
0,167.6767578,1
0,167.831604,1
0,168.6335907,1
0,168.8795166,1
0,168.8983154,1
0,168.9077301,1
0,169.2435455,1
0,169.3014984,1
0,169.3101807,1
0,169.3363495,1
0,169.3583221,1
0,169.4990234,1
0,169.690979,1
0,169.8841858,1
0,170.3316956,1
0,170.3721008,1
0,170.4076996,1
0,170.4716949,1
0,171.2484589,1
0,171.8201141,1
0,171.8807678,1
0,172.0259857,1
0,172.0386505,1
0,172.2044067,1
0,172.6965942,1
0,173.0092316,1
0,173.1581421,1
0,173.4194183,1
0,173.4377136,1
0,173.5220795,1
0,173.6055298,1
0,173.6348114,1
0,174.2407379,1
0,174.5190125,1
0,175.2089691,1
0,175.4096222,1
0,175.9066772,1
0,176.0678253,1
0,176.5966492,1
0,176.8241119,1
0,177.0450287,1
0,177.7817993,1
0,177.7948456,1
0,178.0328827,1
0,178.2636414,1
0,178.2828827,1
0,178.2898407,1
0,178.4998627,1
0,178.6225128,1
0,179.0236969,1
0,179.0600891,1
0,179.2438354,1
0,179.3576813,1
0,179.4676514,1
0,179.8585205,1
0,179.9041138,1
0,179.9310913,1
0,179.9880981,1
0,180.4575806,1
0,181.0327606,1
0,181.5097656,1
0,181.6068573,1
0,181.6111603,1
0,181.6788025,1
0,181.9521942,1
0,182.046463,1
0,182.3052521,1
0,182.7169342,1
0,183.0247955,1
0,183.2411957,1
0,183.473175,1
0,183.5842896,1
0,183.7695313,1
0,183.7721863,1
0,183.7989807,1
0,183.9094849,1
0,184.2476959,1
0,184.5288086,1
0,185.5659332,1
0,185.6741943,1
0,185.9338074,1
0,186.043396,1
0,186.2364502,1
0,186.3169098,1
0,186.8031158,1
0,187.3594208,1
0,187.6673279,1
0,187.675293,1
0,187.927597,1
0,188.0792847,1
0,188.4133301,1
0,188.5929718,1
0,188.7611389,1
0,189.2315826,1
0,189.6312256,1
0,190.3950195,1
0,190.4638214,1
0,190.7091675,1
0,190.748291,1
0,190.859314,1
0,190.8808441,1
0,191.0555878,1
0,191.1923828,1
0,191.3813019,1
0,191.5751495,1
0,191.9501495,1
0,192.0164032,1
0,192.0510864,1
0,192.1584778,1
0,192.2031403,1
0,192.3742523,1
0,192.8387146,1
0,192.9484558,1
0,193.1727295,1
0,193.177475,1
0,193.7114563,1
0,194.0388031,1
0,194.1157379,1
0,194.6036987,1
0,194.7397308,1
0,194.741333,1
0,194.8799286,1
0,195.2498779,1
0,195.6593628,1
0,196.1500549,1
0,196.3206177,1
0,196.4527435,1
0,197.0244598,1
0,197.9439697,1
0,198.4256897,1
0,199.046875,1
0,199.1157684,1
0,199.9947968,1
0,200.0413666,1
0,200.6925201,1
0,200.7803345,1
0,200.8105927,1
0,201.3984833,1
0,201.5843506,1
0,201.6656494,1
0,202.0450745,1
0,202.1486969,1
0,202.3264618,1
0,202.3448181,1
0,202.5401459,1
0,202.7013855,1
0,202.8424225,1
0,203.1718597,1
0,203.426651,1
0,203.5939178,1
0,203.7390442,1
0,204.3254089,1
0,204.7315674,1
0,204.9408417,1
0,205.0430908,1
0,205.3560028,1
0,205.6133575,1
0,205.615036,1
0,206.5341034,1
0,206.5798035,1
0,206.682785,1
0,206.9207458,1
0,207.4235687,1
0,207.5901947,1
0,207.6062164,1
0,207.6966705,1
0,207.7000732,1
0,207.9685516,1
0,208.4402618,1
0,209.4485931,1
0,209.4974518,1
0,210.5129395,1
0,210.8356171,1
0,210.8775482,1
0,212.1358795,1
0,212.7139587,1
0,212.7144928,1
0,212.8575287,1
0,213.3227081,1
0,214.508667,1
0,214.9904175,1
0,215.6414642,1
0,215.6579132,1
0,215.9186707,1
0,216.32724,1
0,216.3583679,1
0,216.4844666,1
0,216.69133,1
0,217.3891296,1
0,217.8359222,1
0,217.9435883,1
0,218.0368805,1
0,218.2984009,1
0,218.5232849,1
0,218.530426,1
0,219.6759186,1
0,219.7610321,1
0,220.1684113,1
0,220.8347168,1
0,221.2832794,1
0,221.7277527,1
0,222.0259247,1
0,222.1814423,1
0,222.2774506,1
0,223.3277283,1
0,224.6073608,1
0,226.0951843,1
0,228.0936432,1
0,228.2873077,1
0,229.5071869,1
0,229.5421906,1
0,229.9138031,1
0,231.1133423,1
0,233.696106,1
0,233.736557,1
0,234.0708313,1
0,237.7444305,1
0,238.1694946,1
0,239.2062683,1
0,239.6660614,1
0,240.9531403,1
0,243.3944092,1
0,245.6714783,1
0,248.2710571,1
0,249.0499115,1
0,253.2109985,1
0,255.2965393,1
0,255.4384003,1
0,256.7192383,1
0,257.563446,1
0,259.4991455,1
0,260.1681519,1
0,260.6949463,1
0,263.5874329,1
0,264.2989807,1
0,264.7514954,1
0,264.7641907,1
0,265.1732788,1
0,265.3029785,1
0,266.3514404,1
0,267.0112305,1
0,268.1003113,1
0,268.9054565,1
0,272.4485779,1
0,273.627655,1
0,273.9297791,1
0,276.2514954,1
0,282.8995667,1
0,286.3117676,1
0,286.7289429,1
0,287.1930542,1
0,288.7040405,1
0,291.3847656,1
0,295.1443176,1
0,298.9638367,1
0,300.4285583,1
0,300.9319153,1
0,301.5169678,1
0,301.6920166,1
0,302.9095459,1
0,303.3591309,1
0,303.7145996,1
0,304.0933838,1
0,304.1160889,1
0,305.0323181,1
0,305.9308167,1
0,306.0180359,1
0,306.7420959,1
0,307.1658936,1
0,307.6437378,1
0,307.9161377,1
0,308.0939331,1
0,308.1451416,1
0,308.2078857,1
0,308.6766357,1
0,308.707489,1
0,309.2038269,1
0,309.6030579,1
0,309.6192932,1
0,309.9953613,1
0,309.9988708,1
0,310.1240234,1
0,310.308136,1
0,310.4841003,1
0,310.9491882,1
0,310.9654541,1
0,311.3657532,1
0,311.4595337,1
0,311.8935547,1
0,312.5540771,1
0,312.5813599,1
0,313.3630371,1
0,313.3853149,1
0,313.430481,1
0,313.6414795,1
0,313.8219604,1
0,313.8992004,1
0,313.9115601,1
0,314.1705017,1
0,314.3995361,1
0,314.4631042,1
0,314.6896057,1
0,314.8226013,1
0,315.0418396,1
0,315.311676,1
0,315.3991089,1
0,315.4761047,1
0,316.0259705,1
0,316.0481262,1
0,316.2185059,1
0,316.3050537,1
0,316.3161011,1
0,316.379364,1
0,316.4508667,1
0,316.5853882,1
0,317.0029602,1
0,317.2582397,1
0,317.3492126,1
0,317.4243774,1
0,317.4413452,1
0,317.5526428,1
0,317.7395325,1
0,317.8214417,1
0,317.8956909,1
0,318.1603088,1
0,318.1706543,1
0,318.2000427,1
0,318.2130737,1
0,318.4371033,1
0,318.5523682,1
0,318.643158,1
0,318.7609253,1
0,318.9028625,1
0,318.92276,1
0,319.0915833,1
0,319.5006714,1
0,319.5445557,1
0,320.2375183,1
0,320.5645752,1
0,320.7173157,1
0,320.8366089,1
0,320.9327393,1
0,320.9519043,1
0,321.3433838,1
0,321.7975159,1
0,322.0357056,1
0,322.0708923,1
0,322.1143799,1
0,322.186554,1
0,322.4752197,1
0,322.6068726,1
0,322.6176147,1
0,322.7337952,1
0,322.8540344,1
0,322.8955383,1
0,323.4116211,1
0,323.4270325,1
0,323.8123169,1
0,323.9049988,1
0,323.9196777,1
0,324.1997375,1
0,324.3729553,1
0,324.4478149,1
0,324.925354,1
0,324.9996033,1
0,325.0227966,1
0,325.397522,1
0,325.4577637,1
0,325.8078003,1
0,326.0509949,1
0,326.0519714,1
0,326.2333374,1
0,326.358429,1
0,326.365387,1
0,326.3916016,1
0,326.4005737,1
0,326.4930725,1
0,326.5083008,1
0,326.5386963,1
0,326.6035156,1
0,326.6064453,1
0,326.6924133,1
0,326.7318115,1
0,326.8046875,1
0,326.9081116,1
0,326.9288025,1
0,327.1436157,1
0,327.2361145,1
0,327.3514709,1
0,327.6020203,1
0,327.7962646,1
0,327.9543457,1
0,328.3739319,1
0,328.432373,1
0,328.5050049,1
0,328.571991,1
0,328.6401978,1
0,328.656311,1
0,328.8442078,1
0,329.1237793,1
0,329.1893311,1
0,329.3210449,1
0,329.3746643,1
0,329.4292603,1
0,329.612854,1
0,330.1028137,1
0,330.2640686,1
0,330.2854919,1
0,330.8491821,1
0,330.90979,1
0,330.9144287,1
0,330.9863281,1
0,331.043335,1
0,331.205719,1
0,331.6502075,1
0,331.8553162,1
0,332.466095,1
0,332.4794006,1
0,332.5930176,1
0,332.7159119,1
0,332.7713318,1
0,332.7924194,1
0,333.7458191,1
0,334.9319763,1
0,334.9880676,1
0,335.1820984,1
0,335.8108826,1
0,335.9648438,1
0,336.8374023,1
0,336.8786621,1
0,337.1829224,1
0,337.5661316,1
0,337.5714417,1
0,338.2528687,1
0,339.736084,1
0,340.033844,1
0,340.7557373,1
0,341.10672,1
0,341.1473694,1
0,341.4274902,1
0,341.6739197,1
0,341.7089233,1
0,342.1724243,1
0,342.3197327,1
0,342.5971375,1
0,342.8892517,1
0,343.2676086,1
0,343.8429871,1
0,346.2964783,1
0,347.3150635,1
0,348.6148682,1
0,349.4973145,1
0,350.4080505,1
0,350.567749,1
0,350.7728271,1
0,350.8413696,1
0,352.4147034,1
0,352.7420654,1
0,352.818634,1
0,354.1020508,1
0,354.4537964,1
0,354.5750732,1
0,355.8667297,1
0,357.0391846,1
0,357.0438538,1
0,359.334198,1
0,359.6709595,1
0,360.4359741,1
0,361.1413269,1
0,361.5111084,1
0,361.8612976,1
0,362.20401,1
0,364.5009766,1
0,366.0421448,1
0,366.1575623,1
0,367.0585327,1
0,367.1727905,1
0,367.944397,1
0,368.9831848,1
0,370.333374,1
0,370.447052,1
0,370.9326172,1
0,372.3806458,1
0,373.0638123,1
0,374.1239624,1
0,374.4692078,1
0,376.1448975,1
0,376.2932129,1
0,376.4225769,1
0,378.0912781,1
0,378.1135864,1
0,381.3049011,1
0,386.4807434,1
0,387.4888306,1
0,388.9204102,1
0,391.8686218,1
0,398.3743896,1
0,399.4044189,1
0,403.5139771,1
0,411.2095337,1
0,421.0927124,1
0,431.5443726,1
1,5.94575119,1
1,14.01436615,1
1,2.880932093,3
1,30.42778397,1
1,18.6243,3
1,28.37771416,3
1,35.37203979,1
1,14.95770359,7
1,12.89490795,2
1,5.923093796,4
1,19.46509552,4
1,11.51009655,2
1,10.77259827,2
1,0.964288652,3
1,12.02358723,1
1,9.615699768,1
1,11.98783398,2
1,5.340226173,1
1,3.001754522,1
1,5.95626545,1
1,3.464985609,1
1,6.015174866,1
1,1.699677825,1
1,6.839969158,1
1,19.99461937,2
1,12.50467968,1
1,4.059240818,1
1,8.321995735,1
1,40.56200409,1
1,31.9493351,1
1,0,2
1,37.41984177,1
1,8.783352852,2
1,6.574694633,1
1,5.036135674,2
1,127.4064865,1
1,13.67534828,1
1,10.14701271,1
1,17.70985031,1
1,104.9193878,1
1,14.30327129,1
1,1.7983464,1
1,21.18044281,1
1,9.318770409,1
1,5.691574097,1
1,36.75082397,1
1,1.7496351,1
1,33.14770508,1
1,48.72239304,1
1,2.99363184,1
1,5.556460381,3
1,0.140944123,1
1,25.51702118,1
1,13.65651798,1
1,4.71614027,1
1,41.41858292,1
1,5.699658871,1
1,1.847711205,2
1,23.68963242,1
1,2.514461994,1
1,11.30809975,1
1,22.04626274,1
1,10.41910076,1
1,11.44606686,1
1,10.94977093,1
1,77.00754547,1
1,33.1633873,1
1,9.070494652,1
1,2.925858259,1
1,17.74822807,1
1,10.4851141,1
1,0.238103837,1
1,5.06947422,1
1,5.373039246,1
1,3.218015671,1
1,27.06287575,1
1,13.77993107,1
1,0.965551496,1
1,29.29504585,2
1,56.28301239,1
1,23.13944626,1
1,16.64061928,1
1,23.52527428,1
1,69.4270401,1
1,0.33185491,1
1,10.39613819,1
1,9.903265953,1
1,48.88766098,1
1,16.11118507,1
1,30.0621109,1
1,0,2
1,2.147338152,8
1,70.02977753,1
1,19.03652382,1
1,33.77119827,2
1,54.59434509,2
1,20.33395195,1
1,19.11042404,3
1,9.162107468,1
1,4.281908035,1
1,21.93334007,1
1,6.93260622,1
1,0,1
1,3.711908102,1
1,8.151815414,1
1,17.42339134,1
1,23.71770287,1
1,29.56641388,1
1,11.18100739,1
1,40.31732941,1
1,17.87513733,1
1,5.69181776,3
1,45.55931091,1
1,80.22110748,1
1,10.84692955,1
1,1.241803288,1
1,10.09584141,2
1,16.66415596,2
1,133.6243439,2
1,48.99223328,2
1,12.024827,1
1,8.333927155,3
1,38.15875626,2
1,8.526524544,1
1,30.97354507,1
1,16.4443512,1
1,10.60960197,1
1,108.5798798,1
1,24.17807388,1
1,35.07496262,45
1,15.26940727,1
1,3.650636435,2
1,23.58762741,1
1,12.50348377,1
1,102.6493454,1
1,8.86149025,2
1,31.83379936,1
1,6.354538918,1
1,46.03890228,1
1,2.815615654,1
1,86.08370972,1
1,6.983038425,1
1,27.70745468,1
1,7.194306374,1
1,15.87266731,1
1,7.546916962,1
1,11.58315849,1
1,27.11434364,1
1,29.9668026,1
1,141.7418823,1
1,1.425994873,1
1,8.954848289,1
1,13.83212757,1
1,68.31098175,1
1,63.19507217,1
1,9.578499794,1
1,206.7560577,1
1,9.761475563,1
1,60.18406296,1
1,23.55402756,1
1,15.42479038,1
1,4.068581581,1
1,4.008926868,1
1,32.72701645,1
1,58.74156189,1
1,15.11567497,1
1,131.3748016,1
1,5.010760784,1
1,4.359261036,1
1,14.19375801,1
1,5.79763031,1
1,7.488652229,1
1,8.588510513,1
1,6.66134119,1
1,31.21737289,1
1,0.253814429,3
1,8.257237434,2
1,4.250118732,30
1,2.265981197,1
1,7.473935127,40
1,6.071662426,2
1,3.798411131,1
1,2.651499271,4
1,5.986053944,4
1,6.839947224,1
1,29.51514053,1
1,5.237690926,1
1,0.572811067,1
1,4.495335102,3
1,22.96307945,3
1,26.11182404,1
1,1.002656102,2
1,4.105796337,1
1,2.111441612,1
1,13.10762215,1
1,5.794010639,1
1,2.437025785,1
1,22.5383358,1
1,5.130443096,1
1,4.431706905,1
1,10.24880981,10
1,9.883601189,1
1,4.630235195,1
1,7.609552383,3
1,0.646203816,1
1,6.845346928,1
1,0,1
1,22.95291328,1
1,3.303462982,1
1,9.539465904,2
1,6.803325176,1
1,18.9146862,1
1,16.54690552,1
1,2.18060112,1
1,15.7979908,1
1,5.007849216,5
1,2.053146839,2
1,9.851365089,1
1,5.583536148,1
1,3.939192057,1
1,20.79481888,2
1,1.308444977,1
1,20.23129654,1
1,1.770562172,1
1,0.850275278,1
1,3.58425808,2
1,7.628936291,1
1,3.687964678,1
1,27.02796364,1
1,11.2824955,1
1,4.889746666,1
1,5.833570004,2
1,0.374519318,7
1,5.865942001,1
1,4.195123672,1
1,32.42258072,2
1,6.507069111,2
1,11.08331203,1
1,7.424080372,1
1,17.15470314,2
1,0.668027639,1
1,2.26053524,2
1,8.075626373,1
1,11.73775768,1
1,4.816393852,3
1,2.228492737,2
1,3.477415323,25
1,4.489264488,1
1,5.391222954,1
1,33.46963882,1
1,1.277110577,1
1,26.28150368,1
1,64.07756805,1
1,16.37724304,1
1,69.88939667,1
1,23.94514656,1
1,1.069907188,1
1,11.54856396,1
1,58.72932434,1
1,63.14901733,2
1,15.98617077,1
1,10.58644009,1
1,3.349087238,1
1,12.82467461,1
1,3.19314599,1
1,2.941655874,1
1,3.337940216,1
1,0.541482091,1
1,7.037742138,1
1,0.500371575,1
1,17.38875961,3
1,15.27690697,8
1,29.58644676,4
1,50.76494217,10
1,15.24455166,2
1,19.4861927,1
1,42.39756393,2
1,15.25693035,3
1,13.52930641,1
1,11.98223972,1
1,6.873544216,4
1,10.2214632,1
1,3.325429678,1
1,2.601961851,1
1,225.0962524,2
1,2.159322023,1
1,40.28214264,1
1,32.51070404,1
1,68.22488403,1
1,42.60188675,1
1,42.91575241,1
1,92.08590698,2
1,71.6127243,2
1,110.7712555,4
1,30.30518913,1
1,47.82872009,2
1,203.5130157,1
1,246.0747375,1
1,27.75207901,1
1,50.21772003,1
1,3.027957201,1
1,5.76411438,1
1,0,1
1,5.584952831,1
1,5.007261276,1
1,1.245017052,1
1,12.65683079,1
1,7.371414185,1
1,11.90298176,1
1,10.89956474,1
1,16.35074425,1
1,20.53776932,2
1,21.09312248,1
1,4.67517519,1
1,9.505825996,1
1,24.87944603,1
1,71.18185425,1
1,27.53693008,1
1,5.461202621,2
1,67.44477081,1
1,17.11022949,1
1,14.8662281,1
1,8.439857483,1
1,10.87945747,1
1,2.961005449,1
1,40.41654205,2
1,6.119195461,1
1,0,1
1,10.89802361,10
1,0.999214172,1
1,80.21385956,27
1,5.290506363,1
1,9.853833199,1
1,87.4493866,1
1,4.891469955,1
1,10.88372898,1
1,11.91278839,2
1,32.52947617,1
1,8.28782177,1
1,27.30039597,1
1,11.66305542,2
1,6.82075882,1
1,0,1
1,52.83816147,1
1,128.4540253,5
1,26.9875927,2
1,59.99921799,1
1,110.8803635,1
1,2.12422204,1
1,42.12789536,1
1,5.782543182,1
1,17.03261375,1
1,2.671445608,1
1,26.44813728,130
1,14.30715466,1
1,57.93059921,1
1,70.49214935,1
1,13.93712616,1
1,12.69479561,1
1,3.014597893,1
1,3.222008944,1
1,32.28572464,1
1,9.275790215,1
1,3.907951832,2
1,8.987882614,3
1,41.69654465,1
1,12.77269745,1
1,15.68346405,4
1,6.292407036,1
1,14.80070496,1
1,38.87812424,5
1,5.76144743,1
1,10.53591442,6
1,37.9336319,1
1,3.773873091,1
1,11.47820187,1
1,59.50693512,4
1,1.100258112,1
1,17.00723076,1
1,2.220847607,7
1,3.917259932,1
1,26.98565102,1
1,5.583510876,1
1,0.4087587,1
1,5.423317432,1
1,30.90974426,1
1,21.21440506,1
1,29.27401924,40
1,5.873479843,12
1,3.383744001,1
1,0.004205298,1
1,11.38611794,2
1,9.55744648,1
1,9.925426483,1
1,11.31443024,2
1,6.876784325,1
1,0.379105628,1
1,6.431007385,1
1,6.217725277,1
1,5.521296501,2
1,10.33694458,6
1,3.063459396,1
1,58.0160408,3
1,5.015227318,22
1,4.353699207,1
1,32.02205276,1
1,0,1
1,4.871332169,2
1,4.794218063,1
1,6.309455395,1
1,5.13125515,2
1,6.09154129,2
1,5.869946003,1
1,0.942736089,1
1,0.594285131,1
1,1.316821575,2
1,1.658923745,1
1,0.666977704,2
1,8.571266174,2
1,9.199457169,1
1,10.55561733,1
1,2.88881731,1
1,12.6743269,1
1,12.43622494,2
1,12.24283504,1
1,10.11866665,2
1,15.57077026,1
1,1.016989946,2
1,5.210906982,1
1,13.72872162,3
1,8.471216202,4
1,3.618682623,2
1,8.212636948,1
1,21.36822701,3
1,6.201604366,3
1,24.49816322,1
1,0.636493742,1
1,2.066092014,2
1,3.60921216,1
1,0,1
1,9.144000053,1
1,7.654484272,2
1,15.29129791,1
1,5.30207634,2
1,1.719308615,1
1,3.267977953,3
1,11.44657612,1
1,1.3686167,1
1,4.080016613,1
1,9.111063957,1
1,0.569911301,1
1,45.46622467,1
1,0,1
1,8.220352173,1
1,5.601119995,1
1,22.28687286,1
1,12.23949528,2
1,5.434412479,1
1,27.11660957,1
1,27.86215782,1
1,43.34466934,1
1,121.9648438,1
1,11.88518238,1
1,3.785066366,1
1,26.4246769,4
1,24.05065346,1
1,3.262692451,0
1,11.1624527,10
1,23.44494629,87
1,8.474420547,1
1,19.56811333,1
1,0,3
1,17.73462486,1
1,4.976293087,1
1,55.77198029,1
1,42.39226151,1
1,18.46113586,1
1,22.29360962,1
1,100.3534393,2
1,19.79118919,3
1,93.33136749,1
1,26.50476837,2
1,33.11508179,1
1,29.61591721,7
1,14.36935997,1
1,31.49520111,1
1,19.92928696,1
1,12.13921452,1
1,10.58070087,1
1,4.317002296,2
1,6.971898556,1
1,21.96521759,1
1,3.205958366,1
1,2.121811867,4
1,12.52550888,6
1,97.95761871,6
1,19.25832367,2
1,21.49647903,4
1,13.81055832,2
1,50.5919342,4
1,10.44904709,35
1,16.82600212,1
1,39.84116364,1
1,30.51007652,1
1,30.89198875,1
1,18.40708923,1
1,44.69061661,4
1,8.969637871,1
1,31.61795998,1
1,3.68231988,5
1,20.75447464,2
1,4.760776043,1
1,17.69586372,1
1,45.7624855,1
1,42.47533798,1
1,4.133379459,11
1,4.445559978,1
1,9.696889877,1
1,30.79156303,1
1,2.958953381,1
1,2.144503355,38
1,7.05447197,1
1,16.96133232,1
1,2.074199438,1
1,10.91760159,2
1,11.52922058,1
1,2.944319487,2
1,7.258579731,1
1,0.147039413,7
1,6.638365746,1
1,4.070580006,1
1,0,2
1,7.992230892,1
1,1.443045616,1
1,20.8923378,1
1,12.96692467,1
1,0.033111136,1
1,18.32747459,1
1,13.23003864,1
1,29.33049583,1
1,33.72447205,1
1,6.56823349,1
1,3.809589863,1
1,13.76162434,1
1,23.15516853,1
1,5.231625557,1
1,2.643839121,10
1,4.67065382,1
1,45.60283279,1
1,43.29496765,1
1,11.23806477,1
1,45.08496475,1
1,0.796841919,1
1,8.876159668,1
1,4.794557571,13
1,0,1
1,1.615146637,1
1,2.018456697,1
1,11.97394371,2
1,5.578785896,1
1,4.412446022,1
1,0,2
1,12.8918705,1
1,0.596889138,8
1,2.089130163,1
1,6.430134296,2
1,1.354023814,1
1,0.324412525,40
1,8.074588776,1
1,28.9199543,2
1,15.22487736,1
1,5.02025795,8
1,6.23245573,1
1,10.29285526,3
1,16.05778694,5
1,16.16118813,2
1,30.92279053,1
1,16.17371941,1
1,7.422359467,1
1,9.609886169,2
1,4.52595377,2
1,3.863059282,1
1,4.124709129,1
1,13.1842804,1
1,9.927379608,1
1,6.488801479,1
1,4.58366251,1
1,4.796995163,1
1,2.902417898,1
1,5.166971684,1
1,1.848061085,1
1,6.457363605,1
1,3.073768616,1
1,7.402005196,3
1,5.008065224,1
1,5.857961655,1
1,5.506949902,1
1,1.433345914,89
1,1.773040414,1
1,0.555136919,1
1,13.96285534,1
1,13.36672783,1
1,2.334827423,1
1,4.039849758,1
1,3.229203463,1
1,3.309306383,2
1,3.294325829,2
1,2.048476219,1
1,11.86835575,1
1,58.9749794,1
1,11.74754715,
1,0.92649889,
1,33.04417419,
1,13.56310463,
1,8.995373726,
1,19.19585037,1
1,21.63679314,1
1,7.199299812,1
1,8.839766502,1
1,24.88035202,2
1,24.87479782,70
1,3.977042675,1
1,35.82322693,1
1,13.40208626,1
1,36.55204391,2
1,39.01248169,1
1,67.39496613,1
1,82.53631592,1
1,24.29437637,1
1,56.56193924,1
1,100.368042,1
1,23.62865829,1
1,102.3047943,1
1,30.91905785,1
1,30.99243736,1
1,13.4942503,1
1,19.79104424,6
1,35.40814209,11
1,62.84857178,1
1,94.67504883,1
1,9.902690887,1
1,36.04660034,1
1,76.8242569,1
1,39.52457047,1
1,30.47110748,1
1,9.468729019,1
1,15.33029079,1
1,68.80125427,1
1,16.60810661,1
1,19.73829842,2
1,7.235558033,2
1,0,2
1,1.669399023,3
1,160.611969,1
1,22.63560295,1
1,29.77254105,1
1,6.548525333,1
1,0,3
1,1.125391245,1
1,1.868556499,1
1,2.389568329,1
1,22.20366096,1
1,25.28701401,15
1,17.628685,1
1,0.978155077,1
1,7.710177422,1
1,4.443210602,1
1,9.130661011,1
1,0.293808728,1
1,1.395192146,1
1,1.475941777,1
1,11.64173698,1
1,15.16078663,1
1,11.98125362,1
1,12.63254452,1
1,31.01214027,1
1,53.8547554,1
1,11.48022938,1
1,5.61506176,1
1,7.083086491,1
1,4.49104929,32
1,36.20861816,1
1,8.810387611,1
1,13.6225071,2
1,22.27901077,1
1,11.12030029,1
1,13.7025013,2
1,22.17076302,2
1,49.52324677,1
1,15.52264214,1
1,3.150060415,5
1,7.038713455,1
1,2.3390131,1
1,2.093941927,1
1,0,1
1,6.42216444,1
1,0,1
1,2.93281126,1
1,10.99042702,1
1,5.922728539,1
1,16.49043846,1
1,7.212418079,1
1,30.94285011,1
1,5.191941261,1
1,0.792600393,8
1,10.24673462,1
1,4.370480537,4
1,3.933633327,2
1,12.68453217,70
1,8.640314102,1
1,1.493355989,2
1,10.70970058,1
1,4.764846802,1
1,6.471270561,1
1,7.657073021,1
1,2.058143377,1
1,8.002389908,1
1,0.256225318,2
1,16.77143478,2
1,8.08609581,1
1,2.982410192,1
1,4.573099613,2
1,9.482649803,1
1,18.85573196,1
1,18.07942009,1
1,8.271393776,30
1,4.075707436,110
1,6.100984573,1
1,40.74787903,1
1,21.06836319,1
1,32.18146515,1
1,0.353728771,1
1,8.731621742,2
1,25.94628525,1
1,8.028137207,2
1,0.060370058,1
1,10.96175766,25
1,2.148388863,2
1,5.204514027,1
1,5.264582634,2
1,4.764812946,1
1,4.322419643,1
1,6.908289909,20
1,22.28561974,1
1,38.81281662,1
1,25.5804348,1
1,12.79671383,16
1,2.688106298,1
1,8.211380959,1
1,4.648644924,1
1,0.530300379,12
1,1.439506769,2
1,1.282371163,1
1,8.794844627,1
1,32.20950699,20
1,15.78322887,2
1,4.556045055,1
1,14.42057514,9
1,7.032625198,1
1,4.496091843,1
1,39.56838608,1
1,1.387953401,2
1,8.137606621,1
1,17.47367859,1
1,9.19200325,1
1,0,1
1,1.858524919,1
1,5.675899029,1
1,2.678447962,1
1,72.01153564,1
1,26.58334351,1
1,27.00579453,1
1,0.331355423,1
1,5.640833378,1
1,6.554281235,1
1,3.989031076,1
1,1.65354085,1
1,0,1
1,2.564282894,1
1,1.892711997,1
1,0.663772047,1
1,3.446562529,1
1,0.321880728,1
1,2.57192874,6
1,9.384451866,5
1,2.18708539,3
1,4.295500278,11
1,6.57869339,1
1,4.49542284,1
1,4.027413368,23
1,23.32950974,2
1,8.215859413,1
1,0.761786461,1
1,8.034485817,45
1,1.055452347,3
1,8.627804756,1
1,12.79638481,12
1,4.676646233,1
1,0.723523617,1
1,2.979148626,1
1,2.543171167,1
1,0.006341049,1
1,0.29253459,1
1,4.753668308,1
1,8.664042473,1
1,0.549369335,14
1,3.95949626,2
1,0,1
1,0.777520835,1
1,3.150292635,1
1,10.62615871,1
1,0,1
1,1.590343237,1
1,2.089984179,4
1,6.280902863,1
1,2.89158535,3
1,3.564602137,1
1,1.061640501,1
1,1.463652253,1
1,6.015707493,1
1,23.06917763,1
1,0.108188294,1
1,3.048199177,1
1,22.65051651,1
1,31.27389717,1
1,0,1
1,3.961875439,1
1,0,1
1,8.713326454,1
1,62.97619247,1
1,31.83591652,1
1,3.062754869,7
1,4.064042091,4
1,1.036855221,1
1,9.000782013,1
1,11.35625935,1
1,25.31780052,1
1,0.186936691,1
1,29.68784332,1
1,0.988283157,34
1,0.901019812,2
1,17.93956184,1
1,8.219344139,1
1,11.71911335,1
1,3.41123271,1
1,7.470540524,1
1,4.726139545,1
1,0.364036709,1
1,4.637472153,1
1,9.558506012,1
1,5.75275135,198
1,2.607678413,2
1,2.654808521,1
1,6.97341156,1
1,23.41551399,4
1,25.81803513,3
1,8.15827179,1
1,1.230891109,1
1,19.53141022,1
1,18.51587296,1
1,38.40812302,1
1,0.718879163,1
1,53.2195015,1
1,54.19933319,1
1,2.678447962,1
1,39.29259491,2
1,8.741980553,1
1,40.26397324,1
1,20.33671761,1
1,1.68319118,1
1,7.865281105,1
1,18.99125099,1
1,12.5208807,1
1,10.62875175,1
1,6.482017517,1
1,8.367215157,1
1,36.90363693,1
1,3.698695898,1
1,5.487090588,1
1,22.96717834,1
1,37.66814423,1
1,22.59019279,1
1,16.80556297,1
1,48.2322731,1
1,5.101052761,1
1,32.74652863,1
1,3.607667446,1
1,0,1
1,50.84988403,7
1,21.79132462,1
1,36.51889038,1
1,4.739434242,1
1,35.67889786,1
1,13.70328331,1
1,10.31188679,1
1,5.655272007,1
1,30.54083443,1
1,15.15920162,2
1,15.56631947,1
1,4.973640919,1
1,0.96516335,32
1,0,1
1,18.04465675,3
1,4.864253521,4
1,60.7118721,1
1,8.138150215,1
1,4.687413692,5
1,0.048123822,6
1,0,2
1,9.669218063,1
1,6.926544189,1
1,9.526246071,2
1,15.87591648,1
1,16.94597244,1
1,17.57105637,1
1,33.69403458,1
1,19.79654121,1
1,0.477640182,2
1,51.24068832,1
1,17.77611732,1
1,17.32890701,1
1,1.071524382,3
1,13.32135773,1
1,2.655855894,1
1,237.610733,3
1,7.575853348,1
1,36.92588806,1
1,10.51852512,1
1,7.843554974,1
1,16.23323822,2
1,20.88182449,2
1,7.978539467,1
1,8.676357269,2
1,5.919348717,1
1,13.72020149,2
1,19.11204529,1
1,6.41346693,2
1,3.930521011,3
1,12.03213215,1
1,1.039836287,1
1,19.20314026,1
1,0,1
1,3.611314774,2
1,14.70135593,3
1,5.784553528,4
1,11.11044598,1
1,26.47703552,1
1,2.916204929,1
1,2.124768496,1
1,0.181238294,1
1,0,1
1,13.86009121,1
1,3.306369305,3
1,2.069750071,1
1,8.283108711,1
1,13.70627785,1
1,1.138547659,2
1,9.965895653,32
1,34.0485878,1
1,0.624074638,4
1,3.311782598,1
1,15.65616894,1
1,0,21
1,0,1
1,3.266470671,1
1,2.564345837,5
1,2.877094746,3
1,8.318194389,1
1,1.038077712,1
1,4.25253582,1
1,13.13572025,1
1,3.816148758,1
1,4.316490173,1
1,0,2
1,0,2
1,0.351220429,38
1,24.18593788,1
1,21.19551468,1
1,8.860624313,1
1,24.46193695,2
1,3.390526772,3
1,14.06655979,1
1,3.818347454,1
1,0.017050402,7
1,9.916863441,2
1,8.593501091,1
1,1.398123145,9
1,7.491401672,1
1,9.081450462,1
1,4.976632118,1
1,0.072971046,3
1,0.94679755,1
1,2.070463181,1
1,1.115341306,115
1,3.230847836,1
1,4.114337921,1
1,4.217328548,1
1,1.244395137,1
1,0,1
1,5.578329563,1
1,42.19607162,1
1,5.642754078,1
1,7.299335957,2
1,5.861055374,1
1,22.70432091,1
1,4.844293594,1
1,11.93319416,1
1,133.0869904,1
1,13.68365192,1
1,25.40699577,1
1,2.900977135,32
1,5.380864143,1
1,12.07052612,1
1,6.958147049,1
1,24.04434776,1
1,12.45032978,3
1,8.568968773,1
1,16.51325989,1
1,11.76937294,1
1,8.400893211,1
1,9.463829994,1
1,2.151134729,2
1,32.64430237,1
1,13.36118221,2
1,16.26482391,1
1,44.11342239,1
1,22.80431557,1
1,19.79506874,1
1,29.29111671,1
1,6.816135406,3
1,52.04584503,1
1,23.53754425,2
1,5.867663383,1
1,38.43884659,1
1,5.633514881,1
1,3.68231988,16
1,51.90768814,157
1,1.911303759,1
1,23.63636208,2
1,5.658893585,1
1,6.064783096,1
1,44.59901047,1
1,48.60642242,1
1,9.449309349,1
1,20.82274818,1
1,7.355009079,2
1,101.5168228,1
1,10.21641827,3
1,5.412158012,1
1,10.65752316,1
1,21.72455406,1
1,5.848446846,19
1,4.191155434,2
1,17.85361862,2
1,0.488365352,1
1,7.182421207,2
1,12.67299271,5
1,12.90149403,2
1,8.661886215,2
1,4.578858852,3
1,3.205759525,6
1,7.416017532,1
1,7.212970257,1
1,13.16797447,1
1,21.99995232,1
1,17.71466255,1
1,1.876947403,1
1,5.532809734,2
1,2.044782162,1
1,7.776408672,2
1,7.586175442,6
1,3.80146575,6
1,1.359006524,15
1,3.999094725,11
1,6.768339634,12
1,3.737401009,4
1,5.007630825,1
1,3.110600471,2
1,2.749669313,1
1,4.435661316,1
1,7.034646511,1
1,7.443144321,70
1,7.793575764,1
1,3.863269806,3
1,10.51017761,1
1,1.635276318,3
1,4.788688183,1
1,7.852111816,2
1,11.68918037,1
1,26.10110092,1
1,24.15631485,1
1,1.073225975,1
1,19.11185265,1
1,2.465598345,1
1,11.56735134,1
1,3.30128026,4
1,16.93551826,1
1,4.60045433,19
1,22.1495285,2
1,10.69341278,1
1,6.534153938,35
1,5.193991184,1
1,10.387187,1
1,8.745716095,2
1,2.811483383,34
1,21.35384941,2
1,4.715484619,1
1,13.12906265,1
1,5.859494686,2
1,7.730832577,1
1,0,1
1,6.244771957,1
1,5.822108746,1
1,1.94090867,1
1,0,1
1,6.547318935,2
1,5.191123962,1
1,8.441083908,1
1,8.018295288,3
1,6.402226925,2
1,9.759508133,1
