Lam,br1,br2,wr1,wr2,fs1,fs2,ms1,ms2,Gf,Gm
0.952,0,0.98,0,0.5,0.75,0.85,0.73,0.83,0.257739278,0.249742153
0.962,0,0.98,0,0.510699344,0.761803185,0.852583978,0.78,0.844704752,0.257779618,0.275534531
0.97,0,0.98,0,0.533323856,0.764935314,0.859925025,0.73933549,0.838599337,0.257961749,0.247907467
0.971,0,0.98,0,0.540208325,0.763925964,0.859683691,0.775818181,0.852723252,0.257405804,0.262031974
0.971,0,0.98,0,0.56990952,0.75855864,0.857206136,0.775431941,0.844259941,0.255118203,0.261689546
0.976,0,0.98,0,0.534233171,0.780353349,0.860475882,0.766447787,0.856353112,0.262213548,0.256830932
0.976,0,0.98,0,0.544662691,0.785415353,0.856626615,0.810223601,0.86833835,0.264125548,0.27360128
0.977,0,0.98,0,0.529442068,0.776563066,0.86481063,0.743749966,0.836367324,0.260245662,0.247469857
0.978,0,0.98,0,0.538928176,0.764907703,0.868730631,0.776971226,0.832452309,0.255425228,0.260093333
0.979,0,0.98,0,0.541988719,0.756088039,0.872059328,0.751558458,0.851891708,0.251860238,0.250092531
0.979,0,0.98,0,0.601424195,0.776194601,0.853174668,0.752667024,0.859691687,0.259713296,0.250579917
0.98,0,0.98,0,0.525198704,0.786230621,0.864988288,0.751928835,0.83800943,0.263166233,0.24989341
0.98,0,0.98,0,0.571840139,0.780308814,0.858827164,0.747539336,0.854248433,0.260809386,0.248097878
0.98,0,0.98,0,0.533533037,0.76842873,0.869956154,0.773897889,0.851006242,0.256383898,0.258498278
0.982,0,0.98,0,0.612631922,0.768349947,0.85886671,0.75315761,0.84724463,0.255576468,0.249681091
0.982,0,0.98,0,0.563223459,0.767025436,0.868220877,0.767658907,0.843519469,0.255053914,0.255298907
0.982,0,0.98,0,0.561664448,0.779097012,0.863368641,0.817156163,0.881595444,0.259793356,0.274276139
0.983,0,0.98,0,0.626494063,0.761529101,0.860455898,0.759889684,0.864935267,0.252656068,0.252020244
0.983,0,0.98,0,0.515963473,0.772427078,0.875039813,0.774466262,0.873643689,0.257069844,0.257855901
0.983,0,0.98,0,0.582501324,0.776344891,0.862134847,0.771526644,0.846389487,0.258358556,0.256502531
0.984,0,0.98,0,0.531274543,0.802952302,0.862331787,0.751313601,0.869550837,0.26822392,0.248378878
0.984,0,0.98,0,0.5351492,0.819688109,0.853947062,0.733516846,0.873688284,0.274746583,0.241613758
0.985,0,0.98,0,0.58617968,0.783459401,0.860498775,0.840891764,0.897516037,0.260588224,0.282237962
0.985,0,0.98,0,0.545083996,0.769240961,0.874016568,0.748551274,0.852390514,0.255048931,0.247027495
0.985,0,0.98,0,0.608613953,0.774364423,0.86056446,0.741447581,0.838276752,0.257011912,0.244244323
0.985,0,0.98,0,0.605854752,0.777159581,0.859907858,0.745296338,0.867111919,0.258079529,0.245741192
0.986,0,0.98,0,0.521216188,0.787377116,0.87251207,0.749711762,0.857271231,0.261755242,0.247231188
0.986,0,0.98,0,0.609296146,0.771048735,0.862467275,0.779688703,0.850565746,0.255577781,0.25889853
0.986,0,0.98,0,0.562852485,0.805971003,0.85747291,0.755579907,0.838476332,0.268676592,0.249373628
0.987,0,0.98,0,0.561636935,0.779997097,0.869546643,0.75113743,0.859788684,0.258480394,0.247345168
0.987,0,0.98,0,0.518834839,0.761634298,0.883588825,0.777274736,0.865385492,0.251600673,0.257626019
0.988,0,0.98,0,0.516051747,0.792765832,0.87362347,0.790678138,0.846697318,0.263253117,0.262458567
0.988,0,0.98,0,0.558180752,0.770165581,0.875169057,0.745196848,0.847374925,0.254426261,0.244760047
0.988,0,0.98,0,0.590183281,0.784515778,0.863600798,0.769840194,0.847002024,0.259911734,0.254285911
0.988,0,0.98,0,0.564069281,0.784094335,0.867964244,0.758905355,0.853426171,0.259917778,0.250230469
0.989,0,0.98,0,0.538772067,0.782166099,0.875074167,0.762973246,0.878372318,0.258772078,0.25140085
0.989,0,0.98,0,0.537192916,0.771538186,0.878584574,0.761549618,0.845084458,0.254916103,0.251066422
0.989,0,0.98,0,0.585596345,0.778339734,0.867224501,0.860453223,0.873485761,0.257492503,0.288255137
0.99,0,0.98,0,0.558716787,0.769086784,0.877037466,0.787409818,0.864395284,0.253622654,0.260637505
0.99,0,0.98,0,0.571324696,0.791040886,0.866448986,0.748836229,0.835229439,0.261888995,0.24566789
0.99,0,0.98,0,0.572870743,0.793688156,0.864807222,0.746891927,0.86255269,0.262959937,0.244975183
0.991,0,0.98,0,0.556180635,0.784327725,0.872935585,0.767371112,0.896660543,0.259099136,0.252604165
0.991,0,0.98,0,0.57262438,0.793967108,0.866450534,0.776857098,0.85914596,0.262633637,0.256113824
0.991,0,0.98,0,0.549942945,0.776961661,0.876633403,0.75156735,0.85277174,0.256374066,0.246588624
0.992,0,0.98,0,0.546106415,0.806107746,0.867548466,0.782171783,0.849479209,0.266997318,0.257922165
0.993,0,0.98,0,0.546295443,0.766576777,0.884091603,0.743842795,0.852674885,0.251683877,0.242897805
0.994,0,0.98,0,0.626798709,0.794390404,0.859096996,0.775599968,0.905177698,0.262036502,0.254885509
0.994,0,0.98,0,0.578914432,0.812324947,0.861252671,0.788900813,0.892092297,0.268617607,0.259778964
0.994,0,0.98,0,0.597544944,0.769491875,0.874936647,0.760457139,0.874530517,0.252546315,0.249073053
0.994,0,0.98,0,0.666355969,0.767740709,0.8634453,0.79796339,0.862779834,0.251966354,0.263482685
0.994,0,0.98,0,0.65934652,0.768223264,0.865122426,0.744120479,0.839478841,0.251980331,0.242676341
0.994,0,0.98,0,0.619876108,0.782200713,0.866312817,0.787055051,0.847960482,0.257242085,0.259089248
0.994,0,0.98,0,0.52801548,0.78460958,0.882153286,0.75652278,0.849203607,0.258184958,0.247420711
0.994,0,0.98,0,0.573740473,0.819849281,0.858405723,0.750043006,0.865332376,0.271604637,0.245042783
0.995,0,0.98,0,0.564583182,0.770247947,0.882088941,0.776712742,0.852949336,0.252427876,0.25490057
0.996,0,0.98,0,0.517110544,0.797395032,0.88105029,0.746612101,0.834139445,0.262608199,0.24317789
0.996,0,0.98,0,0.615479948,0.778499345,0.87062352,0.775379218,0.859245133,0.255347899,0.254157139
0.996,0,0.98,0,0.60669936,0.781407176,0.871427355,0.785886028,0.875023892,0.256342966,0.258046067
0.997,0,0.98,0,0.546510451,0.802767317,0.874518262,0.761497105,0.877698408,0.264294031,0.24859396
0.997,0,0.98,0,0.633750546,0.776455113,0.870045887,0.800159677,0.857604655,0.254128821,0.263114959
0.998,0,0.98,0,0.619448148,0.773950804,0.874123465,0.783169634,0.884340529,0.253048252,0.256559558
0.999,0,0.98,0,0.570894951,0.817725533,0.866099369,0.795980701,0.850397557,0.269243396,0.261086964
0.999,0,0.98,0,0.66047298,0.758651559,0.874860523,0.749061999,0.845789594,0.24689471,0.243200234
0.999,0,0.98,0,0.56479364,0.784544368,0.880532904,0.781238163,0.84281582,0.256850969,0.255595026
0.999,0,0.98,0,0.612562844,0.775200016,0.876297563,0.790069445,0.851166897,0.25315793,0.258805546
0.999,0,0.98,0,0.601342969,0.781992951,0.875712258,0.765122878,0.848385388,0.255682516,0.249246658
0.999,0,0.98,0,0.584516317,0.806528547,0.868451667,0.77817121,0.890797434,0.264975934,0.254259674
1,0,0.98,0,0.586442751,0.781685397,0.879223837,0.795052376,0.841633611,0.255393654,0.260453456
1,0,0.98,0,0.607390143,0.800234079,0.867980151,0.772360365,0.874967654,0.26230538,0.25174552
1,0,0.98,0,0.54340185,0.791279691,0.884034669,0.760968554,0.856554353,0.25886141,0.247320935
1.001,0,0.98,0,0.657232947,0.793838838,0.862345068,0.815440688,0.867602893,0.259703757,0.26780716
1.001,0,0.98,0,0.591651033,0.795519696,0.873278957,0.774164155,0.84736179,0.260447454,0.252352248
1.002,0,0.98,0,0.589893102,0.768040767,0.886365067,0.796680045,0.839633222,0.249640547,0.260501848
1.002,0,0.98,0,0.559431774,0.80907908,0.875120725,0.845096357,0.861271299,0.265226222,0.278569563
1.002,0,0.98,0,0.572403856,0.787007621,0.88268154,0.779388387,0.84576083,0.256654651,0.253767386
1.002,0,0.98,0,0.556134312,0.768908119,0.891882979,0.759602748,0.889959314,0.249980567,0.246419846
1.002,0,0.98,0,0.558505567,0.75883303,0.895524409,0.769428436,0.882155973,0.246067016,0.250121104
1.003,0,0.98,0,0.585810824,0.761365555,0.891010501,0.747115488,0.84289042,0.24676686,0.241292095
1.003,0,0.98,0,0.587936302,0.779139322,0.883088776,0.781850533,0.85044494,0.253659919,0.254688683
1.003,0,0.98,0,0.689788422,0.770079161,0.870472945,0.774566189,0.855065366,0.249937784,0.251646274
1.004,0,0.98,0,0.659099518,0.805587731,0.860663546,0.78860703,0.853805151,0.263136217,0.256753352
1.004,0,0.98,0,0.573844792,0.819649734,0.871214634,0.788705622,0.874956606,0.268323097,0.256735679
1.005,0,0.98,0,0.596683387,0.824966908,0.86458945,0.767222838,0.853904669,0.270228132,0.248518989
1.005,0,0.98,0,0.586250659,0.791395323,0.881175612,0.801292282,0.843968999,0.257608881,0.261329063
1.005,0,0.98,0,0.653616962,0.776043244,0.875503443,0.798457574,0.86752579,0.251836649,0.26030154
1.005,0,0.98,0,0.566102448,0.849739631,0.860397,0.765290454,0.838851073,0.279283873,0.247729438
1.005,0,0.98,0,0.676649309,0.808121834,0.857198422,0.810986747,0.868738871,0.263843696,0.264913133
1.006,0,0.98,0,0.590868979,0.834712161,0.863057277,0.75719631,0.84818242,0.2734372,0.24431725
1.006,0,0.98,0,0.656064711,0.77459033,0.877303252,0.745008568,0.849276963,0.250899562,0.239587055
1.006,0,0.98,0,0.606940484,0.778547075,0.884028601,0.779334407,0.868969085,0.252433425,0.252731786
1.006,0,0.98,0,0.60746705,0.816712611,0.868315047,0.805777784,0.845369987,0.266605624,0.262530825
1.008,0,0.98,0,0.670199294,0.79801409,0.866628138,0.83124453,0.876908521,0.259190298,0.271540751
1.009,0,0.98,0,0.593419053,0.810048576,0.877490737,0.79708782,0.87463885,0.263245097,0.258404184
1.009,0,0.98,0,0.596554529,0.790704563,0.884242318,0.773868176,0.870959858,0.256196561,0.249837895
1.009,0,0.98,0,0.589956351,0.790671475,0.885651031,0.760429998,0.85097083,0.256138293,0.244680623
1.009,0,0.98,0,0.519875259,0.810519437,0.89126343,0.761144823,0.865919686,0.263543055,0.244932268
1.01,0,0.98,0,0.579856114,0.78731948,0.89023255,0.804193149,0.853550078,0.254539654,0.260864752
1.01,0,0.98,0,0.607459634,0.773430458,0.891152098,0.817869509,0.861617457,0.249246123,0.265902417
1.01,0,0.98,0,0.612839888,0.80625887,0.875945874,0.807178364,0.87459229,0.261698234,0.262041023
1.01,0,0.98,0,0.63144561,0.81543311,0.868550843,0.815037624,0.889466985,0.265063113,0.264916342
1.011,0,0.98,0,0.599311847,0.780328143,0.890237961,0.902770724,0.888436511,0.251740656,0.296509581
1.011,0,0.98,0,0.600690586,0.806387526,0.879538879,0.78358378,0.85855638,0.261416693,0.252869991
1.012,0,0.98,0,0.63961896,0.814126345,0.870610403,0.799737746,0.868657791,0.263834239,0.258478954
1.012,0,0.98,0,0.558648817,0.835210644,0.876781824,0.752025211,0.863619353,0.271817022,0.240641167
1.012,0,0.98,0,0.595776426,0.798098367,0.885803217,0.757397009,0.862493645,0.257868545,0.242498757
1.012,0,0.98,0,0.57488922,0.815293259,0.882005786,0.781777951,0.895194816,0.264425632,0.251894536
1.013,0,0.98,0,0.633501775,0.804167861,0.876270822,0.769561427,0.856403832,0.26011281,0.247102837
1.014,0,0.98,0,0.515333247,0.785131641,0.907186104,0.771149197,0.867623131,0.252662686,0.247387106
1.014,0,0.98,0,0.555026445,0.811255728,0.890386544,0.755429963,0.834023213,0.262229575,0.241230121
1.014,0,0.98,0,0.6048505,0.81863158,0.87712521,0.797298271,0.888863539,0.265064369,0.257135335
1.014,0,0.98,0,0.604434059,0.819348178,0.877252326,0.776432567,0.861673284,0.265241644,0.24921273
1.015,0,0.98,0,0.630278297,0.817690185,0.874420529,0.860471602,0.896996914,0.264271255,0.279899328
1.015,0,0.98,0,0.61739194,0.799961599,0.883732296,0.806035924,0.889955259,0.257899321,0.260161719
1.015,0,0.98,0,0.562494757,0.818183213,0.887519252,0.748986578,0.847287219,0.264442825,0.238437287
1.016,0,0.98,0,0.614506799,0.787520795,0.89137824,0.74713388,0.861904758,0.252793441,0.237503546
1.016,0,0.98,0,0.613750449,0.798836682,0.88657956,0.823738113,0.866731977,0.257067126,0.266294877
1.016,0,0.98,0,0.631905431,0.819693849,0.87437296,0.794616686,0.839720577,0.264727981,0.255416824
1.017,0,0.98,0,0.629042878,0.804221493,0.882496151,0.772367106,0.870441895,0.258814906,0.246880152
1.017,0,0.98,0,0.76191101,0.790446382,0.865063848,0.786345612,0.910744588,0.253737572,0.252200977
1.018,0,0.98,0,0.56526378,0.811676212,0.893244237,0.769714458,0.84491389,0.261146489,0.245457639
1.018,0,0.98,0,0.675021228,0.79744125,0.878489672,0.808014365,0.885480204,0.255965872,0.259896578
1.018,0,0.98,0,0.611831852,0.807151371,0.885165215,0.82348232,0.856912073,0.259728822,0.265763056
1.019,0,0.98,0,0.62317711,0.801881446,0.887408502,0.772975493,0.874014783,0.257263015,0.246443584
1.019,0,0.98,0,0.577833763,0.828976519,0.884480681,0.772315593,0.867190737,0.267296144,0.246225687
1.019,0,0.98,0,0.540475035,0.814295471,0.898006808,0.767765701,0.83974859,0.261880502,0.244495169
1.019,0,0.98,0,0.621527074,0.830390711,0.87452686,0.771673391,0.85874907,0.267952867,0.246116107
1.019,0,0.98,0,0.620332475,0.804968425,0.886177841,0.763545722,0.897348738,0.258513736,0.242982754
1.019,0,0.98,0,0.680672604,0.797830076,0.878043264,0.76905345,0.862591588,0.255933918,0.245138163
1.019,0,0.98,0,0.628562025,0.797146511,0.887880756,0.793621497,0.889771531,0.2556403,0.254325596
1.019,0,0.98,0,0.643639748,0.794618112,0.886305587,0.780020886,0.890210415,0.254685154,0.249219586
1.02,0,0.98,0,0.641005701,0.798515431,0.886083084,0.798297588,0.876141102,0.255896401,0.255815317
1.02,0,0.98,0,0.558355563,0.782387928,0.907984167,0.818899897,0.851931222,0.249769786,0.263341565
1.02,0,0.98,0,0.75662296,0.780734285,0.875101083,0.873939674,0.910561699,0.249049554,0.283211292
1.02,0,0.98,0,0.679505761,0.793983717,0.882072304,0.823410079,0.860712447,0.25400395,0.264895804
1.02,0,0.98,0,0.67358269,0.821744265,0.870368029,0.819184487,0.864733401,0.264290741,0.263348915
1.02,0,0.98,0,0.626670674,0.832057106,0.874496066,0.805836409,0.910089752,0.268137941,0.25848192
1.02,0,0.98,0,0.649353642,0.803510004,0.882503389,0.788446387,0.882221754,0.257719767,0.252106559
1.02,0,0.98,0,0.576289556,0.824944311,0.887943548,0.831296345,0.865649841,0.265459802,0.26778758
1.021,0,0.98,0,0.604700423,0.828881197,0.881091051,0.783478457,0.854518266,0.266778919,0.249957006
1.021,0,0.98,0,0.622202965,0.796165127,0.891776779,0.794870174,0.882279736,0.254714019,0.254231634
1.021,0,0.98,0,0.625625378,0.832289633,0.876069551,0.79046532,0.892836173,0.267865022,0.252414185
1.022,0,0.98,0,0.619883475,0.783416426,0.898906339,0.80474184,0.88404803,0.24962417,0.257568172
1.022,0,0.98,0,0.674786595,0.811973233,0.876762299,0.771561473,0.864061272,0.26018909,0.24512056
1.022,0,0.98,0,0.58721338,0.807231896,0.895296699,0.805973183,0.881598786,0.258416313,0.257950382
1.022,0,0.98,0,0.586248892,0.834570456,0.883558794,0.787443446,0.888153233,0.268562625,0.251154417
1.023,0,0.98,0,0.664552248,0.820024366,0.875917202,0.813703132,0.884874869,0.262927104,0.260600275
1.023,0,0.98,0,0.571031856,0.795754458,0.90364679,0.798793156,0.887446688,0.25399217,0.255121822
1.023,0,0.98,0,0.621254723,0.772070633,0.904604059,0.777964382,0.85909426,0.245061066,0.24727517
1.024,0,0.98,0,0.618231194,0.801221266,0.893818149,0.801248642,0.862929929,0.255758172,0.255768324
1.024,0,0.98,0,0.53478806,0.817751187,0.903167516,0.789270889,0.867492423,0.261826357,0.251277928
1.024,0,0.98,0,0.676002514,0.779277067,0.893853193,0.823342721,0.882791678,0.247406457,0.263739874
1.024,0,0.98,0,0.665773524,0.792847386,0.8889953,0.792077982,0.901060973,0.252627094,0.252340561
1.024,0,0.98,0,0.57688197,0.827257944,0.891438017,0.821614959,0.855881214,0.265184969,0.263117429
1.025,0,0.98,0,0.583061954,0.847728742,0.881918325,0.809510832,0.873619091,0.272513617,0.25854497
1.025,0,0.98,0,0.782700389,0.780665723,0.876788829,0.735564186,0.901474347,0.247642131,0.230595015
1.025,0,0.98,0,0.683950524,0.81179408,0.87918248,0.831793431,0.878850644,0.259161076,0.266493693
1.026,0,0.98,0,0.639893003,0.824364382,0.882975155,0.831524808,0.899712443,0.263479482,0.266095035
1.026,0,0.98,0,0.652839685,0.806582955,0.887399436,0.804951887,0.882755903,0.257201985,0.256599149
1.026,0,0.98,0,0.623200037,0.823931152,0.886163943,0.823938207,0.873671281,0.26337718,0.263379763
1.026,0,0.98,0,0.670890148,0.804248174,0.885379867,0.817087602,0.901660428,0.256287377,0.261020686
1.027,0,0.98,0,0.607390541,0.79988726,0.899839218,0.759625351,0.840088926,0.254427679,0.239370139
1.027,0,0.98,0,0.594944767,0.812830499,0.897433722,0.765099517,0.857064091,0.259044043,0.241276762
1.027,0,0.98,0,0.643432866,0.80178742,0.893090951,0.761209052,0.853028196,0.254982537,0.239823795
1.027,0,0.98,0,0.619964757,0.811301668,0.893054055,0.815072436,0.878369501,0.258552971,0.259940401
1.027,0,0.98,0,0.605899754,0.838766656,0.883640806,0.752343402,0.875095815,0.268647594,0.236576972
1.028,0,0.98,0,0.662488475,0.83170181,0.877418321,0.799585903,0.890099736,0.265637761,0.253844845
1.028,0,0.98,0,0.65410956,0.821465231,0.883701694,0.768513249,0.867296686,0.261904705,0.242263515
1.029,0,0.98,0,0.5934818,0.799069577,0.905677538,0.812603811,0.866766669,0.253414321,0.258406076
1.029,0,0.98,0,0.663392234,0.799620197,0.893273611,0.810751672,0.880234234,0.253511184,0.257617165
1.029,0,0.98,0,0.663238498,0.831982405,0.878351841,0.770897075,0.884189619,0.265450074,0.242876734
1.029,0,0.98,0,0.552844994,0.875347955,0.882207918,0.75971294,0.852882417,0.28103362,0.238655215
1.029,0,0.98,0,0.662769704,0.812531626,0.887385619,0.793598058,0.875584416,0.258325662,0.251333827
1.03,0,0.98,0,0.636909252,0.808948956,0.894775265,0.843377484,0.888333478,0.256762592,0.269324149
1.03,0,0.98,0,0.64542331,0.845010099,0.877172061,0.764913739,0.837998411,0.269854848,0.240328571
1.03,0,0.98,0,0.662479739,0.825313859,0.882575542,0.7519959,0.868859393,0.262780209,0.235535563
1.03,0,0.98,0,0.684507115,0.806341258,0.887576743,0.766810385,0.879544114,0.255730476,0.241027291
1.031,0,0.98,0,0.616480049,0.843728916,0.884952805,0.798552213,0.862875174,0.269071837,0.252559074
1.031,0,0.98,0,0.683565658,0.836160147,0.875143289,0.797979544,0.871521991,0.266323445,0.252339296
1.031,0,0.98,0,0.5999891,0.813639127,0.901387553,0.782972069,0.889312648,0.258075535,0.246740146
1.031,0,0.98,0,0.676014969,0.816582314,0.885022233,0.790608853,0.854573233,0.259353356,0.249773354
1.032,0,0.98,0,0.583670997,0.855973038,0.887639112,0.765163866,0.877575216,0.27317653,0.239836042
1.032,0,0.98,0,0.656652958,0.815536354,0.890789444,0.776434502,0.885470078,0.258565935,0.244103253
1.032,0,0.98,0,0.694175713,0.808189045,0.886692696,0.784706016,0.855129374,0.256008637,0.247321988
1.032,0,0.98,0,0.652667051,0.838558388,0.880783663,0.812979334,0.881346253,0.267022034,0.257697173
1.032,0,0.98,0,0.632002706,0.805254911,0.900180512,0.796909239,0.877241114,0.254709909,0.251630946
1.033,0,0.98,0,0.591177689,0.827045675,0.898726532,0.784896166,0.867100387,0.262668623,0.247156792
1.033,0,0.98,0,0.616097776,0.856414225,0.881078955,0.83471857,0.899541021,0.273213857,0.265388723
1.034,0,0.98,0,0.617891289,0.810233473,0.902729623,0.828412238,0.901870406,0.256044769,0.262685016
1.034,0,0.98,0,0.680129896,0.812100383,0.890759088,0.853089742,0.888311756,0.256660078,0.271529822
1.035,0,0.98,0,0.70919501,0.847267709,0.868763694,0.751524498,0.930354001,0.269386093,0.234091897
1.035,0,0.98,0,0.59091096,0.883370464,0.876654998,0.823029068,0.89437053,0.282242507,0.260589766
1.035,0,0.98,0,0.5754735,0.811398841,0.911685922,0.811636855,0.889923062,0.256116804,0.256204018
1.036,0,0.98,0,0.566123527,0.829502549,0.906846775,0.829338079,0.878867683,0.262554252,0.26249454
1.036,0,0.98,0,0.672556399,0.800035465,0.899393165,0.865292873,0.892121567,0.251793596,0.275444531
1.036,0,0.98,0,0.623355492,0.826959443,0.896213056,0.786196427,0.883244602,0.261740656,0.246770623
1.036,0,0.98,0,0.758835169,0.829318064,0.870201797,0.820040547,0.903345483,0.262445307,0.259069259
1.037,0,0.98,0,0.665591758,0.815693529,0.895394793,0.784808384,0.894724572,0.257124083,0.24575892
1.037,0,0.98,0,0.645186278,0.802120086,0.904943216,0.773613314,0.872315753,0.252183736,0.241632098
1.037,0,0.98,0,0.622799264,0.802963779,0.908203806,0.822476695,0.875611972,0.252590576,0.259730101
1.037,0,0.98,0,0.643228228,0.826564152,0.894240252,0.792657765,0.874509702,0.261197143,0.248773282
1.037,0,0.98,0,0.633182017,0.83392376,0.893049212,0.814217808,0.873914267,0.263830881,0.256661823
1.037,0,0.98,0,0.614997924,0.799355497,0.911336822,0.787418921,0.862125876,0.251211412,0.246803897
1.038,0,0.98,0,0.682393422,0.808179089,0.896695919,0.807541033,0.879429192,0.254150228,0.253916388
1.038,0,0.98,0,0.552645047,0.794867196,0.925619063,0.775768973,0.902837679,0.249263046,0.242189398
1.039,0,0.98,0,0.658863431,0.8139472,0.898898718,0.837722375,0.893966669,0.256136037,0.264770533
1.039,0,0.98,0,0.617439028,0.796908136,0.914173446,0.770309096,0.87527053,0.249775926,0.239921762
1.039,0,0.98,0,0.613559715,0.870267804,0.882697888,0.799264996,0.880219389,0.276371827,0.250707048
1.039,0,0.98,0,0.715955028,0.829282772,0.882174924,0.825545872,0.894748884,0.261491021,0.260135527
1.039,0,0.98,0,0.637774484,0.849544858,0.88735541,0.83477848,0.893535768,0.268916172,0.263598699
1.039,0,0.98,0,0.656239311,0.800994897,0.90578353,0.810886283,0.876941709,0.251224242,0.254850464
1.039,0,0.98,0,0.595889488,0.818509346,0.908611278,0.774731381,0.856281845,0.257825234,0.241699768
1.04,0,0.98,0,0.701135935,0.817204059,0.89138469,0.841893289,0.879633343,0.256927007,0.265869804
1.04,0,0.98,0,0.784878189,0.83339617,0.868582023,0.792183985,0.905400068,0.262704269,0.247656411
1.04,0,0.98,0,0.654221567,0.769957693,0.920727543,0.790530591,0.880958695,0.239405467,0.247032115
1.041,0,0.98,0,0.624740759,0.814769875,0.907925955,0.83040274,0.867805997,0.255708481,0.261386904
1.041,0,0.98,0,0.716587527,0.810617732,0.893162488,0.786459625,0.853234692,0.254182253,0.245305524
1.041,0,0.98,0,0.654400616,0.815414085,0.901408693,0.810196567,0.896237403,0.256119739,0.254214781
1.042,0,0.98,0,0.630360714,0.841984895,0.895753522,0.815710212,0.866688293,0.265369294,0.255858723
1.042,0,0.98,0,0.737817013,0.812216217,0.889222811,0.861236106,0.899326503,0.254632873,0.272307162
1.042,0,0.98,0,0.676012891,0.8293881,0.892923146,0.797684578,0.880619617,0.260754355,0.249193992
1.042,0,0.98,0,0.729250657,0.827245374,0.884361835,0.843868237,0.915609179,0.259897348,0.265892376
1.043,0,0.98,0,0.615973393,0.865447657,0.889801573,0.805587725,0.909571812,0.273356524,0.251779635
1.043,0,0.98,0,0.64729869,0.794482003,0.914219009,0.784446171,0.889369086,0.247878232,0.244178201
1.043,0,0.98,0,0.725729874,0.830072395,0.88448852,0.797965585,0.877734829,0.260722068,0.249024014
1.043,0,0.98,0,0.624618691,0.798594009,0.917509123,0.788153001,0.897158787,0.249146346,0.245305836
1.044,0,0.98,0,0.620147366,0.853573876,0.895521332,0.856868059,0.897113191,0.26883321,0.270008182
1.044,0,0.98,0,0.643824508,0.847766559,0.892713139,0.831320788,0.889229237,0.266905917,0.26099102
1.045,0,0.98,0,0.652933757,0.788549007,0.918661824,0.83136738,0.88238745,0.245019726,0.260632643
1.045,0,0.98,0,0.65637061,0.845850345,0.892890657,0.808854446,0.887437676,0.265793592,0.25241776
1.045,0,0.98,0,0.686118425,0.802873949,0.906471577,0.816784025,0.869052533,0.250331391,0.25540461
1.045,0,0.98,0,0.693379511,0.835364366,0.890676562,0.859095814,0.900833007,0.262011134,0.270505927
1.046,0,0.98,0,0.640095235,0.825085595,0.906402528,0.828326809,0.896085015,0.258080373,0.259252105
1.046,0,0.98,0,0.678796814,0.816644173,0.9031121,0.814048221,0.89705691,0.254993296,0.254049697
1.046,0,0.98,0,0.650164911,0.829449033,0.902645043,0.764482982,0.86811736,0.259636745,0.235821292
1.046,0,0.98,0,0.6556519,0.818281721,0.906767493,0.825664364,0.888174989,0.255552417,0.258227157
1.046,0,0.98,0,0.717029658,0.832254639,0.888947386,0.789314491,0.89867198,0.260602161,0.244962233
1.047,0,0.98,0,0.74846073,0.794104978,0.902972084,0.800998659,0.874617451,0.246403575,0.248928404
1.047,0,0.98,0,0.621715122,0.805068402,0.92010429,0.819082662,0.904125878,0.250397634,0.255495545
1.047,0,0.98,0,0.679426894,0.889776366,0.869647212,0.782510416,0.88794035,0.28072453,0.242168557
1.047,0,0.98,0,0.704974418,0.83276099,0.891949289,0.79188411,0.892894534,0.260553828,0.245683197
1.047,0,0.98,0,0.661684608,0.833535391,0.89954234,0.801284325,0.880940447,0.26088935,0.249183563
1.047,0,0.98,0,0.640844993,0.834364993,0.90285999,0.862707055,0.894200681,0.261262697,0.271393622
1.047,0,0.98,0,0.673545025,0.827267834,0.900331199,0.819684618,0.896437907,0.258588134,0.255843939
1.048,0,0.98,0,0.633815592,0.810952055,0.915794327,0.7882013,0.878595181,0.252457699,0.244134885
1.048,0,0.98,0,0.642650827,0.832293328,0.904908098,0.801352242,0.878212576,0.260169665,0.248942357
1.048,0,0.98,0,0.639198971,0.80282852,0.91859355,0.779983843,0.864048541,0.249422939,0.241035972
1.048,0,0.98,0,0.81214581,0.842932473,0.868011807,0.887918967,0.884933186,0.26396317,0.279892042
1.049,0,0.98,0,0.649001949,0.836614072,0.902736018,0.808366431,0.894141866,0.261492276,0.251274929
1.049,0,0.98,0,0.703349702,0.814202164,0.903317587,0.806541985,0.86019213,0.253292015,0.250505759
1.049,0,0.98,0,0.618805589,0.832759156,0.911010742,0.798668109,0.877010737,0.259935567,0.247568932
1.049,0,0.98,0,0.655232687,0.837467189,0.90109464,0.795001594,0.884270964,0.261810562,0.246404456
1.05,0,0.98,0,0.663330361,0.838551382,0.900634294,0.811152202,0.90116591,0.261824909,0.251932937
1.05,0,0.98,0,0.636069134,0.824450987,0.912187294,0.780515576,0.91617076,0.256736282,0.24070691
1.05,0,0.98,0,0.646731398,0.80879774,0.917564434,0.867655042,0.888448727,0.250932102,0.27203464
1.05,0,0.98,0,0.64026103,0.851149392,0.899056193,0.839565632,0.922299299,0.266418431,0.262277726
1.05,0,0.98,0,0.720095944,0.81637479,0.900714075,0.828664255,0.880293159,0.253758829,0.258200173
1.05,0,0.98,0,0.652456648,0.868653378,0.889333805,0.838731874,0.879335337,0.272421956,0.261775789
1.05,0,0.98,0,0.681915544,0.839459387,0.896250361,0.83035814,0.91272642,0.262240935,0.258970578
1.05,0,0.98,0,0.666408835,0.793205942,0.920537105,0.76658415,0.865108468,0.245307212,0.235496859
1.05,0,0.98,0,0.67620132,0.834466606,0.899989775,0.818896727,0.879466984,0.260372082,0.254755605
1.051,0,0.98,0,0.559621802,0.840240135,0.921788133,0.783489474,0.872675988,0.262103528,0.241502971
1.051,0,0.98,0,0.671945502,0.836707044,0.90163937,0.856139584,0.909589643,0.260739754,0.267675495
1.051,0,0.98,0,0.707188069,0.793707792,0.913991093,0.87843883,0.901861456,0.245358483,0.275762601
1.052,0,0.98,0,0.650751503,0.844395678,0.903491876,0.812120181,0.90125231,0.263196442,0.251579944
1.052,0,0.98,0,0.747892065,0.86341003,0.874230842,0.848444969,0.882847481,0.270174695,0.264859919
1.052,0,0.98,0,0.743031147,0.828903291,0.893466631,0.804252744,0.916628731,0.257619733,0.248698169
1.052,0,0.98,0,0.65520728,0.872288133,0.889397556,0.801148045,0.895245868,0.273147539,0.247648758
1.052,0,0.98,0,0.614736553,0.86877581,0.899908999,0.896505903,0.915146439,0.271827664,0.281534929
1.052,0,0.98,0,0.649095407,0.841012351,0.905031449,0.785372764,0.882676661,0.262061139,0.241889609
1.052,0,0.98,0,0.743601946,0.800224914,0.906666068,0.759822081,0.88434469,0.247329879,0.232460906
1.053,0,0.98,0,0.71604767,0.805213916,0.910089704,0.794702847,0.890672427,0.248908722,0.245076221
1.053,0,0.98,0,0.720388426,0.849854296,0.887738245,0.811727691,0.902764979,0.265052333,0.251349414
1.053,0,0.98,0,0.678460348,0.856013001,0.893207189,0.850415572,0.880957313,0.267192624,0.26520329
1.053,0,0.98,0,0.649532836,0.851546225,0.900929164,0.821695918,0.894064236,0.265638338,0.254940681
1.053,0,0.98,0,0.712086743,0.881110809,0.873817078,0.7457734,0.867042184,0.27609587,0.227079258
1.054,0,0.98,0,0.616460292,0.84948183,0.909473835,0.793195154,0.883130795,0.26467417,0.24436333
1.054,0,0.98,0,0.65886933,0.822693735,0.913454734,0.785344623,0.929528798,0.254995698,0.241410573
1.054,0,0.98,0,0.663230067,0.797026394,0.92454705,0.813180206,0.89654168,0.24552925,0.251400291
1.054,0,0.98,0,0.615536114,0.832961469,0.917655403,0.821055422,0.885622212,0.258573855,0.254290502
1.054,0,0.98,0,0.709500329,0.828161255,0.901502056,0.844841998,0.905318759,0.256994483,0.262969672
1.055,0,0.98,0,0.743696257,0.799809658,0.909915117,0.841187283,0.890427444,0.246480636,0.261408991
1.055,0,0.98,0,0.736005313,0.822780595,0.9014571,0.844840026,0.896694474,0.254552968,0.262457244
1.055,0,0.98,0,0.828027175,0.780301227,0.905738283,0.843444072,0.90038049,0.239334175,0.26220505
1.055,0,0.98,0,0.68507205,0.820945398,0.910789869,0.797452296,0.893209224,0.254053001,0.245533449
1.055,0,0.98,0,0.648415283,0.838622326,0.909795092,0.860622075,0.886555948,0.260374551,0.268198182
1.056,0,0.98,0,0.689303876,0.86615255,0.890124411,0.805299982,0.906919459,0.269854044,0.248078713
1.056,0,0.98,0,0.703983153,0.816688746,0.910790274,0.824045143,0.888125489,0.25218228,0.25483433
1.056,0,0.98,0,0.694208343,0.857402514,0.892957472,0.785069262,0.931451136,0.266857864,0.240790271
1.056,0,0.98,0,0.695473049,0.854106377,0.894986112,0.843935283,0.896204479,0.265528648,0.261912917
1.056,0,0.98,0,0.651276521,0.832819342,0.91336021,0.768693006,0.899816072,0.257942715,0.234620308
1.056,0,0.98,0,0.678160296,0.838948089,0.904885295,0.828030424,0.922708497,0.260270553,0.25635856
1.056,0,0.98,0,0.643479921,0.864181713,0.900148259,0.824153377,0.875563202,0.269224895,0.254957799
1.056,0,0.98,0,0.754301867,0.806630524,0.906078912,0.852761873,0.898083774,0.248693099,0.265254152
1.056,0,0.98,0,0.718567146,0.780891071,0.924032081,0.88787336,0.890592269,0.239251204,0.277555722
1.056,0,0.98,0,0.744039369,0.839890052,0.892092392,0.831782992,0.907985961,0.260592074,0.257690569
1.056,0,0.98,0,0.676218468,0.866661515,0.892465655,0.860191681,0.912320478,0.270051723,0.267768116
1.056,0,0.98,0,0.711995692,0.830003188,0.903275961,0.82563192,0.893331705,0.256941956,0.255371752
1.057,0,0.98,0,0.66627475,0.858256523,0.89917488,0.800436826,0.867649514,0.266916576,0.24616848
1.057,0,0.98,0,0.670122657,0.862714675,0.897107297,0.845314501,0.879311649,0.268303787,0.262136833
1.057,0,0.98,0,0.703442857,0.821740742,0.909081073,0.833516521,0.884897318,0.253883636,0.258113227
1.057,0,0.98,0,0.652506496,0.834663832,0.913299826,0.851493674,0.898060265,0.258371877,0.264369709
1.057,0,0.98,0,0.734945014,0.818326862,0.90544521,0.824701087,0.90055977,0.252565297,0.25486103
1.057,0,0.98,0,0.714900001,0.84235749,0.898408236,0.841642602,0.874406578,0.260999943,0.260745093
1.058,0,0.98,0,0.689571113,0.843738311,0.902630432,0.815600325,0.899063333,0.261479059,0.25138842
1.058,0,0.98,0,0.693329596,0.820108578,0.913511916,0.811628559,0.885911587,0.252869401,0.249809328
1.058,0,0.98,0,0.678505721,0.855402811,0.899717197,0.785221865,0.924036262,0.265523727,0.240252575
1.058,0,0.98,0,0.727779947,0.867916904,0.884092954,0.788234241,0.842258563,0.26987476,0.241292273
1.058,0,0.98,0,0.652124398,0.847279965,0.908886297,0.802773631,0.891004632,0.262594816,0.246604207
1.058,0,0.98,0,0.698180986,0.836870257,0.905304846,0.823362231,0.89159573,0.258779511,0.253938734
1.058,0,0.98,0,0.723490159,0.846431317,0.895733353,0.827717903,0.909570719,0.262236825,0.255552471
1.059,0,0.98,0,0.652898811,0.839520478,0.913221768,0.855331733,0.890882903,0.259602824,0.265220048
1.059,0,0.98,0,0.704504674,0.85034584,0.8987326,0.822339463,0.86079462,0.263338245,0.253336765
1.059,0,0.98,0,0.77394635,0.814651235,0.903434079,0.838328297,0.859506006,0.250556741,0.259052025
1.059,0,0.98,0,0.724232253,0.857492115,0.891345024,0.849655033,0.924116598,0.265885549,0.263110302
1.06,0,0.98,0,0.69545491,0.865364519,0.894800398,0.883617627,0.91574555,0.268289672,0.274680523
1.06,0,0.98,0,0.667380571,0.819506305,0.920243713,0.813736452,0.885188297,0.252245338,0.250165754
1.06,0,0.98,0,0.739588344,0.818771852,0.907960897,0.790239191,0.894199612,0.251918561,0.241579366
1.06,0,0.98,0,0.735486642,0.809901337,0.913301792,0.827363828,0.927099332,0.248619511,0.254905305
1.06,0,0.98,0,0.694051368,0.847789617,0.902315222,0.845674672,0.867065329,0.262351638,0.261600286
1.061,0,0.98,0,0.668252858,0.851480184,0.907376439,0.809159008,0.868374697,0.263252172,0.248110145
1.061,0,0.98,0,0.716882885,0.851092627,0.898285078,0.798339874,0.885090439,0.263073151,0.244151013
1.061,0,0.98,0,0.6839067,0.835958737,0.911675563,0.844901599,0.877926179,0.257701758,0.260885863
1.061,0,0.98,0,0.655065041,0.878745301,0.896858287,0.81162382,0.884646084,0.272948974,0.249102512
1.061,0,0.98,0,0.68627118,0.836747143,0.911262845,0.859784871,0.870652669,0.257892128,0.26606175
1.061,0,0.98,0,0.680087353,0.853446092,0.90404266,0.823955497,0.884821528,0.263969083,0.253459292
1.061,0,0.98,0,0.624268638,0.861613003,0.912247975,0.838499504,0.896174592,0.266682599,0.258493714
1.062,0,0.98,0,0.730865102,0.816141192,0.914115641,0.849963246,0.885032887,0.250204477,0.262279595
1.062,0,0.98,0,0.73260395,0.808506802,0.917011279,0.85364964,0.905664572,0.247535578,0.263669883
1.062,0,0.98,0,0.724220911,0.806542495,0.919702406,0.831222664,0.865927447,0.246746716,0.255617037
1.062,0,0.98,0,0.72455041,0.821031842,0.912248869,0.844630081,0.866560235,0.252117782,0.260546528
1.062,0,0.98,0,0.686917327,0.844616172,0.907778295,0.851743142,0.895609395,0.260625174,0.263152345
1.063,0,0.98,0,0.750951509,0.841539711,0.898940401,0.853141788,0.909234975,0.259135461,0.26324798
1.063,0,0.98,0,0.715810947,0.83431142,0.90908311,0.787312122,0.895362875,0.256525212,0.23957866
1.063,0,0.98,0,0.786772614,0.829062074,0.898441115,0.813992769,0.883391882,0.254742566,0.249334207
1.063,0,0.98,0,0.671664862,0.856863273,0.906318589,0.854752055,0.899350619,0.264664506,0.263919131
1.063,0,0.98,0,0.686606694,0.845395315,0.908755688,0.804280027,0.898471681,0.260606599,0.245872481
1.063,0,0.98,0,0.674638595,0.856481725,0.905856238,0.858636384,0.894059526,0.264541605,0.26530167
1.063,0,0.98,0,0.722237344,0.842330969,0.904198055,0.843095861,0.914150196,0.259348218,0.259619921
1.064,0,0.98,0,0.616692825,0.845141695,0.923760848,0.867093173,0.899619098,0.260216622,0.26796095
1.064,0,0.98,0,0.611323593,0.838548117,0.927551896,0.807727762,0.868829313,0.257893089,0.246845606
1.064,0,0.98,0,0.676334552,0.840561887,0.914392011,0.785158553,0.886727363,0.25855878,0.23860926
1.064,0,0.98,0,0.649561044,0.857980625,0.912012788,0.812754717,0.90475318,0.264642257,0.248529133
1.064,0,0.98,0,0.71561134,0.832838209,0.910768008,0.861434836,0.881610114,0.255782666,0.265914896
1.064,0,0.98,0,0.679189219,0.838813772,0.914967583,0.889126248,0.898908409,0.25786479,0.275540584
1.064,0,0.98,0,0.710604382,0.825639814,0.914997555,0.881746929,0.881425132,0.253222514,0.273037326
1.064,0,0.98,0,0.801675448,0.808724523,0.90796999,0.855322291,0.887111512,0.247002745,0.263628404
1.065,0,0.98,0,0.709219957,0.857479179,0.901738357,0.844062815,0.88853632,0.264165782,0.259423784
1.066,0,0.98,0,0.647824349,0.844854179,0.920545568,0.814188622,0.85284498,0.259478188,0.248533616
1.066,0,0.98,0,0.746837825,0.837926411,0.904814678,0.864523906,0.904323071,0.257092196,0.266488013
1.066,0,0.98,0,0.711342701,0.835446288,0.913295751,0.875774211,0.882306267,0.256034911,0.270245214
1.066,0,0.98,0,0.747888246,0.836820471,0.904966093,0.800391123,0.907985491,0.2567436,0.243673006
1.066,0,0.98,0,0.691173199,0.857714147,0.906095208,0.843700166,0.865230536,0.264033999,0.259082672
1.067,0,0.98,0,0.678455775,0.837475806,0.919243088,0.839365665,0.933323303,0.256580897,0.257252199
1.067,0,0.98,0,0.727240203,0.82126984,0.91839184,0.810398857,0.923688341,0.250678745,0.246777487
1.067,0,0.98,0,0.607286104,0.854960493,0.925421469,0.85908116,0.899953744,0.262753112,0.264203624
1.067,0,0.98,0,0.71378722,0.8741838,0.895261674,0.884845524,0.892550661,0.269423637,0.273133856
1.067,0,0.98,0,0.720460358,0.836082799,0.912001326,0.881822611,0.906749296,0.25610551,0.272191108
1.067,0,0.98,0,0.711363787,0.844489802,0.909646459,0.812275977,0.917306309,0.259100694,0.247603306
1.067,0,0.98,0,0.737327601,0.837856077,0.907789955,0.821176568,0.888511812,0.256795505,0.250844856
1.067,0,0.98,0,0.636017998,0.843900328,0.924672542,0.841153896,0.876140832,0.258813911,0.257840349
1.067,0,0.98,0,0.700151015,0.867442682,0.900738558,0.82042419,0.898854368,0.267198337,0.250540493
1.068,0,0.98,0,0.700583997,0.843940326,0.913443426,0.802500607,0.907278406,0.258563289,0.24374856
1.068,0,0.98,0,0.689582674,0.869187942,0.903850311,0.799964036,0.918128606,0.267388454,0.242776618
1.068,0,0.98,0,0.682767437,0.883137105,0.897550382,0.818464316,0.907496149,0.272472438,0.249646212
1.068,0,0.98,0,0.660934872,0.863381449,0.912213587,0.820086111,0.883808571,0.265390584,0.25004702
1.068,0,0.98,0,0.739444154,0.861759331,0.897490891,0.810253589,0.910369551,0.264815972,0.24651362
1.068,0,0.98,0,0.639380287,0.856227229,0.919400301,0.793741952,0.883792946,0.26296915,0.240647291
1.068,0,0.98,0,0.725260818,0.851327359,0.905556325,0.825399647,0.910913889,0.261099999,0.251897222
1.068,0,0.98,0,0.795579984,0.810046801,0.912831412,0.855658324,0.883064497,0.246477417,0.262710956
1.068,0,0.98,0,0.786265366,0.851629164,0.893531149,0.843327759,0.894141769,0.261297853,0.258363614
1.068,0,0.98,0,0.83711206,0.803213421,0.908728804,0.855038824,0.873150738,0.244167745,0.262650573
1.069,0,0.98,0,0.653074914,0.849207085,0.921485782,0.811990881,0.907834141,0.260116487,0.246865286
1.069,0,0.98,0,0.730066518,0.833828418,0.913991154,0.820651823,0.891077972,0.254698184,0.249998726
1.069,0,0.98,0,0.710196062,0.857064567,0.906732542,0.792294851,0.900599411,0.262879092,0.239756454
1.069,0,0.98,0,0.75487546,0.852634594,0.900110286,0.785372116,0.901146213,0.261377409,0.237300013
1.07,0,0.98,0,0.736218024,0.836023707,0.912674367,0.819339769,0.889414184,0.255285272,0.249338536
1.07,0,0.98,0,0.655096591,0.871384017,0.912512131,0.884453111,0.933055112,0.267539383,0.272083594
1.07,0,0.98,0,0.751299857,0.851944723,0.902163785,0.85312948,0.87586418,0.260899776,0.261317102
1.07,0,0.98,0,0.671336134,0.854865067,0.916321571,0.855304544,0.908861598,0.261883785,0.262038384
1.07,0,0.98,0,0.706852184,0.871402298,0.901647563,0.822884671,0.878375453,0.267622803,0.250492553
1.07,0,0.98,0,0.69405539,0.84164035,0.918477958,0.833593613,0.895882639,0.257126894,0.254272891
1.071,0,0.98,0,0.773603578,0.85728044,0.896851598,0.824731498,0.881562946,0.262419131,0.250898733
1.071,0,0.98,0,0.703914521,0.834538013,0.921234146,0.834626768,0.933977373,0.254316384,0.254347889
1.071,0,0.98,0,0.640617815,0.8517908,0.925222236,0.768645747,0.858978731,0.260463643,0.230625464
1.071,0,0.98,0,0.718514798,0.841248828,0.914496249,0.830891065,0.887843249,0.25689688,0.253221219
1.071,0,0.98,0,0.736844716,0.854572354,0.905212202,0.817702541,0.890475012,0.26145944,0.248380064
1.071,0,0.98,0,0.718989354,0.854818472,0.907926717,0.820595432,0.88075342,0.261677579,0.249542789
1.071,0,0.98,0,0.729949816,0.837509548,0.914422557,0.829797257,0.903863124,0.255515204,0.252775556
1.071,0,0.98,0,0.72314744,0.833250482,0.917668177,0.859037445,0.870806903,0.254007928,0.26311419
1.071,0,0.98,0,0.781727201,0.827913552,0.909751858,0.873133889,0.895020373,0.25212149,0.26805645
1.071,0,0.98,0,0.695198626,0.818214948,0.92988408,0.82248412,0.906793076,0.248584104,0.250109771
1.071,0,0.98,0,0.680949152,0.872300959,0.907375717,0.861145339,0.919925632,0.267724569,0.263824727
1.071,0,0.98,0,0.722853933,0.82486403,0.922226807,0.830364747,0.884357294,0.250894813,0.252853817
1.072,0,0.98,0,0.689707035,0.849996557,0.91755324,0.831753336,0.906705884,0.25959032,0.253136206
1.072,0,0.98,0,0.713646225,0.841061978,0.917240069,0.853841531,0.892015995,0.256434151,0.260941194
1.072,0,0.98,0,0.701267148,0.867644419,0.907086479,0.878475271,0.865146317,0.265740192,0.269511991
1.072,0,0.98,0,0.669019133,0.831267112,0.930139815,0.859852534,0.919310718,0.252927333,0.26301696
1.072,0,0.98,0,0.665864682,0.862389719,0.916390314,0.843075981,0.920917834,0.263959292,0.257164892
1.072,0,0.98,0,0.725976505,0.869805287,0.900249194,0.864667544,0.904543043,0.266692502,0.264897419
1.072,0,0.98,0,0.7291999,0.836235715,0.916032133,0.820303428,0.888660301,0.254868396,0.249196926
1.072,0,0.98,0,0.789030102,0.817372028,0.915469977,0.838782445,0.868856045,0.247963652,0.255582822
1.072,0,0.98,0,0.776464378,0.837071857,0.907159215,0.877063978,0.904205742,0.255145716,0.269187386
1.073,0,0.98,0,0.706765512,0.83486041,0.922269688,0.820952806,0.887359982,0.254044376,0.249096282
1.073,0,0.98,0,0.655938835,0.871516444,0.915826174,0.827677049,0.912520782,0.266767405,0.2513339
1.073,0,0.98,0,0.68611065,0.875467973,0.907879644,0.862301479,0.90596211,0.268122204,0.263530393
1.073,0,0.98,0,0.70110394,0.846657085,0.918122398,0.793091995,0.883773567,0.25814575,0.23902317
1.073,0,0.98,0,0.731104151,0.835373264,0.91743718,0.819831027,0.89832264,0.254260373,0.248729545
1.073,0,0.98,0,0.774462362,0.823473644,0.91581493,0.80123912,0.890593794,0.249956364,0.241990839
1.073,0,0.98,0,0.772350165,0.826099622,0.915487959,0.846140039,0.888131137,0.250760477,0.257860903
1.073,0,0.98,0,0.731141681,0.850287396,0.910472586,0.886098698,0.907677195,0.259479836,0.271976869
1.073,0,0.98,0,0.713478138,0.857137463,0.910178467,0.850277249,0.898052998,0.261966789,0.259555254
1.074,0,0.98,0,0.730490977,0.881286525,0.896490682,0.81531895,0.893927716,0.270026751,0.246796549
1.074,0,0.98,0,0.688106978,0.88045819,0.905153418,0.808250711,0.9280999,0.269834671,0.244355297
1.074,0,0.98,0,0.753687887,0.81716567,0.924149625,0.852598167,0.932617685,0.247322939,0.259877135
1.074,0,0.98,0,0.792286311,0.858195519,0.896449697,0.824419623,0.886680017,0.261934781,0.250001113
1.074,0,0.98,0,0.676757137,0.876881646,0.909646418,0.844572771,0.912608527,0.268492755,0.257182453
1.074,0,0.98,0,0.701656851,0.843540883,0.920367112,0.805349201,0.905165436,0.256844765,0.243243656
1.074,0,0.98,0,0.700399292,0.847934136,0.918414374,0.843251794,0.898566511,0.258423769,0.256772387
1.074,0,0.98,0,0.723152796,0.875521992,0.90137524,0.861414454,0.882657078,0.267908174,0.2629893
1.074,0,0.98,0,0.673985221,0.887406479,0.905251621,0.83936534,0.909168202,0.272124161,0.255329437
1.074,0,0.98,0,0.728076435,0.831941707,0.920782301,0.820904599,0.901236469,0.252779967,0.248852361
1.075,0,0.98,0,0.671035503,0.872089819,0.913919393,0.868088751,0.915538011,0.26663502,0.265241292
1.075,0,0.98,0,0.725386563,0.858212283,0.910638647,0.836355028,0.929787444,0.261600581,0.25390486
1.075,0,0.98,0,0.802691526,0.826738649,0.911493367,0.815139836,0.903741318,0.250635214,0.246500074
1.075,0,0.98,0,0.630274996,0.885967653,0.916048003,0.875397274,0.89257912,0.271437077,0.267774592
1.075,0,0.98,0,0.72619132,0.839871654,0.918588175,0.819356474,0.922901214,0.255313125,0.248027639
1.076,0,0.98,0,0.742496769,0.84779855,0.914002408,0.832706343,0.907062836,0.257602292,0.252274487
1.076,0,0.98,0,0.656683827,0.82806688,0.938283626,0.842670463,0.887722455,0.250775645,0.255944245
1.076,0,0.98,0,0.703083444,0.835796775,0.926200382,0.805583695,0.890709822,0.253543215,0.242777971
1.076,0,0.98,0,0.732653939,0.871620387,0.903143845,0.850120834,0.872796287,0.266161019,0.258642336
1.076,0,0.98,0,0.74993507,0.862736698,0.905144995,0.84467649,0.91674671,0.262853709,0.256518452
1.076,0,0.98,0,0.746801458,0.84270386,0.914857809,0.762141118,0.909363172,0.255994802,0.227064938
1.076,0,0.98,0,0.739005543,0.830015588,0.922418689,0.858006741,0.878888046,0.251495213,0.261362525
1.076,0,0.98,0,0.725798368,0.843288244,0.918154668,0.821507455,0.886142058,0.256266338,0.248545362
1.076,0,0.98,0,0.651464877,0.852345674,0.928788754,0.842043994,0.896337559,0.259296574,0.255671045
1.077,0,0.98,0,0.65653902,0.878642777,0.917149434,0.850396736,0.913036978,0.268150005,0.25829808
1.078,0,0.98,0,0.669909372,0.883378606,0.912664512,0.88402967,0.915746931,0.269668175,0.269893059
1.078,0,0.98,0,0.756696453,0.829938668,0.921575213,0.878126305,0.910232149,0.250964581,0.267852798
1.078,0,0.98,0,0.652274224,0.831503174,0.939925489,0.819266779,0.908611357,0.251467803,0.247122061
1.078,0,0.98,0,0.700215055,0.833630673,0.930799736,0.884648405,0.88810099,0.252084013,0.269913448
1.078,0,0.98,0,0.783831824,0.86330903,0.900579531,0.843530922,0.88443973,0.262561705,0.255629591
1.078,0,0.98,0,0.679696325,0.841948432,0.930054169,0.846391387,0.882041007,0.255188477,0.256752925
1.078,0,0.98,0,0.761641835,0.849162379,0.91152202,0.801972756,0.901742875,0.257691833,0.240935266
1.078,0,0.98,0,0.72784054,0.837261218,0.923235349,0.80871366,0.905287169,0.253557539,0.243407082
1.079,0,0.98,0,0.780061977,0.875795972,0.895988745,0.844656537,0.918559416,0.26664486,0.255771923
1.079,0,0.98,0,0.674467961,0.893907511,0.908753796,0.858632709,0.914956732,0.2728165,0.260597836
1.079,0,0.98,0,0.703129705,0.852168866,0.922460878,0.860042686,0.924113555,0.25842793,0.261182849
1.079,0,0.98,0,0.651390171,0.848813099,0.933725149,0.898698083,0.924700073,0.257293126,0.274597944
1.079,0,0.98,0,0.716263278,0.83852887,0.926986072,0.862589678,0.902931583,0.253503658,0.261942107
1.079,0,0.98,0,0.751687317,0.816707836,0.930968058,0.862852043,0.909752485,0.245770237,0.262034682
1.079,0,0.98,0,0.67967971,0.903438605,0.902559127,0.822761363,0.897264429,0.276182513,0.248054689
1.079,0,0.98,0,0.68679167,0.859945122,0.921421179,0.812797864,0.8945392,0.261271416,0.244618802
1.08,0,0.98,0,0.745156877,0.861531767,0.910520595,0.829657906,0.913004652,0.261564582,0.25036018
1.08,0,0.98,0,0.735250398,0.849204506,0.918799034,0.863733831,0.90338341,0.257169151,0.262249612
1.08,0,0.98,0,0.748845892,0.84952261,0.916488425,0.801511838,0.920055329,0.257197418,0.240171274
1.08,0,0.98,0,0.747721618,0.822726814,0.929424747,0.817185461,0.909663316,0.247775417,0.245805102
1.08,0,0.98,0,0.623192512,0.886587367,0.923997281,0.834984655,0.883022897,0.270099077,0.252096216
1.08,0,0.98,0,0.730665704,0.896234076,0.896639744,0.859962049,0.911346206,0.27341361,0.260865587
1.08,0,0.98,0,0.71622697,0.84936342,0.922282573,0.837156037,0.876634162,0.257225072,0.252929807
1.081,0,0.98,0,0.642719516,0.84963024,0.937165003,0.872668226,0.932865569,0.257096553,0.265130562
1.081,0,0.98,0,0.707462387,0.815690654,0.940359081,0.811448529,0.894093171,0.245111093,0.243599055
1.081,0,0.98,0,0.67058561,0.879274789,0.918816409,0.846374121,0.893813415,0.26725516,0.255794779
1.081,0,0.98,0,0.712633719,0.871012668,0.913870584,0.860431156,0.944531092,0.264486352,0.260804879
1.081,0,0.98,0,0.698990253,0.827621426,0.937023287,0.814058328,0.908579659,0.24922499,0.244407332
1.081,0,0.98,0,0.635525851,0.829177594,0.94755208,0.87867466,0.888777367,0.249841881,0.267159977
1.082,0,0.98,0,0.761122183,0.862676828,0.910026893,0.829371907,0.897791626,0.261263574,0.249574991
1.082,0,0.98,0,0.669376216,0.825932228,0.943679678,0.853516172,0.939530672,0.248492697,0.25820458
1.082,0,0.98,0,0.753139377,0.872152309,0.90629969,0.803288358,0.872728354,0.264665422,0.240401844
1.082,0,0.98,0,0.813868547,0.851559748,0.905626324,0.803476513,0.903636909,0.257446614,0.240426756
1.082,0,0.98,0,0.724809047,0.87173642,0.91304574,0.854745833,0.920934441,0.264300484,0.258387104
1.082,0,0.98,0,0.698030056,0.89578849,0.905716781,0.798164306,0.911743282,0.272804397,0.238559781
1.082,0,0.98,0,0.774241314,0.839186975,0.919797974,0.856548279,0.934264566,0.252932111,0.25901877
1.082,0,0.98,0,0.774975814,0.859766583,0.908340493,0.831362424,0.879433424,0.260369666,0.250396385
1.082,0,0.98,0,0.74710853,0.857378766,0.915200055,0.856055176,0.916712707,0.25944345,0.25898122
1.082,0,0.98,0,0.699204531,0.856771141,0.924510148,0.833666101,0.902162273,0.259256681,0.251143763
1.083,0,0.98,0,0.716906846,0.82100972,0.93915769,0.846059503,0.905461588,0.246370847,0.255208415
1.083,0,0.98,0,0.652367299,0.835724386,0.944343405,0.823515888,0.874148655,0.251543282,0.247228739
1.083,0,0.98,0,0.769841772,0.85108328,0.91491576,0.842988198,0.898214667,0.257057455,0.254218589
1.083,0,0.98,0,0.79181533,0.821812404,0.92596677,0.813353326,0.887446685,0.2466428,0.243637254
1.083,0,0.98,0,0.655745614,0.888305394,0.919978028,0.769910949,0.894138765,0.269841131,0.228011278
1.083,0,0.98,0,0.738736785,0.862045534,0.915929196,0.857782549,0.927726908,0.260748868,0.25926334
1.084,0,0.98,0,0.786288158,0.88188332,0.898291918,0.795904549,0.904596177,0.267247537,0.237020712
1.084,0,0.98,0,0.709042246,0.853252571,0.927414765,0.859574996,0.904606899,0.257325402,0.259530694
1.084,0,0.98,0,0.649984618,0.860824249,0.935436112,0.804473726,0.856725465,0.259949293,0.240080039
1.084,0,0.98,0,0.765665997,0.825190284,0.930532505,0.856374724,0.889137856,0.24745902,0.258415406
1.084,0,0.98,0,0.729108507,0.866642334,0.917183891,0.872019892,0.930998003,0.261975938,0.263840045
1.084,0,0.98,0,0.777670527,0.811323919,0.93489456,0.831841412,0.882311961,0.242589052,0.249860924
1.084,0,0.98,0,0.748277092,0.841497312,0.925496345,0.853069392,0.911027853,0.253266099,0.257320279
1.084,0,0.98,0,0.737650895,0.862617678,0.916701336,0.798157554,0.912190622,0.260758631,0.237998839
1.085,0,0.98,0,0.752120564,0.855523385,0.919345356,0.831673607,0.915474693,0.257864899,0.249500548
1.085,0,0.98,0,0.744336409,0.836327545,0.9295977,0.797417005,0.866829871,0.251246266,0.237433662
1.085,0,0.98,0,0.755598114,0.831842903,0.930102913,0.85506402,0.90433536,0.249587012,0.257731891
1.085,0,0.98,0,0.728994747,0.867707705,0.916890635,0.843846948,0.900951703,0.26229932,0.253975162
1.085,0,0.98,0,0.806079389,0.824628141,0.924762967,0.846199407,0.867298625,0.247069521,0.254663979
1.085,0,0.98,0,0.740180648,0.832531221,0.931892052,0.872676197,0.920676636,0.249964182,0.263988912
1.085,0,0.98,0,0.775443769,0.850086235,0.91731438,0.851305607,0.898876903,0.256058578,0.256484909
1.085,0,0.98,0,0.723854202,0.859346781,0.92272009,0.84782388,0.874815551,0.259220134,0.255197397
1.085,0,0.98,0,0.757250746,0.844388758,0.924025555,0.825465452,0.894763197,0.253934782,0.247272415
1.086,0,0.98,0,0.676424277,0.883781064,0.920944388,0.867808251,0.913002538,0.267566608,0.262050614
1.086,0,0.98,0,0.783759382,0.863465288,0.910635157,0.816511076,0.898577966,0.260360248,0.243875754
1.086,0,0.98,0,0.67589909,0.882964961,0.921931324,0.902960622,0.93921424,0.267174221,0.274019443
1.086,0,0.98,0,0.772608142,0.874876606,0.906696225,0.835502141,0.914994343,0.264361684,0.250633355
1.086,0,0.98,0,0.668220102,0.851196017,0.938657519,0.837424153,0.90023518,0.256039661,0.251214377
1.087,0,0.98,0,0.639552582,0.875603097,0.933609334,0.837513203,0.875200958,0.264456938,0.25118907
1.087,0,0.98,0,0.714219344,0.831335829,0.940278706,0.854890262,0.904674271,0.248830839,0.257083927
1.087,0,0.98,0,0.730495638,0.879543919,0.91348184,0.856264018,0.908805157,0.265779256,0.257714149
1.087,0,0.98,0,0.697684212,0.865754457,0.926310287,0.889336956,0.906020426,0.261090143,0.269223162
1.087,0,0.98,0,0.740538429,0.868242802,0.917372592,0.879102188,0.88669379,0.261816739,0.265568023
1.087,0,0.98,0,0.742127297,0.850421064,0.925577996,0.865483191,0.907531891,0.255665721,0.260908582
1.087,0,0.98,0,0.72668607,0.887501097,0.91108762,0.842951894,0.897294149,0.268334711,0.252887228
1.087,0,0.98,0,0.829395018,0.849299275,0.910349283,0.861040402,0.92300849,0.255259692,0.259351817
1.088,0,0.98,0,0.736464465,0.854070649,0.926176269,0.833583986,0.885458648,0.25664786,0.249474206
1.088,0,0.98,0,0.715635555,0.850206082,0.931831455,0.824797667,0.924901634,0.255318252,0.246395352
1.088,0,0.98,0,0.72758733,0.853569405,0.928313026,0.851557925,0.902894366,0.256421205,0.255719756
1.088,0,0.98,0,0.719750868,0.887517454,0.913408326,0.876993852,0.937080145,0.268134189,0.264516336
1.089,0,0.98,0,0.908647284,0.828405344,0.910995039,0.851587321,0.900551615,0.247251627,0.255376315
1.089,0,0.98,0,0.834986987,0.840913205,0.916364551,0.890138378,0.934060819,0.25174772,0.268799507
1.089,0,0.98,0,0.733799749,0.886213599,0.912275399,0.882783747,0.920159201,0.267447427,0.266270119
1.089,0,0.98,0,0.722440686,0.866626119,0.92472188,0.866934971,0.909193489,0.260574516,0.26068142
1.089,0,0.98,0,0.727610065,0.857878598,0.927949982,0.882724536,0.906583913,0.257540751,0.266126135
1.089,0,0.98,0,0.738557815,0.862569153,0.923255114,0.836493815,0.909770656,0.259245494,0.250145494
1.089,0,0.98,0,0.747591087,0.86803,0.91829304,0.853589727,0.913197295,0.261257936,0.256243595
1.089,0,0.98,0,0.661668397,0.866948826,0.935578982,0.890002047,0.901279103,0.260892794,0.268830439
1.089,0,0.98,0,0.768029048,0.885000309,0.905383535,0.855789849,0.905525274,0.267178572,0.257080323
1.089,0,0.98,0,0.605111916,0.880717444,0.941374108,0.816308263,0.888669734,0.265567763,0.243079166
1.09,0,0.98,0,0.795972158,0.857530066,0.915467054,0.857728366,0.897325494,0.257399149,0.257468081
1.09,0,0.98,0,0.661874138,0.865543172,0.937353999,0.824487474,0.934222768,0.260140668,0.245787462
1.09,0,0.98,0,0.838645574,0.877134922,0.89779544,0.843425718,0.92445822,0.264048885,0.252349002
1.09,0,0.98,0,0.807951411,0.866721282,0.90918152,0.91926541,0.95317165,0.260436191,0.278385329
1.09,0,0.98,0,0.730302066,0.878218887,0.917589611,0.866965492,0.916353119,0.264558372,0.260674185
1.09,0,0.98,0,0.787081828,0.873410205,0.910005141,0.82378525,0.911267459,0.262669094,0.245355565
1.09,0,0.98,0,0.659436599,0.871722729,0.934897658,0.860270103,0.885474557,0.262306708,0.258341345
1.09,0,0.98,0,0.68225254,0.875097269,0.929681021,0.830976401,0.89604164,0.263260068,0.247897721
1.09,0,0.98,0,0.746427526,0.861143744,0.923117726,0.860138149,0.922700777,0.258604746,0.258255711
1.091,0,0.98,0,0.72528484,0.879685234,0.919442411,0.826270736,0.892596919,0.264709655,0.246116226
1.091,0,0.98,0,0.686302313,0.901571723,0.916450924,0.841768826,0.890098906,0.272263135,0.251625813
1.091,0,0.98,0,0.719003032,0.85915441,0.930918728,0.860705519,0.880418556,0.257550578,0.258088746
1.091,0,0.98,0,0.697060849,0.863633748,0.932905208,0.838206758,0.867245561,0.259127752,0.250268456
1.091,0,0.98,0,0.716842138,0.859701253,0.930670745,0.820701533,0.890547203,0.257829106,0.244172965
1.091,0,0.98,0,0.687634316,0.85662833,0.937722702,0.85369607,0.905148699,0.256754481,0.255734683
1.091,0,0.98,0,0.713707407,0.854081137,0.934294325,0.85747074,0.888614182,0.255794589,0.256972932
1.091,0,0.98,0,0.696945422,0.890976272,0.919799572,0.866309349,0.931840019,0.268552559,0.260069744
1.091,0,0.98,0,0.685001749,0.856591939,0.938746564,0.823167091,0.907621782,0.256629391,0.24492643
1.091,0,0.98,0,0.734891001,0.875394736,0.919688739,0.835702038,0.914047528,0.26322662,0.249425782
1.092,0,0.98,0,0.74144272,0.828947244,0.942032324,0.864342234,0.923480604,0.246789404,0.259139759
1.092,0,0.98,0,0.78125662,0.871151045,0.914246069,0.912200435,0.938574746,0.261455048,0.275473806
1.092,0,0.98,0,0.69542679,0.881714941,0.926411567,0.854964465,0.931544544,0.264968208,0.255730584
1.092,0,0.98,0,0.749152251,0.856471472,0.927223365,0.864687332,0.917548,0.256466868,0.259315675
1.092,0,0.98,0,0.780341443,0.883561539,0.908222117,0.861656181,0.937774803,0.265679328,0.258129039
1.092,0,0.98,0,0.833721725,0.844174314,0.918022089,0.935345679,0.930111423,0.252207706,0.283374959
1.092,0,0.98,0,0.737109984,0.857335566,0.929564576,0.839757705,0.877097994,0.256654437,0.250526841
1.093,0,0.98,0,0.746346668,0.900529485,0.907955378,0.856933915,0.917422177,0.271103749,0.256132509
1.093,0,0.98,0,0.759909622,0.83788112,0.935732179,0.829136031,0.883421511,0.249664869,0.246597034
1.093,0,0.98,0,0.78382174,0.856775013,0.921981312,0.810904983,0.914922927,0.256279545,0.240190589
1.093,0,0.98,0,0.763932937,0.867244116,0.920307713,0.845371024,0.914551239,0.259932924,0.252337593
1.093,0,0.98,0,0.806282442,0.868994126,0.912003429,0.879021969,0.909137787,0.260408492,0.263860856
1.093,0,0.98,0,0.694297056,0.868523773,0.933249682,0.884002957,0.92583131,0.260348728,0.265673134
1.093,0,0.98,0,0.711698662,0.855691461,0.93683797,0.903311879,0.903953339,0.25570494,0.272052241
1.093,0,0.98,0,0.733173097,0.876611535,0.92202692,0.856233626,0.87663697,0.263065788,0.256024378
1.094,0,0.98,0,0.738865816,0.880776012,0.920327459,0.842845872,0.926180057,0.264165002,0.251039128
1.094,0,0.98,0,0.7154903,0.88297836,0.92355328,0.839877224,0.92167094,0.26499828,0.250078172
1.094,0,0.98,0,0.754100761,0.886725738,0.913920554,0.838798247,0.899984514,0.266288812,0.249708285
1.094,0,0.98,0,0.765463025,0.84308856,0.93428127,0.874906336,0.919575766,0.251034652,0.262057866
1.094,0,0.98,0,0.7634102,0.843774139,0.933274048,0.846125738,0.908748262,0.251502078,0.25232245
1.094,0,0.98,0,0.659514117,0.877088102,0.937549563,0.816564016,0.914699616,0.263000201,0.241908124
1.094,0,0.98,0,0.734874227,0.866149849,0.927768851,0.842927054,0.906253162,0.259250535,0.251184914
1.095,0,0.98,0,0.738353423,0.845719305,0.937971152,0.867799761,0.930173505,0.251937086,0.259594629
1.095,0,0.98,0,0.753480062,0.901558779,0.907351017,0.853776307,0.905884124,0.271141654,0.254733994
1.095,0,0.98,0,0.738787396,0.880923899,0.921909436,0.88304438,0.907941029,0.263851267,0.264577587
1.095,0,0.98,0,0.739343968,0.819980911,0.95098541,0.854191153,0.903155498,0.24266302,0.254626264
1.095,0,0.98,0,0.69981528,0.882068704,0.928473119,0.876613954,0.909718512,0.264391039,0.262519738
1.095,0,0.98,0,0.704948425,0.883485019,0.926998688,0.807342367,0.895089403,0.264821627,0.238291867
1.095,0,0.98,0,0.724812251,0.894145034,0.917885406,0.820943132,0.915677459,0.268425097,0.243061698
1.096,0,0.98,0,0.698657978,0.861408589,0.9393466,0.851795936,0.912732506,0.257085303,0.253753372
1.096,0,0.98,0,0.783277648,0.862837658,0.922925391,0.845806533,0.935825602,0.257521875,0.251613109
1.096,0,0.98,0,0.726493817,0.920375679,0.905130988,0.903554076,0.920147935,0.277101585,0.271426149
1.096,0,0.98,0,0.794851268,0.882585598,0.910701028,0.857073936,0.892007509,0.264284714,0.255497894
1.096,0,0.98,0,0.714353365,0.881330055,0.926785677,0.798422514,0.902283786,0.263942331,0.234993693
1.096,0,0.98,0,0.778679414,0.875073547,0.918154427,0.891208134,0.914395012,0.261609135,0.267130056
1.096,0,0.98,0,0.705211475,0.868008251,0.935426352,0.878840509,0.891288256,0.259264685,0.262989194
1.096,0,0.98,0,0.780301419,0.865744313,0.922463876,0.873951098,0.939560803,0.258425896,0.261252138
1.096,0,0.98,0,0.616606576,0.885893505,0.944711378,0.839876221,0.915257209,0.265513535,0.249610062
1.096,0,0.98,0,0.629486154,0.911030878,0.930649839,0.818622677,0.882236023,0.274037917,0.24213776
1.096,0,0.98,0,0.723774998,0.898758244,0.917194478,0.846353449,0.911833351,0.269681422,0.251660374
1.097,0,0.98,0,0.745019439,0.865642601,0.930547029,0.882421204,0.938985144,0.258088227,0.263851534
1.097,0,0.98,0,0.847385952,0.892845071,0.895886524,0.883011509,0.926187595,0.267596276,0.264239803
1.097,0,0.98,0,0.798465946,0.885455357,0.909190756,0.895162201,0.916242342,0.265112915,0.268422521
1.097,0,0.98,0,0.736608536,0.90263441,0.913038071,0.905366879,0.936194002,0.270893641,0.271818896
1.097,0,0.98,0,0.690499592,0.859810724,0.943449196,0.818915554,0.878801279,0.25613335,0.241860328
1.097,0,0.98,0,0.679273618,0.870663471,0.940140051,0.82962248,0.917329841,0.259985135,0.245726825
1.097,0,0.98,0,0.729588806,0.869444366,0.930946082,0.827806444,0.92079993,0.259553159,0.245077941
1.098,0,0.98,0,0.783381201,0.889216983,0.911557283,0.824800045,0.940327432,0.266092891,0.243796114
1.098,0,0.98,0,0.716642964,0.897061354,0.920979594,0.889120818,0.924509022,0.268778217,0.266075977
1.098,0,0.98,0,0.857751095,0.88086154,0.902314286,0.84536172,0.884985329,0.263107167,0.250856144
1.098,0,0.98,0,0.783152816,0.880907752,0.916494961,0.882189848,0.937695245,0.263125658,0.263564298
1.098,0,0.98,0,0.761930297,0.870077734,0.925752143,0.947943212,0.897469413,0.259479969,0.285762661
1.099,0,0.98,0,0.806502266,0.876113364,0.916295703,0.909647966,0.918151607,0.261092727,0.272494323
1.099,0,0.98,0,0.715882872,0.860893586,0.940867429,0.854649281,0.923010128,0.255896922,0.253738137
1.099,0,0.98,0,0.894346128,0.845247026,0.916658265,0.908279802,0.90004037,0.250493033,0.272091308
1.099,0,0.98,0,0.7593918,0.887862776,0.919180456,0.88540603,0.907584867,0.26515041,0.264312503
1.099,0,0.98,0,0.860019314,0.842564695,0.92384338,0.87413941,0.895367807,0.249583498,0.260497229
1.099,0,0.98,0,0.69864122,0.886724382,0.931824252,0.884069522,0.92792258,0.264788754,0.263882692
1.1,0,0.98,0,0.834148618,0.89971732,0.898777031,0.845979627,0.928224218,0.269036625,0.250594384
1.1,0,0.98,0,0.754067763,0.877205537,0.925849654,0.869283998,0.936340438,0.2614537,0.258734938
1.1,0,0.98,0,0.767013556,0.898517128,0.913078918,0.864139702,0.922640901,0.268574119,0.256824107
1.1,0,0.98,0,0.724058744,0.886055529,0.927984497,0.800125542,0.886703245,0.264345785,0.234460264
1.1,0,0.98,0,0.696178589,0.903648058,0.924586901,0.836276056,0.941036121,0.270436802,0.247282092
1.1,0,0.98,0,0.763530401,0.878275994,0.923749708,0.850058248,0.907889854,0.26176031,0.252035917
1.101,0,0.98,0,0.703389957,0.870095722,0.941454529,0.875450618,0.919688849,0.258506325,0.260342754
1.101,0,0.98,0,0.729497094,0.873530272,0.934666967,0.874147808,0.903205825,0.259700862,0.259912543
1.101,0,0.98,0,0.791795003,0.888747117,0.914863217,0.826091885,0.89143344,0.264895887,0.243257999
1.101,0,0.98,0,0.718078194,0.889973568,0.928751334,0.851702854,0.892734202,0.265351256,0.252213892
1.101,0,0.98,0,0.667030001,0.909365239,0.929565694,0.859597842,0.916170432,0.272031357,0.255054068
1.101,0,0.98,0,0.71248606,0.865353626,0.94134341,0.862503238,0.89971904,0.257007146,0.25602534
1.102,0,0.98,0,0.776919901,0.903139829,0.911439759,0.860083808,0.898704093,0.269525319,0.254828425
1.102,0,0.98,0,0.721352946,0.905515391,0.920738222,0.889496601,0.90773662,0.270537971,0.265109451
1.102,0,0.98,0,0.763831448,0.860367627,0.935965064,0.855031954,0.925437462,0.254876028,0.253034493
1.102,0,0.98,0,0.772700661,0.865437755,0.931368786,0.894115247,0.902498505,0.256715845,0.266514355
1.102,0,0.98,0,0.801527893,0.846957557,0.934883685,0.874855098,0.887126418,0.250439569,0.260057761
1.103,0,0.98,0,0.773165975,0.86517796,0.932649248,0.852641479,0.954966853,0.256356513,0.252033667
1.103,0,0.98,0,0.753401017,0.840590648,0.948316484,0.876121689,0.886412919,0.247834975,0.260088966
1.103,0,0.98,0,0.791884619,0.854282301,0.934421978,0.879455852,0.9433781,0.2526539,0.261303554
1.103,0,0.98,0,0.772763998,0.875871426,0.927060257,0.860862164,0.879803542,0.260087566,0.254933777
1.104,0,0.98,0,0.749993615,0.857812884,0.94114827,0.838978491,0.915404769,0.253695016,0.247171583
1.104,0,0.98,0,0.818062696,0.886944409,0.914463507,0.86345548,0.894930225,0.263463837,0.255430383
1.104,0,0.98,0,0.705325987,0.864821218,0.946734083,0.901780138,0.944111671,0.255993486,0.268587743
1.104,0,0.98,0,0.694491307,0.867909234,0.94703025,0.836090293,0.908154799,0.257131409,0.246129424
1.104,0,0.98,0,0.759736722,0.885177592,0.926879607,0.827697829,0.891489902,0.262825783,0.243000512
1.105,0,0.98,0,0.743428655,0.867496753,0.939520424,0.837028961,0.882255972,0.256623489,0.246097931
1.105,0,0.98,0,0.727513223,0.881934179,0.935148859,0.84021308,0.921176193,0.261651655,0.247293077
1.105,0,0.98,0,0.78266312,0.87823247,0.925989662,0.867674397,0.920027859,0.260452421,0.256837926
1.105,0,0.98,0,0.76269202,0.856774478,0.941227016,0.848177802,0.892201449,0.252921129,0.249951568
1.105,0,0.98,0,0.817157275,0.853400417,0.932366593,0.865954123,0.928858302,0.251911202,0.256235035
1.105,0,0.98,0,0.776290194,0.881304423,0.926281427,0.808958489,0.9221872,0.261362014,0.23629307
1.105,0,0.98,0,0.72287806,0.874555454,0.940384802,0.857452262,0.919473445,0.258967164,0.253095904
1.105,0,0.98,0,0.761296626,0.861979972,0.938198096,0.837396664,0.908764597,0.254874,0.246368927
1.105,0,0.98,0,0.693359391,0.874574202,0.945200159,0.843187347,0.918631627,0.259182285,0.248368358
1.106,0,0.98,0,0.743330545,0.873970133,0.937615544,0.831430751,0.914909308,0.258570009,0.243885696
1.107,0,0.98,0,0.828613172,0.897456294,0.910278782,0.8891358,0.942155119,0.26626694,0.263449608
1.107,0,0.98,0,0.671554142,0.874458116,0.953034088,0.856208312,0.948999342,0.258374251,0.252114565
1.107,0,0.98,0,0.747430038,0.858375455,0.945280617,0.890816657,0.90218499,0.253032677,0.264116432
1.107,0,0.98,0,0.81136004,0.865571548,0.930121242,0.851985182,0.939953312,0.25546502,0.250789779
1.107,0,0.98,0,0.749204216,0.873536695,0.937361041,0.864321126,0.873870531,0.258277638,0.255120467
1.107,0,0.98,0,0.729300235,0.878289746,0.939914676,0.885133107,0.930181817,0.259674866,0.26200443
1.108,0,0.98,0,0.767168838,0.898586693,0.923098329,0.877677534,0.927894606,0.266378475,0.259284848
1.108,0,0.98,0,0.736355659,0.887897025,0.934128072,0.84121321,0.93779272,0.262874984,0.246860096
1.108,0,0.98,0,0.798639044,0.874438259,0.929321436,0.878146706,0.921729276,0.258196748,0.259461937
1.108,0,0.98,0,0.843277922,0.888202329,0.91408633,0.856753921,0.954516435,0.26278074,0.252035192
1.108,0,0.98,0,0.72161281,0.858641225,0.951948765,0.880938804,0.911833369,0.252687416,0.260315791
1.108,0,0.98,0,0.735899153,0.889012678,0.933541806,0.858298889,0.926638883,0.263281054,0.25278751
1.109,0,0.98,0,0.789659145,0.864604323,0.937542487,0.859494562,0.912338352,0.254497403,0.25274395
1.109,0,0.98,0,0.836672125,0.876985,0.921708855,0.85393562,0.930489757,0.258887305,0.250987474
1.109,0,0.98,0,0.708820965,0.836627617,0.964669102,0.895209037,0.931580219,0.245019296,0.265091994
1.109,0,0.98,0,0.754728463,0.872054454,0.940303114,0.831277186,0.913388188,0.257059158,0.243001797
1.109,0,0.98,0,0.80460359,0.881658716,0.925650356,0.892276576,0.892496063,0.260399388,0.264001929
1.109,0,0.98,0,0.708720342,0.906975648,0.931721692,0.79912658,0.917873465,0.269019993,0.231865621
1.109,0,0.98,0,0.861949313,0.875627633,0.917697026,0.887379393,0.924229743,0.258439709,0.262437964
1.109,0,0.98,0,0.769997381,0.88291038,0.931911597,0.875511373,0.908522578,0.260768138,0.258248855
1.109,0,0.98,0,0.721679669,0.872790595,0.94634175,0.860446126,0.925043209,0.257294597,0.253067277
1.109,0,0.98,0,0.773462062,0.845390544,0.949866778,0.848725364,0.923711881,0.247901209,0.249053234
1.109,0,0.98,0,0.831649459,0.862174509,0.931264405,0.893340609,0.91297649,0.253638924,0.264256538
1.11,0,0.98,0,0.69069701,0.898010863,0.940809615,0.822828236,0.925628598,0.265784347,0.23997451
1.11,0,0.98,0,0.864835362,0.834932815,0.940031001,0.853041081,0.943063967,0.244152546,0.25041465
1.11,0,0.98,0,0.783435093,0.874655619,0.935068946,0.837698783,0.890897668,0.257621919,0.244915418
1.111,0,0.98,0,0.794582471,0.900810657,0.919862165,0.898066024,0.950712376,0.266384801,0.265459962
1.111,0,0.98,0,0.727341526,0.912575756,0.927389169,0.860419887,0.963470113,0.270375451,0.25269237
1.111,0,0.98,0,0.616891562,0.910890872,0.951848675,0.882529379,0.880150781,0.269843351,0.260272968
1.111,0,0.98,0,0.817603839,0.869853843,0.931491326,0.87133886,0.918223541,0.255912247,0.256419478
1.111,0,0.98,0,0.805299394,0.894628677,0.921536196,0.90688956,0.944494101,0.264184747,0.268312676
1.111,0,0.98,0,0.750031534,0.848852977,0.954453714,0.90565016,0.937583212,0.248649201,0.267986151
1.111,0,0.98,0,0.785127146,0.877161048,0.934417364,0.841453583,0.886701969,0.258272247,0.246017468
1.113,0,0.98,0,0.76029968,0.858916102,0.950799608,0.857748957,0.937229356,0.251455358,0.251055094
1.113,0,0.98,0,0.831768215,0.87492063,0.929415667,0.863576964,0.923056198,0.256957333,0.253085753
1.113,0,0.98,0,0.821540181,0.895543147,0.920126784,0.900285918,0.924913422,0.264008425,0.26560592
1.113,0,0.98,0,0.797434242,0.906883037,0.918827341,0.878020702,0.916029722,0.267828776,0.258081993
1.114,0,0.98,0,0.863736171,0.898572052,0.911700953,0.860918811,0.908433777,0.264734587,0.251951253
1.114,0,0.98,0,0.703812932,0.908137713,0.93817778,0.830296228,0.916370957,0.268086388,0.241528405
1.114,0,0.98,0,0.81082388,0.867869885,0.938126268,0.846901784,0.957070517,0.254296689,0.247106285
1.114,0,0.98,0,0.770986658,0.87536099,0.941198099,0.925703028,0.926350019,0.256968435,0.273896203
1.114,0,0.98,0,0.809601172,0.871080836,0.936964789,0.860099122,0.909598548,0.255335883,0.251584086
1.114,0,0.98,0,0.763706988,0.937012688,0.910574317,0.895199871,0.90191753,0.27770885,0.26375282
1.114,0,0.98,0,0.771422572,0.873766475,0.941607826,0.875585787,0.884325572,0.256491351,0.257110663
1.114,0,0.98,0,0.76617887,0.893428341,0.933242274,0.86240928,0.913392336,0.26304282,0.252501962
1.115,0,0.98,0,0.781151154,0.908031746,0.924543044,0.934180315,0.949079868,0.26755443,0.276252884
1.115,0,0.98,0,0.741833513,0.915058977,0.92874947,0.832006553,0.931957243,0.269961923,0.241706578
1.115,0,0.98,0,0.770351153,0.889524041,0.935387039,0.868463883,0.925146588,0.261511339,0.254361151
1.115,0,0.98,0,0.818885688,0.869104192,0.936958445,0.848999863,0.921841076,0.254516195,0.247629954
1.115,0,0.98,0,0.792974865,0.852862265,0.949440245,0.927191793,0.938423634,0.249042525,0.274147293
1.115,0,0.98,0,0.776927701,0.859655796,0.949907552,0.862911153,0.906574662,0.251171768,0.252285455
1.115,0,0.98,0,0.790921919,0.818198164,0.966554095,0.878851866,0.935897281,0.237042179,0.257914217
1.115,0,0.98,0,0.832836021,0.885602039,0.926253609,0.842375749,0.900136759,0.260006267,0.245236626
1.116,0,0.98,0,0.834072055,0.885798245,0.926127058,0.866761442,0.927618654,0.260027369,0.253558994
1.116,0,0.98,0,0.699370258,0.87460161,0.958223955,0.895186412,0.887901232,0.256073395,0.263037964
1.116,0,0.98,0,0.841147774,0.841881152,0.94830911,0.894552459,0.92164568,0.244896484,0.262852512
1.116,0,0.98,0,0.735948843,0.885083336,0.946186963,0.903368866,0.934290013,0.259607537,0.26576708
1.117,0,0.98,0,0.807322654,0.87773155,0.936745548,0.901293862,0.93803202,0.257001352,0.264954095
1.117,0,0.98,0,0.826797765,0.886205233,0.9286634,0.856170688,0.883677499,0.259869542,0.249647049
1.117,0,0.98,0,0.812728694,0.895359522,0.927381299,0.887268247,0.934382966,0.262772262,0.260044546
1.118,0,0.98,0,0.836610692,0.899275177,0.92092321,0.869437041,0.930314153,0.264031288,0.253941169
1.118,0,0.98,0,0.7802478,0.904169066,0.929736137,0.883159475,0.94364552,0.265609908,0.258536678
1.118,0,0.98,0,0.694398042,0.912860923,0.942848036,0.827904976,0.910736138,0.26856987,0.239664234
1.119,0,0.98,0,0.753660345,0.890391794,0.943280626,0.870421268,0.919556683,0.26070851,0.253947398
1.119,0,0.98,0,0.765934188,0.894262248,0.939204039,0.875661846,0.936060587,0.261950297,0.255666909
1.119,0,0.98,0,0.726207818,0.906288371,0.940726679,0.865996396,0.930929696,0.266085642,0.252479804
1.119,0,0.98,0,0.839752481,0.881248976,0.932268986,0.891464379,0.925833316,0.257464636,0.260912652
1.119,0,0.98,0,0.669442593,0.929995564,0.941990868,0.882361323,0.923778406,0.273823061,0.257892937
1.119,0,0.98,0,0.779222665,0.87899782,0.944868654,0.874238749,0.934559445,0.256683814,0.255070391
1.119,0,0.98,0,0.771046789,0.882102201,0.944137723,0.89829725,0.933619631,0.257891192,0.263349289
1.119,0,0.98,0,0.846530901,0.862769162,0.940703903,0.888150137,0.940422624,0.251198165,0.259807714
1.12,0,0.98,0,0.768721482,0.900045031,0.937389268,0.863689577,0.938360245,0.263529803,0.251240362
1.12,0,0.98,0,0.820843377,0.858755586,0.947738547,0.884849494,0.92794417,0.249741366,0.258605684
1.12,0,0.98,0,0.712102868,0.887543636,0.953858018,0.827280721,0.894052385,0.259535364,0.238934656
1.12,0,0.98,0,0.784859814,0.885493286,0.94140678,0.8654754,0.929393015,0.25868727,0.251900056
1.12,0,0.98,0,0.805453893,0.874256976,0.943111048,0.858128753,0.909854117,0.254916419,0.249424972
1.12,0,0.98,0,0.761323717,0.904543541,0.936672302,0.945322329,0.947527034,0.265016251,0.278522352
1.121,0,0.98,0,0.765257683,0.879766593,0.948856483,0.889470973,0.938282226,0.256574417,0.259850019
1.121,0,0.98,0,0.82858453,0.884851714,0.934630461,0.836781674,0.907955109,0.25821724,0.241822268
1.121,0,0.98,0,0.781936391,0.902627508,0.934473437,0.876331593,0.9198974,0.264169527,0.255315267
1.121,0,0.98,0,0.782726259,0.940458955,0.913411317,0.925912545,0.959079207,0.276919198,0.272120855
1.122,0,0.98,0,0.862814039,0.867326113,0.938159491,0.907788067,0.942050041,0.25216965,0.265803104
1.122,0,0.98,0,0.81009406,0.914560422,0.923270656,0.870137291,0.90951735,0.267994874,0.253061735
1.122,0,0.98,0,0.821436882,0.871760958,0.944308246,0.846008263,0.928435304,0.253462018,0.244676928
1.123,0,0.98,0,0.854057582,0.863068867,0.943388123,0.875444759,0.940381232,0.250418926,0.254620967
1.123,0,0.98,0,0.761704393,0.90728903,0.938934662,0.863493578,0.925311575,0.265124775,0.250368485
1.123,0,0.98,0,0.746036357,0.914446281,0.938182962,0.841191089,0.90027886,0.267578452,0.24281066
1.123,0,0.98,0,0.891711773,0.924896183,0.902518547,0.856711846,0.950186244,0.271138008,0.248215355
1.123,0,0.98,0,0.832843586,0.911958763,0.921209972,0.902856981,0.915323514,0.266894854,0.26385794
1.124,0,0.98,0,0.8514227,0.893298459,0.929182191,0.88359952,0.892481449,0.260344323,0.25708142
1.124,0,0.98,0,0.809464124,0.879421055,0.94441358,0.869849412,0.918027158,0.255664067,0.252423914
1.124,0,0.98,0,0.75443178,0.885064829,0.9525346,0.874601532,0.937379474,0.257455761,0.253922797
1.124,0,0.98,0,0.789983977,0.918927156,0.927998125,0.844553813,0.920836496,0.268807507,0.243718897
1.124,0,0.98,0,0.831305224,0.866221596,0.94714558,0.882591438,0.930376288,0.251207001,0.256749156
1.125,0,0.98,0,0.781706401,0.900744569,0.93988249,0.873461076,0.908012437,0.26259453,0.25341483
1.125,0,0.98,0,0.840823369,0.878924146,0.939696037,0.873284949,0.88964995,0.255320248,0.253413225
1.126,0,0.98,0,0.777776833,0.893477515,0.946167352,0.903810589,0.973630177,0.259775457,0.263231149
1.126,0,0.98,0,0.805646762,0.892193672,0.940951902,0.900297662,0.951352309,0.259449345,0.262163128
1.126,0,0.98,0,0.808764111,0.881196743,0.946062077,0.875810904,0.930648546,0.255746545,0.253928417
1.126,0,0.98,0,0.836272782,0.876540818,0.94407917,0.878842578,0.940692151,0.254029288,0.254806355
1.126,0,0.98,0,0.792654471,0.873143327,0.952934899,0.85245494,0.936088024,0.253071093,0.246038323
1.126,0,0.98,0,0.751161146,0.90358978,0.946044039,0.856652831,0.899515613,0.26321977,0.247388687
1.126,0,0.98,0,0.824526943,0.910409924,0.928446162,0.85706814,0.917575087,0.265363132,0.247405913
1.127,0,0.98,0,0.741440408,0.892444479,0.954254645,0.878734744,0.923620833,0.259330972,0.254719464
1.127,0,0.98,0,0.693431066,0.887754049,0.967091286,0.814215499,0.935517396,0.257519277,0.232424983
1.127,0,0.98,0,0.755118567,0.889515457,0.953775184,0.847501346,0.927019079,0.258186248,0.243952015
1.128,0,0.98,0,0.663014559,0.939841628,0.950127741,0.837760259,0.915503273,0.274544157,0.240300543
1.128,0,0.98,0,0.786230734,0.895661495,0.945152038,0.880415488,0.948975374,0.260134203,0.255014435
1.128,0,0.98,0,0.80737937,0.896906159,0.941164838,0.884512353,0.926376602,0.260388658,0.256233057
1.128,0,0.98,0,0.796508189,0.949717776,0.915517316,0.919611174,0.944343223,0.277758119,0.267872271
1.128,0,0.98,0,0.790634272,0.891641889,0.947035154,0.863511929,0.930745384,0.258643167,0.249155426
1.128,0,0.98,0,0.820131251,0.892605758,0.941021617,0.820050595,0.912356187,0.258937672,0.234245324
1.129,0,0.98,0,0.850776584,0.884638205,0.940870861,0.862095686,0.932168181,0.255970865,0.248358565
1.129,0,0.98,0,0.851911361,0.914529715,0.924524656,0.862600079,0.913061021,0.265936972,0.248520457
1.129,0,0.98,0,0.817535889,0.90919095,0.934077321,0.866182488,0.922105042,0.264190793,0.249759544
1.129,0,0.98,0,0.869373182,0.894649928,0.931752891,0.898044095,0.920463069,0.259382331,0.2605169
1.129,0,0.98,0,0.806730902,0.915028851,0.932108409,0.876127738,0.933480918,0.26634551,0.253333472
1.129,0,0.98,0,0.828510965,0.889497158,0.942351979,0.859332067,0.934676851,0.257623383,0.247441385
1.13,0,0.98,0,0.803828845,0.92574604,0.928937188,0.910223315,0.932628683,0.269469074,0.264334781
1.13,0,0.98,0,0.78611439,0.937028744,0.927001447,0.864499367,0.928685704,0.273092332,0.248915517
1.13,0,0.98,0,0.803420051,0.876377313,0.954859821,0.8801838,0.957312176,0.252989169,0.25427128
1.13,0,0.98,0,0.696296969,0.893442595,0.966916387,0.849238387,0.906452699,0.258767296,0.243832443
1.13,0,0.98,0,0.774968468,0.887092596,0.95429366,0.883220905,0.937368874,0.256702106,0.255401723
1.13,0,0.98,0,0.813386254,0.861214849,0.960016865,0.909788956,0.955181328,0.248004546,0.264316714
1.131,0,0.98,0,0.831813996,0.90581968,0.935020545,0.877114771,0.923255075,0.262656993,0.253049238
1.131,0,0.98,0,0.857265674,0.90717494,0.929913527,0.88375656,0.937355653,0.262987899,0.255165574
1.131,0,0.98,0,0.811328679,0.889363317,0.947271322,0.897437812,0.942006806,0.257239128,0.259939819
1.131,0,0.98,0,0.753159241,0.902980758,0.951639655,0.830699194,0.923023209,0.261793378,0.237335346
1.131,0,0.98,0,0.885155592,0.882320118,0.937910651,0.86591783,0.923600004,0.254755412,0.249223393
1.132,0,0.98,0,0.809816367,0.923700058,0.931094521,0.84100755,0.887185469,0.268305514,0.240534498
1.132,0,0.98,0,0.802762975,0.892162161,0.949701329,0.897269527,0.941740881,0.257700366,0.259406
1.132,0,0.98,0,0.849693866,0.902113404,0.935162753,0.881582676,0.921483496,0.261085073,0.254219008
1.132,0,0.98,0,0.775002212,0.92592061,0.93691496,0.899635155,0.910189793,0.269075604,0.260367458
1.133,0,0.98,0,0.804841563,0.925783547,0.932100989,0.862462415,0.938052975,0.268755993,0.247610246
1.133,0,0.98,0,0.814479089,0.896178299,0.946607042,0.905097851,0.913883415,0.258781518,0.261750701
1.133,0,0.98,0,0.795129959,0.899797585,0.94755192,0.931374052,0.940624406,0.260182187,0.270624581
1.133,0,0.98,0,0.885834182,0.915814932,0.921985236,0.846140529,0.923569986,0.265345046,0.241947257
1.133,0,0.98,0,0.851844353,0.88292572,0.946697901,0.889641206,0.943185072,0.254321414,0.2565713
1.133,0,0.98,0,0.834935737,0.908139224,0.936016542,0.896665583,0.936923191,0.262823704,0.259006923
1.133,0,0.98,0,0.858648501,0.905463294,0.932277443,0.874054507,0.94735922,0.262061281,0.251550463
1.133,0,0.98,0,0.801901036,0.9036071,0.944779443,0.866814092,0.902729527,0.261338497,0.249003608
1.133,0,0.98,0,0.758228717,0.874783347,0.967348638,0.860858543,0.932412552,0.251750442,0.247045848
1.134,0,0.98,0,0.815551462,0.896597675,0.947257455,0.909222449,0.941782922,0.25869422,0.262890565
1.134,0,0.98,0,0.852549621,0.904759678,0.935288655,0.881188223,0.941615811,0.261520502,0.253648525
1.134,0,0.98,0,0.764513467,0.915738529,0.946571879,0.862306702,0.911958817,0.265238146,0.247360606
1.134,0,0.98,0,0.708500611,0.930357425,0.951209768,0.894716663,0.951852682,0.27000824,0.258211257
1.134,0,0.98,0,0.837998572,0.887330457,0.948089623,0.863312491,0.927490508,0.255554022,0.247472657
1.135,0,0.98,0,0.841221891,0.868837186,0.95759561,0.863596235,0.910728091,0.249244017,0.247474008
1.135,0,0.98,0,0.780201692,0.889431089,0.958163044,0.857573015,0.943535509,0.256202335,0.24547592
1.135,0,0.98,0,0.825205676,0.864653651,0.962479355,0.84437963,0.924687077,0.247851909,0.240970956
1.135,0,0.98,0,0.811747571,0.911431808,0.940711486,0.86854917,0.89290415,0.263514331,0.249180745
1.135,0,0.98,0,0.871984346,0.893472811,0.93982083,0.877308736,0.948843364,0.257326966,0.251915206
1.135,0,0.98,0,0.812289043,0.88433357,0.955769647,0.910944169,0.940065792,0.254269605,0.263130078
1.135,0,0.98,0,0.834461983,0.894739543,0.945897322,0.881086499,0.952459611,0.257808272,0.253241756
1.135,0,0.98,0,0.850121002,0.917680042,0.930022099,0.90045527,0.911909131,0.265522331,0.259815044
1.136,0,0.98,0,0.777198621,0.903799521,0.952877488,0.882196852,0.940369991,0.260693544,0.253486435
1.136,0,0.98,0,0.856183282,0.870556014,0.955821598,0.911078607,0.919096268,0.249453544,0.262982126
1.136,0,0.98,0,0.749996686,0.952446809,0.933970395,0.945212216,0.944279113,0.276549775,0.274199206
1.136,0,0.98,0,0.846143356,0.899259513,0.942072403,0.858507629,0.956411452,0.2591463,0.245467131
1.136,0,0.98,0,0.817682602,0.945249017,0.923476082,0.904459892,0.955382387,0.274144943,0.260740083
1.136,0,0.98,0,0.813046924,0.906962079,0.945021648,0.863450825,0.90985828,0.261566209,0.24700537
1.136,0,0.98,0,0.760574885,0.908385231,0.954207998,0.823461912,0.919785839,0.26214161,0.23348371
1.136,0,0.98,0,0.795288129,0.912318879,0.945715133,0.897138948,0.934123389,0.263341964,0.258306139
1.137,0,0.98,0,0.793730942,0.920812644,0.942619733,0.920366335,0.897424157,0.265923769,0.265776854
1.137,0,0.98,0,0.893368162,0.914796468,0.925869322,0.912133158,0.923679945,0.264006661,0.263126933
1.137,0,0.98,0,0.762422463,0.877370848,0.970109482,0.911929842,0.927027806,0.251605928,0.26312066
1.137,0,0.98,0,0.820259322,0.901486806,0.947388981,0.915629385,0.928915484,0.259561931,0.264243657
1.137,0,0.98,0,0.834704019,0.882093885,0.954131685,0.930888771,0.919540544,0.253235827,0.269407751
1.138,0,0.98,0,0.786628486,0.895922154,0.957612391,0.85942891,0.925580391,0.257530116,0.245286744
1.138,0,0.98,0,0.84102577,0.88175151,0.954835781,0.946126727,0.949790183,0.252769271,0.27401623
1.138,0,0.98,0,0.816832819,0.871290917,0.964668319,0.906711299,0.930294934,0.249244141,0.261067849
1.138,0,0.98,0,0.905217559,0.925642117,0.919129304,0.940439078,0.957001761,0.267215542,0.272055041
1.138,0,0.98,0,0.916307551,0.910190378,0.925853822,0.932989112,0.924866911,0.262119362,0.269616314
1.138,0,0.98,0,0.797452535,0.911024426,0.948464538,0.905886347,0.945272822,0.262383056,0.260683189
1.138,0,0.98,0,0.869281977,0.861035608,0.960990153,0.916119248,0.943481512,0.24572591,0.26411359
1.139,0,0.98,0,0.695279143,0.907378953,0.97112661,0.945477911,0.956589352,0.261132878,0.273630938
1.139,0,0.98,0,0.735850046,0.906836028,0.963408152,0.902312905,0.946084692,0.260892813,0.259394048
1.139,0,0.98,0,0.821866034,0.901485846,0.949566647,0.874070174,0.930182185,0.259038268,0.249887076
1.139,0,0.98,0,0.817041608,0.878210701,0.96279517,0.85953619,0.925707546,0.251217837,0.244934078
1.14,0,0.98,0,0.938838792,0.883957571,0.938203552,0.895786683,0.957012785,0.253061972,0.257005768
1.14,0,0.98,0,0.813333311,0.912363919,0.946271075,0.892334278,0.893263736,0.26247584,0.255835447
1.14,0,0.98,0,0.820647558,0.914017971,0.94421436,0.909598635,0.947802916,0.262965592,0.261506903
1.14,0,0.98,0,0.883495908,0.911373046,0.934034106,0.91748952,0.945119496,0.261965729,0.26398166
1.14,0,0.98,0,0.744985406,0.919344791,0.957074912,0.905349617,0.910814193,0.264650038,0.26003244
1.14,0,0.98,0,0.744622496,0.889329374,0.9719352,0.831132222,0.941851678,0.254709666,0.235067766
1.14,0,0.98,0,0.839394333,0.917021965,0.938857177,0.887268058,0.92752651,0.263964387,0.254100254
1.14,0,0.98,0,0.762236243,0.924825375,0.951035595,0.888754891,0.938741152,0.2663847,0.254455093
1.14,0,0.98,0,0.830631839,0.920236252,0.939323011,0.888432094,0.92599158,0.264924188,0.254392828
1.141,0,0.98,0,0.857826373,0.918880597,0.935073226,0.889994797,0.933174243,0.264395255,0.254832212
1.141,0,0.98,0,0.823524449,0.890327512,0.957732404,0.909148564,0.912784867,0.254772426,0.261014543
1.141,0,0.98,0,0.894796738,0.915669295,0.930712629,0.873923116,0.937971484,0.263121458,0.249247284
1.141,0,0.98,0,0.907870572,0.872881823,0.951202517,0.941651903,0.960097814,0.249055208,0.271788543
1.141,0,0.98,0,0.789792444,0.928439962,0.944334987,0.904254039,0.923573746,0.267383087,0.259421717
1.142,0,0.98,0,0.861946471,0.905897051,0.943398317,0.876131587,0.933806645,0.259689781,0.249784732
1.142,0,0.98,0,0.849561771,0.907645786,0.944288722,0.931278951,0.944152394,0.260379392,0.268145162
1.142,0,0.98,0,0.818538553,0.907752816,0.950104167,0.852855694,0.933544333,0.260442912,0.242085452
1.143,0,0.98,0,0.826477965,0.927213885,0.939489985,0.869975721,0.947034717,0.26655975,0.247583014
1.143,0,0.98,0,0.69560773,0.930260813,0.966087626,0.927246222,0.964709897,0.267378338,0.266392827
1.144,0,0.98,0,0.777594758,0.909624175,0.960719382,0.891159046,0.929130146,0.260317684,0.254205806
1.144,0,0.98,0,0.826614804,0.929736933,0.940132864,0.873718793,0.889923804,0.266956154,0.248425407
1.144,0,0.98,0,0.826865149,0.9243665,0.942167826,0.908669509,0.937629718,0.265370614,0.260210617
1.144,0,0.98,0,0.821647387,0.901267845,0.955859047,0.908865228,0.945762813,0.257679657,0.260189734
1.145,0,0.98,0,0.830459777,0.923605237,0.943051109,0.871261926,0.900500797,0.264870377,0.247524788
1.145,0,0.98,0,0.845090108,0.885476692,0.961096198,0.838271322,0.922027927,0.252152289,0.23627456
1.145,0,0.98,0,0.801609277,0.89812946,0.962041655,0.889839151,0.950325992,0.256489699,0.253737997
1.145,0,0.98,0,0.844309712,0.904747325,0.95102205,0.902759611,0.926794087,0.258551061,0.257894323
1.145,0,0.98,0,0.841781014,0.89094047,0.958177481,0.871723276,0.938413194,0.254108217,0.247694576
1.146,0,0.98,0,0.813993369,0.899693284,0.960941042,0.919395133,0.935875176,0.256574063,0.263062596
1.146,0,0.98,0,0.791426013,0.931174835,0.948418705,0.908595242,0.959211696,0.267036246,0.25963319
1.147,0,0.98,0,0.806590981,0.89272712,0.967133109,0.917184002,0.959541185,0.254014793,0.262081818
1.147,0,0.98,0,0.86989565,0.898183408,0.951571978,0.931037364,0.964679935,0.255996718,0.266790078
1.147,0,0.98,0,0.733719031,0.930683289,0.962089101,0.928289047,0.95917294,0.266587912,0.26580682
1.148,0,0.98,0,0.832108613,0.879173175,0.969825994,0.892450059,0.911165462,0.249408843,0.25382418
1.148,0,0.98,0,0.875908027,0.927454672,0.936218096,0.893094411,0.94528917,0.265227413,0.253925706
1.149,0,0.98,0,0.86148922,0.922331678,0.942645429,0.908845749,0.930140077,0.263397318,0.258973417
1.149,0,0.98,0,0.793509369,0.908334346,0.963338663,0.895927698,0.919657719,0.258822003,0.254727401
1.149,0,0.98,0,0.808107885,0.920794318,0.954024219,0.926159656,0.901765311,0.262900851,0.264654588
1.149,0,0.98,0,0.900403592,0.891349653,0.952732787,0.907866642,0.898396745,0.253105635,0.258561664
1.149,0,0.98,0,0.882495658,0.93614228,0.931286923,0.922891734,0.940282303,0.267794278,0.263476138
1.149,0,0.98,0,0.720528863,0.924774632,0.969981356,0.851069298,0.947032715,0.264192918,0.239721362
1.149,0,0.98,0,0.849846009,0.929259776,0.941799472,0.870829146,0.940863757,0.265524004,0.246229819
1.15,0,0.98,0,0.869549593,0.913651836,0.947911918,0.853490155,0.932635805,0.260123982,0.240128696
1.15,0,0.98,0,0.859311838,0.894364118,0.959492986,0.846494198,0.935984043,0.253924655,0.237921053
1.15,0,0.98,0,0.820944188,0.944160819,0.940489985,0.859014872,0.944459514,0.270169995,0.242087023
1.151,0,0.98,0,0.882547097,0.905390743,0.950674518,0.914326629,0.944954297,0.257263162,0.260198726
1.151,0,0.98,0,0.789757005,0.924746011,0.958163075,0.865293779,0.944635255,0.263666913,0.244007593
1.151,0,0.98,0,0.843639051,0.911500137,0.954740503,0.88832755,0.954651934,0.25927738,0.251631311
1.151,0,0.98,0,0.815562045,0.891640524,0.970478555,0.917275698,0.950120655,0.252725936,0.261167589
1.151,0,0.98,0,0.856357599,0.908411299,0.954647554,0.906318299,0.923856183,0.258120085,0.257431928
1.151,0,0.98,0,0.845487633,0.894693301,0.963185041,0.877467216,0.922724692,0.253764473,0.248046119
1.151,0,0.98,0,0.793158901,0.909677585,0.965416046,0.885352077,0.959657476,0.258699874,0.250664636
1.152,0,0.98,0,0.847855439,0.909219541,0.956802215,0.899556501,0.942797834,0.258186147,0.255006134
1.152,0,0.98,0,0.812010911,0.910134435,0.96366917,0.930417159,0.92422393,0.258397211,0.265023609
1.152,0,0.98,0,0.768081005,0.913414581,0.969544071,0.907567532,0.970581713,0.259704252,0.257784698
1.153,0,0.98,0,0.725180591,0.913984114,0.9801408,0.899667095,0.953609607,0.259421177,0.254717755
1.153,0,0.98,0,0.839224952,0.878592154,0.975041265,0.91189998,0.896791797,0.247939577,0.258941569
1.153,0,0.98,0,0.83640088,0.930300483,0.948676596,0.86838813,0.962563531,0.264872834,0.244463476
1.153,0,0.98,0,0.810518737,0.913404845,0.962348405,0.902563543,0.927922287,0.259450924,0.255889595
1.154,0,0.98,0,0.861084712,0.919954777,0.950416334,0.862702173,0.92682618,0.261294321,0.242363447
1.154,0,0.98,0,0.814211678,0.911005174,0.964800307,0.927420747,0.957865909,0.25826474,0.263625942
1.154,0,0.98,0,0.882917746,0.877880213,0.969627433,0.890817331,0.926575785,0.247300251,0.25158989
1.154,0,0.98,0,0.88161912,0.91551916,0.949055743,0.917510994,0.940435342,0.259809872,0.260461269
1.154,0,0.98,0,0.84918261,0.911361166,0.958051009,0.883685207,0.921027845,0.258340855,0.249215976
1.154,0,0.98,0,0.854366295,0.898786032,0.963689593,0.88378053,0.934980972,0.254225687,0.249264774
1.154,0,0.98,0,0.752029392,0.926627501,0.969419784,0.847884997,0.909004965,0.263336745,0.237264516
1.154,0,0.98,0,0.762749439,0.942625047,0.95844892,0.89166872,0.95890318,0.268646677,0.251987317
1.154,0,0.98,0,0.864926073,0.90761645,0.956739342,0.920504586,0.960098763,0.257179683,0.261398825
1.155,0,0.98,0,0.86578197,0.939692456,0.939951205,0.866480516,0.947995923,0.267427578,0.243357315
1.155,0,0.98,0,0.83525651,0.934231613,0.949386512,0.909312777,0.956411714,0.265605943,0.257480753
1.155,0,0.98,0,0.691097417,0.931023324,0.980541424,0.890586414,0.956348465,0.264668379,0.251416079
1.155,0,0.98,0,0.90320942,0.932588548,0.937109308,0.939554604,0.947502262,0.265000841,0.267257153
1.155,0,0.98,0,0.822035221,0.935566106,0.950979459,0.921629756,0.955780537,0.266116656,0.26158584
1.156,0,0.98,0,0.875748714,0.916938743,0.952502739,0.914891666,0.917186014,0.259634777,0.258965976
1.156,0,0.98,0,0.804077669,0.936298197,0.956107967,0.916429334,0.959884343,0.265970432,0.259509075
1.157,0,0.98,0,0.873335287,0.911353595,0.957102104,0.918965743,0.895406355,0.257585683,0.26007238
1.157,0,0.98,0,0.783157233,0.897096462,0.981851535,0.894296903,0.951667496,0.252867851,0.251945583
1.157,0,0.98,0,0.90597184,0.908341273,0.951793675,0.894638979,0.947261095,0.256770012,0.252265348
1.158,0,0.98,0,0.909184316,0.932605025,0.939335192,0.91190116,0.92582316,0.264305392,0.257566071
1.158,0,0.98,0,0.839178425,0.911736647,0.964080997,0.92033008,0.954706903,0.257574845,0.260380252
1.158,0,0.98,0,0.89639024,0.941423106,0.937307695,0.922077048,0.937358874,0.267059582,0.260790412
1.159,0,0.98,0,0.839906362,0.8997366,0.971451743,0.909117322,0.951875917,0.253395763,0.256472311
1.16,0,0.98,0,0.883461065,0.914887166,0.957406054,0.929066625,0.937637507,0.25788841,0.26249864
1.16,0,0.98,0,0.874813477,0.938497517,0.945681935,0.908507941,0.956015345,0.265618126,0.255872992
1.16,0,0.98,0,0.797293951,0.919505642,0.971258144,0.899568279,0.939642099,0.25947847,0.252959382
1.16,0,0.98,0,0.909587715,0.893682363,0.963841205,0.928818661,0.956431873,0.251013439,0.262493142
1.161,0,0.98,0,0.83347684,0.927168924,0.961380761,0.898864276,0.950385903,0.261692593,0.252456863
1.161,0,0.98,0,0.785414987,0.946123957,0.960834538,0.90645697,0.948676889,0.267884072,0.255015309
1.161,0,0.98,0,0.871263056,0.900085793,0.967982816,0.910326824,0.959681832,0.252990405,0.256344377
1.161,0,0.98,0,0.849765817,0.904115435,0.969976692,0.836571703,0.939970279,0.254284459,0.231844671
1.161,0,0.98,0,0.865606122,0.937667307,0.949055435,0.868108073,0.928669371,0.265129897,0.242333633
1.161,0,0.98,0,0.915003349,0.87074623,0.976004424,0.901791132,0.947070154,0.24328619,0.253534859
1.161,0,0.98,0,0.820603938,0.948443555,0.952432745,0.905172733,0.949909679,0.268583678,0.254550356
1.162,0,0.98,0,0.841138647,0.938364702,0.954411396,0.872504292,0.942006997,0.265187856,0.243634375
1.162,0,0.98,0,0.860085209,0.925945507,0.958367807,0.901383166,0.939398673,0.260971859,0.252964648
1.162,0,0.98,0,0.795797688,0.934353197,0.965571367,0.934837301,0.967467435,0.263937712,0.264094137
1.162,0,0.98,0,0.78288689,0.928974793,0.972100751,0.824808783,0.913648261,0.261968014,0.22749043
1.162,0,0.98,0,0.801191411,0.951105388,0.956290821,0.922289548,0.934902901,0.269186015,0.259886603
1.163,0,0.98,0,0.801682971,0.940464598,0.963020321,0.88302955,0.921468506,0.26552087,0.246788327
1.163,0,0.98,0,0.771470011,0.949673492,0.96407888,0.872145681,0.944776105,0.268577294,0.243279238
1.163,0,0.98,0,0.905241794,0.926813516,0.949209389,0.919180078,0.952033242,0.261234633,0.25875645
1.164,0,0.98,0,0.747147556,0.924090989,0.983929753,0.933089975,0.926131733,0.259951759,0.262863694
1.164,0,0.98,0,0.872565648,0.890880416,0.977091964,0.898124975,0.950302573,0.249061786,0.25144073
1.165,0,0.98,0,0.805955719,0.953917748,0.957671721,0.939530048,0.927365356,0.269276584,0.264661602
1.165,0,0.98,0,0.906320273,0.939519382,0.944894691,0.915143115,0.933267876,0.264706651,0.256818035
1.166,0,0.98,0,0.905311888,0.902832829,0.966945484,0.926631091,0.932810027,0.252530294,0.260270476
1.166,0,0.98,0,0.842952472,0.935974674,0.960894148,0.914369408,0.955984148,0.2632733,0.256278673
1.166,0,0.98,0,0.852718058,0.939429826,0.95700056,0.909004158,0.93854898,0.264395681,0.254541236
1.166,0,0.98,0,0.889402149,0.947379004,0.944468384,0.913225888,0.955595085,0.267094965,0.256060104
1.167,0,0.98,0,0.777343372,0.955822869,0.965198823,0.949819778,0.97095292,0.269379381,0.267461032
1.167,0,0.98,0,0.909847739,0.923618951,0.955848617,0.950393033,0.931489678,0.259034261,0.267652305
1.168,0,0.98,0,0.87787286,0.926250236,0.961473347,0.897659521,0.948699408,0.259692934,0.250391468
1.168,0,0.98,0,0.846905818,0.960549046,0.948560492,0.909496219,0.976250893,0.270740161,0.254298108
1.169,0,0.98,0,0.866418655,0.922944754,0.967595347,0.947083573,0.941931776,0.258195904,0.26596335
1.169,0,0.98,0,0.858803409,0.931992447,0.964033007,0.894600778,0.931996296,0.261143937,0.248996358
1.169,0,0.98,0,0.804652146,0.943738137,0.968744435,0.941631101,0.946723543,0.264903673,0.264227981
1.169,0,0.98,0,0.841853801,0.923504777,0.970981553,0.901021793,0.901961367,0.258597394,0.251286957
1.169,0,0.98,0,0.89682964,0.94048049,0.951845689,0.886986629,0.933004722,0.263868271,0.246493662
1.17,0,0.98,0,0.837524943,0.933745722,0.968523365,0.893199752,0.965780206,0.261460172,0.248295542
1.171,0,0.98,0,0.810371362,0.923798412,0.979652083,0.94959978,0.941843679,0.258151901,0.266442885
1.171,0,0.98,0,0.89697847,0.951629029,0.948014931,0.925011216,0.958135089,0.266923091,0.258378706
1.171,0,0.98,0,0.844509591,0.905883461,0.983057025,0.915945833,0.960977954,0.252210073,0.255479336
1.171,0,0.98,0,0.867383482,0.921594262,0.970405363,0.914195376,0.953100571,0.257299087,0.254902422
1.171,0,0.98,0,0.893616348,0.917733535,0.966621216,0.912081229,0.957096307,0.256231032,0.254397085
1.171,0,0.98,0,0.865425541,0.947985425,0.95540449,0.922128002,0.934992491,0.265972741,0.257656913
1.172,0,0.98,0,0.893899808,0.952576498,0.94938678,0.898167365,0.958021523,0.266962528,0.249406638
1.173,0,0.98,0,0.86292333,0.923052092,0.97301984,0.93370384,0.946159514,0.257254186,0.260685259
1.173,0,0.98,0,0.931344258,0.930214979,0.955366669,0.91178017,0.924104561,0.259678712,0.253720146
1.174,0,0.98,0,0.908544057,0.942605057,0.954686391,0.925825829,0.949314458,0.263258909,0.257870949
1.175,0,0.98,0,0.895410123,0.946741587,0.956042799,0.829901095,0.949076418,0.26435835,0.226138694
1.175,0,0.98,0,0.934052242,0.911017456,0.968355391,0.907651872,0.932789216,0.2529465,0.251854407
1.175,0,0.98,0,0.880063954,0.948509905,0.957386569,0.86404186,0.959101582,0.26507233,0.23763008
1.175,0,0.98,0,0.84415483,0.923138575,0.979183256,0.90755024,0.967059567,0.25675855,0.25171433
1.176,0,0.98,0,0.775306195,0.945518311,0.981727935,0.948772323,0.946462961,0.263864345,0.26490258
1.176,0,0.98,0,0.898070671,0.918445997,0.972254958,0.929755584,0.958161773,0.255078003,0.258722724
1.176,0,0.98,0,0.92892362,0.953290639,0.946701505,0.897130364,0.952894967,0.266225893,0.248138169
1.176,0,0.98,0,0.893443981,0.938242818,0.961675956,0.936105987,0.958864081,0.261545616,0.260860776
1.177,0,0.98,0,0.878638763,0.931078402,0.970634319,0.863569896,0.925575433,0.258823054,0.236838612
1.177,0,0.98,0,0.904357114,0.943544726,0.958355596,0.937577826,0.968823445,0.262876243,0.260968116
1.178,0,0.98,0,0.880851585,0.935430721,0.968473227,0.90341264,0.954037979,0.260084927,0.249755588
1.178,0,0.98,0,0.896420958,0.903696652,0.983182048,0.853857156,0.962218965,0.249782333,0.233437412
1.178,0,0.98,0,0.865015778,0.942249714,0.967436263,0.896918991,0.942893159,0.262350449,0.247725262
1.178,0,0.98,0,0.869041637,0.923536071,0.977588897,0.933537938,0.922702776,0.256196453,0.259410161
1.179,0,0.98,0,0.861804018,0.940157368,0.970450351,0.929962956,0.963472516,0.261432906,0.258167261
1.18,0,0.98,0,0.854459026,0.93368437,0.976827178,0.937239323,0.9566431,0.259076019,0.260213964
1.18,0,0.98,0,0.915733506,0.919204938,0.973046252,0.937970556,0.922179821,0.254418441,0.260443221
1.181,0,0.98,0,0.830754092,0.945553693,0.977317162,0.917595862,0.95218569,0.262436699,0.253480003
1.181,0,0.98,0,0.774140324,0.956534668,0.982550219,0.929648577,0.96038625,0.266083849,0.257511149
1.182,0,0.98,0,0.932481677,0.937520918,0.962687409,0.922094001,0.949898269,0.259670751,0.254726684
1.182,0,0.98,0,0.834360517,0.933397425,0.983375765,0.945695488,0.968685949,0.258492809,0.262418575
1.182,0,0.98,0,0.892362547,0.93224144,0.972761381,0.953672033,0.957149983,0.258104441,0.264934917
1.183,0,0.98,0,0.87101106,0.943735678,0.972744789,0.931520463,0.929571919,0.261344642,0.25744549
1.184,0,0.98,0,0.879916315,0.925113072,0.982204246,0.935960371,0.970844494,0.25518806,0.258659787
1.184,0,0.98,0,0.91055481,0.935637218,0.970252825,0.921457788,0.96511189,0.258611999,0.25406944
1.184,0,0.98,0,0.892256762,0.922588802,0.980901276,0.939429811,0.952844731,0.254445214,0.259834872
1.184,0,0.98,0,0.877181649,0.917182018,0.98635537,0.951264067,0.918087248,0.25276868,0.263662035
1.184,0,0.98,0,0.866553119,0.939645729,0.97688778,0.914237597,0.946837491,0.259836293,0.251691887
1.185,0,0.98,0,0.89466312,0.945114911,0.969142101,0.937682265,0.943376754,0.261411768,0.259044858
1.185,0,0.98,0,0.898306536,0.948401024,0.966235317,0.909316958,0.950609816,0.262524592,0.250009444
1.185,0,0.98,0,0.899192517,0.955022008,0.96246062,0.922001141,0.973479216,0.264595584,0.254066334
1.185,0,0.98,0,0.862343134,0.930523578,0.983655853,0.91581094,0.944899366,0.256721657,0.251999938
1.186,0,0.98,0,0.883045094,0.941914145,0.974718784,0.9265988,0.954418545,0.260091258,0.255201926
1.188,0,0.98,0,0.863059268,0.945248084,0.978845845,0.945875856,0.966715424,0.26075012,0.260949394
1.188,0,0.98,0,0.889630009,0.941560872,0.976374572,0.896488047,0.932869027,0.259427713,0.244962323
1.188,0,0.98,0,0.907668591,0.943817288,0.971084356,0.915638531,0.943692242,0.26024512,0.251240062
1.189,0,0.98,0,0.919859631,0.950091438,0.966845231,0.920575025,0.931658659,0.261894801,0.252491227
1.189,0,0.98,0,0.881392879,0.941599194,0.978879141,0.925993193,0.963784382,0.259257879,0.254282083
1.189,0,0.98,0,0.905280825,0.944643561,0.973229606,0.919978467,0.929011007,0.260079854,0.25221305
1.19,0,0.98,0,0.886262909,0.949780762,0.974706721,0.932015189,0.967915635,0.261588984,0.255944859
1.191,0,0.98,0,0.886346621,0.964973539,0.967261333,0.953466542,0.94969932,0.26616349,0.262538464
1.192,0,0.98,0,0.900783088,0.935617652,0.982631857,0.916331021,0.962196874,0.256516359,0.250357237
1.192,0,0.98,0,0.902830554,0.945351223,0.9769994,0.93386732,0.969817817,0.259569895,0.255923885
1.193,0,0.98,0,0.932540596,0.936809474,0.977214034,0.927034282,0.955169796,0.25663516,0.253522901
1.193,0,0.98,0,0.915252534,0.929906179,0.984316726,0.924291764,0.960316636,0.254446356,0.252655167
1.193,0,0.98,0,0.901869969,0.927366961,0.987353165,0.918140317,0.967042442,0.253812353,0.250862342
1.195,0,0.98,0,0.901536435,0.947971451,0.978918044,0.940446536,0.955295749,0.259776661,0.25739524
1.196,0,0.98,0,0.923701372,0.956042175,0.971809811,0.92271271,0.97359721,0.261959846,0.251398125
1.198,0,0.98,0,0.93728445,0.935923758,0.982855167,0.933490522,0.9723655,0.255164829,0.254392911
1.2,0,0.98,0,0.922287927,0.964004226,0.972181416,0.934988198,0.934380253,0.263537616,0.254399002
1.201,0,0.98,0,0.893793742,0.957093561,0.983263157,0.931805821,0.919275172,0.261080925,0.253103954
1.201,0,0.98,0,0.921129962,0.956379406,0.978622955,0.924691876,0.966136273,0.260781229,0.250770543
1.21,0,0.98,0,0.911629132,0.961635117,0.988414514,0.92790292,0.94265251,0.260285236,0.249693367
1.221,0,0.98,0,0.95,0.97,0.99,0.96,0.98,0.260163925,0.257067212
