"PUID","Reldens","DensT"
38257,0.284693922849723,0.309695644313374
38258,0.646501506308406,0.693611385709993
38483,1.21679683657661,1.40341602096026
38484,0.909985838546137,1.00668476364884
38485,1.03343396314525,1.13252199437651
38712,0.575120621691816,0.672316587197631
38713,0.433199318154895,0.50677848740593
38944,0.338222478901612,0.406205886973875
38945,0.85751846484277,1.02483315074609
38946,0.552443909986862,0.652333586761393
39183,0.381802392504106,0.458888183608999
39184,0.997997536281489,1.20491559053053
39185,0.533286121232638,0.641598451418846
39423,0.447551697486813,0.51966500508532
39424,0.717484002022607,0.851732731899349
39425,0.878967169055499,1.04646425307026
39426,0.559243256090969,0.666745332740947
39427,0.18047393708251,0.212199050211014
39665,0.260953388604711,0.286339493939092
39666,0.828164687664017,0.935193617827811
39667,0.869153204635875,0.992068795435781
39668,0.954150187261184,1.1039600998
39669,0.317115612393224,0.369368068481548
39670,0.268677685534335,0.315907939977028
39914,1.21679683657661,1.18991302932137
39915,0.301763385134755,0.306926404016578
39916,0.804704472696378,0.858065712529031
39917,0.916331981701848,1.00040061617979
39918,0.972630300835771,1.07589582412326
39919,0.97358962730068,1.08857651421697
39920,0.576206428124304,0.649162773768217
39921,0.349726602894804,0.385742880865086
40173,0.356147672078803,0.337758285684952
40174,0.81645395914243,0.801389547069129
40175,0.762838433979788,0.769669094409817
40176,0.886449231544101,0.960312868398324
40177,1.03064143389881,1.11793837163359
40178,1.0915214198745,1.17678589646558
40179,0.758507011806659,0.814795355612789
40435,0.0792726630651725,0.067406155138127
40436,0.681950416316765,0.607156451747215
40437,0.789245676117158,0.708630995192997
40438,1.04232200798755,1.06115815228768
40439,0.541382033382776,0.561795760085065
40705,0.151985037143079,0.1246231561662
40706,0.747358582632205,0.621984662441397
40707,0.860615837894984,0.735341478733273
40708,1.02918962370423,0.973232844792368
40709,1.18656580295138,1.15428099201109
40711,0.171129484824732,0.155072018475088
40979,1.21679683657661,0.897152740177643
40980,1.21679683657661,0.91119992764992
40981,0.371576037333929,0.286702522207226
40982,0.92911561821431,0.734563386663445
40983,1.21679683657661,1.07829045864877
40984,0.993150811715363,0.899923658810506
40985,0.182052032878346,0.164875574801227
40986,0.671605533099601,0.609076097294765
40987,0.918380054669234,0.817715785172004
40988,0.511619237006612,0.435815459575729
41261,1.21679683657661,0.884093837677553
41262,0.0377837528389933,0.0273555591822397
41264,0.305238461084883,0.229373259945793
41265,0.632090447697549,0.463895167347204
41266,1.07571746210314,0.769326072594874
41267,1.17172904923845,0.823630723685166
41268,1.21679683657661,1.01788815938282
41269,1.06159321632824,0.905537317511349
41270,0.751586089375595,0.652188997953298
41271,0.671218650289158,0.589105810504742
41272,1.36886808782383,1.22180313366159
41273,1.12078052193153,0.891873160693342
41274,0.610257267192901,0.499260294455018
41275,0.200387269381534,0.161535303743222
41536,1.21679683657661,0.856753834964907
41537,0.133901609093395,0.0930598393614818
41538,1.21679683657661,0.867486439300311
41539,0.266655106264661,0.187523377992979
41540,0.754669417052557,0.528556551349365
41541,1.21644246763654,0.840585335549676
41542,1.17758216229541,0.965056103059704
41543,1.12091027514185,0.924016926974106
41544,1.20574916731357,1.01206772351838
41545,1.43497383295456,1.20812356264813
41546,1.20869747271632,0.894737641721786
41547,0.68234472386398,0.522431339389783
41548,0.180505101612122,0.138011461433969
41804,1.21679683657661,0.819382525506766
41806,0.145421760891361,0.0978969836122021
41807,0.312899398130469,0.212739949117064
41808,0.848474686804139,0.575546020605601
41809,1.1555469044743,0.782889028727915
41810,1.21679683657661,0.98392218478559
41811,1.2018167984605,0.968039961252482
41812,1.03180496693418,0.706592358231764
41813,1.07465572446012,0.750015626791789
41814,0.662557245714213,0.478359661690296
42077,0.197381529564484,0.131443439814196
42078,0.633997705060697,0.419713553008786
42079,1.16396695039005,0.775561436231975
42080,0.943780199812517,0.627538036923332
42081,1.06480171600292,0.682624904330812
42082,1.37327761308033,0.901505666030078
42083,0.971036080273909,0.651069044274892
42084,0.418353373341587,0.285540812829288
42340,1.21679683657661,0.798743486255451
42342,0.124883923160006,0.0807005536651584
42345,0.226358194871823,0.146623437085754
42346,0.973823365933553,0.63045098275061
42347,1.07286579757669,0.681308226321835
42348,0.82472026445844,0.529538757277454
42349,0.565652111168189,0.364078226038583
42350,0.522105462727509,0.336344412568611
42351,0.266982517479758,0.170820103321871
42354,1.21679683657661,0.763999910061745
42613,0.0942389386703201,0.0608259264472074
42616,0.361201928852797,0.229690259194456
42617,1.0825951524417,0.69048116203886
42618,1.25676787448009,0.787753002495942
42619,0.565529831034175,0.35611619266965
42620,1.19425220174823,0.760394167775436
42621,1.08653553408127,0.681931901439294
42622,0.714589126059758,0.448603013063181
42623,0.795514760460254,0.501690635081217
42624,0.613982393498786,0.382197676310035
42625,0.272511719236927,0.164404263468976
42626,0.217816941285227,0.129568694958792
42881,0.0723918458127157,0.0468237993139848
42885,1.21679683657661,0.76009966568607
42886,0.613584153186676,0.383371017197452
42887,1.26758380237583,0.79339345916826
42888,1.21679683657661,0.746899977370192
42889,1.28092933837124,0.786790350585509
42890,1.0438661656076,0.645598542172637
42891,1.22211095789712,0.752886493090652
42892,1.22645964630451,0.759122170799699
42893,1.11662049580132,0.67804359574022
42894,1.03628137253234,0.611353596317577
42895,0.766331596791416,0.44216710604725
42896,0.271597170911818,0.154172194255453
43151,1.21679683657661,0.829096491428452
43152,0.1027357380339,0.0700016941101377
43153,0.0819517607935639,0.0546786763335735
43157,0.164401619829757,0.102082047412388
43158,0.336233954612382,0.206110854890485
43159,1.26716216183662,0.781882740180067
43160,1.2749148486154,0.788303704063459
43161,1.25464705203311,0.75652093357675
43162,1.62849483747803,0.990403405247406
43163,1.09927598359996,0.620599482597498
43164,0.886300845715168,0.493741091603969
43424,0.385908463655093,0.266546235052992
43425,0.475637976814016,0.325118610002274
43426,1.0359228747773,0.694099928672436
43427,0.789476407374187,0.524672329870861
43429,0.280318260873363,0.173558492958448
43430,0.248963436832515,0.153187393552523
43431,0.394766591421484,0.24001740304727
43432,1.10270369679467,0.670230656842209
43433,1.4757841867967,0.897818772172914
43434,1.2759333126718,0.760810368769945
43435,1.04404762011843,0.539134456765699
43436,0.822820050624537,0.445305422697858
43693,0.236432323649933,0.166344725816148
43694,0.903552006704032,0.631400938128481
43695,1.3040545686726,0.886778945747463
43696,0.992786779032181,0.664304515974067
43698,0.363498115649608,0.22415630522301
43699,0.365587260697137,0.222138615254094
43700,0.743558414444497,0.448020527980657
43701,0.871246115172747,0.524620179362785
43702,1.39061721571743,0.840442888311762
43703,1.03157398985993,0.535392734282866
43704,1.26469292240027,0.655950756569616
43705,1.14620767232738,0.593153862125432
43706,1.21679683657661,0.63270452633838
43707,1.31593111618732,0.685710724747122
43708,0.95903131633903,0.505825679967626
43709,0.805744192543194,0.42815917653172
43960,0.20523495082538,0.150374652358066
43961,0.976475069429419,0.700234293257923
43962,1.27099006699987,0.880713008175388
43963,1.15630039524385,0.789734502025779
43964,0.0841074788555281,0.054114572709363
43965,0.313722687276835,0.194474862370083
43966,0.791447681229686,0.480762165207124
43967,1.2830075103665,0.76889496829245
43968,1.20929695022345,0.725696099300597
43969,1.10196742882134,0.663542795327305
43970,1.25294163202917,0.650054684272061
43971,1.26320096415187,0.657210371585083
43972,1.2616617327385,0.655558261322332
43973,1.00050719244907,0.519773425995587
43974,1.16327417529406,0.605387623119797
43975,1.16772194335709,0.611051469841438
43976,0.555229545898491,0.291633516046082
44231,0.948882848097554,0.707283130531981
44232,1.32697657642789,0.984589955411006
44233,1.37484717963816,0.998490950877605
44235,0.33658051307206,0.221099518180539
44236,0.626875252778866,0.390104392630684
44237,1.09129840346588,0.666918448266824
44238,0.767070309169289,0.462483384680979
44239,1.32010772310379,0.794616748851529
44240,1.18544936321614,0.619055705215736
44241,1.04483559697418,0.54486703106924
44242,1.14185148163697,0.59472416401058
44243,0.641774166258039,0.333272388637522
44244,0.618122719602385,0.321012659360596
44245,0.316808844929935,0.164224400977147
44246,1.21679683657661,0.633066102137849
44497,0.237195496570436,0.179658874377026
44498,0.1439690349168,0.110240403150546
44499,0.573987453032691,0.440562321291014
44500,1.34354245096749,1.02768021689784
44501,1.16117585298341,0.873019892468749
44502,0.351780443576713,0.242909578698498
44503,0.419357147639352,0.27936281589397
44504,0.54061004541995,0.348834982004241
44505,0.431569022403958,0.267312933979827
44506,0.40837967425897,0.249583179275085
44507,1.1772544553098,0.715533227705782
44508,1.08278936003984,0.562787096721244
44509,1.31044998731952,0.683114202806248
44510,1.2427513132119,0.64908002136985
44511,0.855015104576957,0.446628489409223
44512,0.679447437449705,0.353999066373308
44513,0.481374951678387,0.249744386368011
44514,0.487128475792354,0.251609708638475
44515,0.272512392777724,0.140422164304702
44769,0.515348464243721,0.38918508841014
44770,0.795305241831228,0.613430775875239
44771,0.721234210661798,0.563672465707319
44772,1.34202928265341,1.03982478713116
44773,0.888385989893506,0.678099052161596
44774,0.231990314361404,0.168375124776972
44775,0.820331951015119,0.572227738505289
44776,1.41637878434924,0.915248058114927
44777,1.47620208870143,0.926049429968785
44778,1.01370275682602,0.62612250418984
44779,1.00685140044694,0.615104539649367
44780,1.53747516847148,0.93286961101512
44781,1.04606510492768,0.543519111767724
44782,1.56086858003644,0.812306499083153
44783,1.36809602598518,0.715415747886256
44784,1.32193802879071,0.690978364415475
44785,1.07208031566395,0.558642033687976
44786,1.21679683657661,0.629538314572022
44787,0.367073239623963,0.188580576594333
44788,0.217965662987726,0.111744842727985
45047,0.240590093261252,0.171741007591501
45048,0.872866648185506,0.642162389055836
45049,0.945068178027885,0.709532299390732
45050,1.4155295263649,1.10492607687594
45051,1.3314511113314,1.02925571610604
45053,1.31152775457886,0.959253846925498
45054,1.40111091254545,1.00551146665559
45055,1.31178009934864,0.807785105759781
45056,0.900102978615448,0.547837769485082
45057,1.35105257086784,0.815780414138783
45058,1.26474410359817,0.660005616029889
45059,0.595585754635017,0.310893490523385
45060,0.319199322938237,0.166688248632982
45324,0.397933761583908,0.259226920256574
45325,0.836170106660396,0.571154225199611
45326,1.0094832685844,0.70529035859402
45327,1.21679683657661,0.863272664513667
45328,1.28946985551896,0.99029941820866
45330,1.59510153819426,1.2028538036215
45331,1.22842755483926,0.743307069146027
45332,0.316680218224061,0.190400198744815
45333,0.676836970100147,0.401888142469244
45334,1.27730479047648,0.693524048720986
45335,1.34011514622601,0.719996781703517
45336,1.19892789020201,0.624863964627714
45337,0.967231909375143,0.502753457398898
45338,0.759015146115257,0.394565080350844
45339,0.212224306774231,0.110380013885672
45610,0.139305938076971,0.0841377350909144
45611,0.927355379681731,0.577115588543033
45612,1.02611568086143,0.66805306443483
45613,1.02640165112089,0.691294842955161
45614,1.21321182603785,0.944122720967754
45615,1.49810444850858,1.16686407474936
45616,1.21679683657661,0.969038023135115
45617,1.47897269361084,1.15046519509791
45618,1.21679683657661,0.730492063141051
45619,0.395424569541782,0.232559305264395
45620,0.669160074463804,0.388118697430632
45621,1.32030571688159,0.744744668004902
45622,1.32343623389722,0.717843779966245
45623,1.3648630167345,0.725404711692473
45624,1.23993765269782,0.646439565329886
45625,0.741274570428726,0.381926827876609
45626,0.652579267092502,0.33457184616974
45896,0.300654595400323,0.171244227873592
45897,1.17220800581371,0.676087679877648
45898,1.09171820672352,0.617832731285135
45899,1.54832866208493,1.25507566487202
45900,0.471607526956117,0.38703060809095
45901,1.48068439153186,1.17398859212452
45902,0.789320480239301,0.458213541133091
45903,1.35865110114781,0.774823896724611
45904,1.29685596370523,0.725632456488624
45905,1.24358165332691,0.678380256714462
45906,1.08335537493506,0.575758433108378
45907,1.35698803025124,0.703692304347848
45908,1.30864455690956,0.669857061876619
45909,1.07131480695109,0.537371339500214
45910,0.392974380569044,0.192721045512342
46184,0.109904258316584,0.0576091318841167
46185,0.749102970036637,0.397258706729981
46186,0.916458945727236,0.494367160310928
46187,0.949279029781526,0.521951038782488
46188,1.0216408111855,0.915628826997825
46189,1.44066877687589,1.27289657745034
46190,1.50827713036104,1.31912822348085
46191,1.21679683657661,0.701637772715395
46192,1.09785285499255,0.626806073374138
46193,1.58048788457658,0.895131600186394
46194,1.2818717654437,0.705969127848032
46195,1.29699939114444,0.70956186267138
46196,1.11650306644063,0.550878816250611
46197,1.02429025732481,0.488581015435691
46198,0.375808439989014,0.174377898930158
46474,1.21679683657661,0.631893471562948
46476,0.312722575499942,0.157962006365567
46477,0.874105122298832,0.438343039189656
46478,0.84063311674632,0.428650712747777
46479,1.08369504145925,0.561731275092895
46480,1.25478638601594,1.18189749658299
46481,1.18216168859526,1.10799800132655
46482,1.39916198879721,1.27596709379167
46483,1.23958760975045,0.701655367694196
46484,1.32743923556477,0.744803622182355
46485,0.9388566854937,0.4317252963566
46486,0.785379916486044,0.3536932073508
46487,1.21679683657661,0.544234748019313
46488,1.21679683657661,0.537333679049969
46759,0.458265576059758,0.235246226922546
46760,0.703879448206888,0.354360344294645
46761,0.377267500733368,0.185611874642321
46762,1.10924009498922,0.541831990522735
46763,0.920862058159383,0.456870344457768
46764,1.26096384862887,1.21487314011224
46765,0.938831879603556,0.917457762899669
46766,1.17373025478032,1.1433954423491
46767,1.21679683657661,1.15223095381743
46768,1.27865203901769,0.718166992499716
46769,1.31722605107574,0.733596415252254
46770,0.767469310814612,0.320731673869187
46771,0.242096322652056,0.0985556528955765
47044,0.120866633005299,0.0637737705455561
47045,0.880737696476333,0.455504265518091
47046,1.30509694199651,0.648348926719409
47047,0.500409298098768,0.242314570391653
47048,1.31882902493799,0.635458535608658
47049,1.02865644974043,0.987330009117842
47050,1.54480672105058,1.51687385913705
47051,1.32508871450529,1.29374536688255
47052,1.3382047176904,0.745626285881736
47053,1.33578881628982,0.740523549464178
47054,0.876433518936945,0.344065862873938
47055,0.426899527160989,0.166599685860021
47056,0.274225702333683,0.107554935290099
47057,0.918968444652122,0.364108383822906
47321,0.364538484740075,0.199046859371642
47322,0.77613774459523,0.416530701019413
47323,0.984035758718058,0.516249269114343
47324,1.16220376204934,0.575755239928234
47325,0.771194928494622,0.375810661996573
47326,0.97177529047293,0.471320688540825
47327,1.27187015180188,1.17324657152384
47328,1.09561037163816,1.04032119022501
47329,0.862091181957585,0.828059268507848
47330,1.04613951381878,0.575652318564174
47331,1.045077887237,0.578126669942368
47332,1.11678228908228,0.42090927546338
47333,0.790335950807305,0.294060661483106
47334,0.69963104194636,0.264784872667176
47335,0.836564098787846,0.328867382190477
47606,0.105987574564614,0.0600299400480006
47607,0.887067049305592,0.49560970170899
47608,1.26293689526637,0.695094502139618
47609,1.3444227484913,0.668111387254969
47610,1.39013276593219,0.68675999166721
47611,1.1631003961724,1.05997167335466
47612,1.09116359144641,1.00305972210459
47613,1.24427400991911,1.1718540783242
47614,1.02240499102068,0.410076724130698
47615,1.35174814905064,0.542379748865459
47616,1.26936355017229,0.510435221507953
47617,1.26456427887799,0.502339976324666
47618,1.28117030663483,0.502302469140771
47619,1.16589841631637,0.445949625828361
47620,1.23412103092584,0.465763151145892
47621,0.925698021577031,0.33095875650182
47622,0.713311886079855,0.258094017512391
47623,0.766845354096143,0.285671908490572
47624,0.58327589993772,0.222373141524897
47894,0.0919446247695225,0.0554890151551986
47895,0.72975621437194,0.426870497327096
47896,0.980486488132629,0.562481072304597
47897,1.2053559450065,0.609229259374324
47898,1.70066478623878,0.860387350460987
47900,1.30828707141157,1.1470717274732
47901,1.30463202036567,1.17077947577456
47902,1.04489565777298,0.409310943036488
47903,1.2770444535652,0.502423528863182
47904,1.21679683657661,0.481299626586259
47905,1.20010908113729,0.483718324541669
47906,1.23538374090974,0.499788827230317
47907,1.15858615746597,0.467157999922628
47908,0.995474013855298,0.398406159161477
47909,0.810486977133973,0.318422220029749
47910,1.08186782429542,0.413513748964497
47911,1.18846638417167,0.440716535552165
47912,0.999506414923669,0.357721443068262
47913,0.940958503160554,0.333843935698283
47914,0.677389058160599,0.242096970599222
47915,1.21679683657661,0.451468387918048
48179,0.553339616673805,0.344009128428062
48180,1.04967454131619,0.639184011825795
48181,1.293936733774,0.660174452135289
48182,1.62016364756922,0.826787371279394
48183,1.21679683657661,1.00716455197183
48184,1.2028354745811,1.01496290756716
48185,1.04504031438391,0.410199716110232
48186,1.04227225121368,0.411780306565503
48187,1.26032229489052,0.501296354699947
48188,1.2560230392761,0.503901266062471
48189,1.26324780086125,0.51032906300003
48190,0.635686351877439,0.258837799300161
48191,0.323645100934431,0.132812056737088
48192,0.55618697926164,0.225637837899106
48193,0.517075697776227,0.20832646834993
48194,1.21679683657661,0.461675626076576
48195,0.513226549862764,0.188810776435312
48196,0.851876868676581,0.309804290720346
48197,0.68731895931174,0.246584240529613
48198,0.670534070265223,0.241374280672277
48455,0.777408835305745,0.508252929011032
48456,1.01162329666441,0.656330986240482
48457,1.22759529651732,0.631080187806152
48458,1.6676126396487,0.857621981560349
48459,1.03860559493497,0.840325576491463
48460,1.13886754556201,0.938824952939667
48461,1.55996187596751,0.622578056673724
48462,1.14185705407991,0.460184749869005
48463,1.5618837323791,0.634341170121956
48464,1.21003355976917,0.496466526399895
48465,0.826893294136498,0.342936637374614
48466,0.745599870251604,0.314552932597924
48467,0.486112257215219,0.201225077751806
48468,0.281886548203078,0.114173648131593
48469,0.215169753154371,0.0804141231572263
48470,0.549376374600133,0.205606032092942
48471,0.285376092275655,0.106234821090112
48719,0.17717058156861,0.125741584505304
48720,0.870623761901196,0.596795491270572
48721,1.32359593620367,0.683018102605924
48722,1.30554981688972,0.674067581438591
48723,1.0457493685139,0.818822451178132
48724,1.13026920644253,0.194896352134723
48725,1.26888898156703,0.219459213672701
48726,1.04945460117771,0.459753451392123
48727,0.52443045156662,0.222768526747658
48728,1.11542477308283,0.457217842153717
48729,0.835527793634755,0.343407631546608
48730,1.21679683657661,0.475189309546575
48731,0.0438822469656437,0.0168352874316126
48981,0.387697105549498,0.286420871718323
48982,0.964917334513051,0.700306449913207
48983,1.09634096390747,0.566458600358939
48984,1.32340669614916,0.68383275265881
48985,1.62194610390713,0.838072878171119
48986,1.33240312231394,0.221854718095372
48987,1.33286647251195,0.225009979878738
48988,1.04136844690551,0.174714706263072
48989,1.11399730308208,0.506874708932394
48990,0.721750599131816,0.321814471531598
48991,1.15412972633598,0.511782276899953
48992,1.03648992586677,0.442027519766459
49254,0.714279806089914,0.550792330154043
49255,0.870049869136665,0.660644531565141
49256,1.21679683657661,0.627848738189299
49257,1.23030398456242,0.635240293069701
49258,1.23546796642556,0.190644657790073
49259,1.01181703958879,0.160031781566044
49260,1.14660840704914,0.18518561193303
49261,1.24143704529805,0.208281045347465
49262,0.898526582451907,0.432164988778882
49263,1.06867082202607,0.521221243627054
49264,0.7905033089633,0.371135024048892
49265,0.287228538752471,0.129043829123907
49517,0.165013975275392,0.129198264800101
49518,1.02040461608059,0.801039971896569
49519,0.963781123628256,0.747345713022582
49520,1.08954977218565,0.56039473540964
49521,1.22259425146809,0.630059781885166
49523,1.08355194053604,0.157065637029491
49524,0.913980687062724,0.132636688895915
49525,0.564250596110663,0.0852647327820108
49526,0.917092541565729,0.143881969434118
49527,1.19230201442893,0.507620518132147
49528,1.30194456500705,0.563960726289879
49529,1.11123390568775,0.520274198459314
49530,1.32430141762375,0.627529223205043
49531,0.816631815818887,0.416982124284465
49532,0.710958110642218,0.362019858953255
49533,0.445837642266689,0.215215000072903
49534,0.473930952452428,0.222931051840451
49790,0.426085572518169,0.313020395126567
49791,1.040161409102,0.795154295192348
49792,1.09116806154907,0.848594512017172
49793,1.03320124170145,0.530967544446007
49794,1.0359443654896,0.532377250167524
49795,1.04608201297028,0.148355249161773
49796,1.26927405044025,0.167690816575352
49797,1.33601991646959,0.183318851456355
49798,0.43197020226322,0.0583816391517494
49799,0.865519353122085,0.123893700394539
49800,1.21233469951704,0.530199928396986
49801,0.83070045240563,0.383702127142729
49802,0.804776258112094,0.393435506728601
49803,1.1485932298527,0.587727114648064
49804,0.858967162233079,0.447958154227443
49805,0.346130045279884,0.180035329639814
49806,0.222033143584076,0.111964125097499
50055,0.158516595475629,0.0980394604412934
50056,0.835229162790157,0.563780095203229
50057,1.17076992128732,0.861540983923057
50058,1.13415561976143,0.151234950025781
50059,1.09798306620705,0.145291582941645
50060,1.19515682717259,0.149243197894588
50061,1.2061612383795,0.152701102935911
50062,1.21663322488234,0.147188875139485
50063,1.27169332880125,0.149925487820837
50064,1.04109425062638,0.147649928648099
50065,1.21525764941159,0.178647223466465
50066,1.04467768429627,0.382607906788005
50067,1.04439923741869,0.384801011163705
50068,1.06821352728648,0.491053984654446
50069,0.806038184224308,0.388365993264141
50070,0.565112667489579,0.286297375256997
50071,0.532575292978284,0.276635347487606
50321,0.155864718380236,0.0750270617033894
50322,0.706667918213058,0.384827866580797
50323,0.975937861170329,0.603636000513802
50324,1.28887622798202,0.163149815165993
50325,1.31993260093963,0.160244507049461
50326,1.52480782015913,0.169375535235292
50327,0.671966325545782,0.0732744897842169
50328,1.23981313500022,0.138927613270597
50329,1.24459201180631,0.131418547859845
50330,1.22892861655025,0.13855143057352
50331,1.25608643419249,0.159743101942253
50332,1.09668012104111,0.145078412536893
50333,1.47260108338924,0.557322749741466
50334,1.14443552075503,0.49553096956496
50335,0.427487915333955,0.193931351295186
50336,0.41004944904496,0.199724218498226
50584,0.363031513829008,0.154906181545772
50585,1.04742427074629,0.454773452664962
50586,1.03427791661599,0.13145095148157
50587,1.30258517893256,0.158435246997333
50588,1.5799981360618,0.182628163038727
50589,1.45522588945875,0.154377190681867
50590,0.935528715377878,0.093499964573811
50591,0.648947614969602,0.0592553016086408
50592,0.688990348451517,0.0612386872225489
50593,1.02046185953821,0.105522426688152
50594,1.13688214078001,0.127677099059961
50595,1.30074849589445,0.169394582610799
50596,1.21679683657661,0.223958978037576
50597,1.06050400503657,0.370948365429294
50598,1.10180412879828,0.453138548520337
50599,0.545404631633426,0.240160776087085
50853,0.71655046758379,0.251733455980365
50854,1.12702065123895,0.406071860148656
50855,1.31596648487743,0.164146685613197
50856,1.07250061447878,0.126723624432063
50857,0.879917553820286,0.0971719906966987
50858,0.574553525368576,0.0579468352166003
50859,1.13755529845812,0.10217498533301
50860,1.37409103722133,0.107574784396306
50861,0.544210941481432,0.041125409375002
50862,0.429717588656299,0.037245532667688
50863,0.127674130998249,0.012439068108989
50864,1.06425058857759,0.147941731166301
50865,1.21384615143578,0.207875952020372
50866,1.23746836570891,0.26114666128594
50867,0.992197672088849,0.269042143557724
50868,1.01358660074829,0.334448645645344
50869,0.814397002163558,0.287509110031561
51120,1.21679683657661,0.337836123972953
51121,0.508332084705123,0.146459090431393
51122,1.07033698181817,0.334988861480496
51123,1.07788142607289,0.363757814580372
51124,1.26469385479547,0.148995054545193
51125,0.995786972924566,0.112758052854394
51126,0.882304670674343,0.0949448680911409
51127,0.396884751574944,0.0384617909407607
51128,1.53250599999786,0.131802869476054
51129,1.26231535116825,0.0933686032484105
51130,1.32492661880483,0.0946263108979929
51131,1.32622331283524,0.102395846125679
51132,0.143459593356651,0.0141313445590076
51133,0.350439188155667,0.0445080325673543
51135,0.663596908385254,0.149035802318959
51136,1.08309929783831,0.264403548998152
51137,0.486605190202143,0.1457642890392
51138,0.610244468401451,0.19293546364669
51139,0.461459937636259,0.148329716331018
51382,0.0248110313346522,0.00681421134452627
51383,0.727958284215144,0.199331340179464
51384,1.02838177337671,0.286517413480566
51385,1.07586124210289,0.339064569351414
51386,1.09112233405436,0.360961685954398
51387,1.23604759318893,0.143645608784598
51388,1.62372281296588,0.187906783600302
51389,1.01886702419414,0.105294998828556
51390,1.65439516475585,0.164305047264464
51391,0.991594725348115,0.0879354030954001
51392,0.479118730331951,0.0373040280794242
51393,1.18253245887202,0.086271698552306
51394,0.720280865237799,0.0599572279668877
51395,1.08343327370626,0.107666148126572
51396,1.2852429704947,0.161334835174201
51397,0.41263492072978,0.0599062766917078
51400,0.507775839543208,0.130425836499978
51401,0.606531226012656,0.175107247256312
51402,0.360484385074334,0.113769708617859
51646,0.419312875968121,0.115641098401956
51647,1.0861714924597,0.301029852798869
51648,1.21679683657661,0.339228406836763
51649,1.21679683657661,0.146331231414768
51650,1.29324759062443,0.149661396376944
51651,1.33256655421746,0.15486818533007
51652,1.27807392856593,0.130213901769559
51653,0.831653731377458,0.0775556115335403
51654,0.927579264013184,0.083167723922055
51655,1.32891293532988,0.11590358458201
51656,1.04300839801096,0.0977344858865033
51657,1.3613634920146,0.141101841819131
51658,1.36859699884715,0.176086308727154
51659,1.09859550019204,0.182004454694409
51660,0.688491090099207,0.12656509926141
51661,1.21679683657661,0.276179988100023
51662,0.372307284669509,0.0908082835808068
51663,0.602400533586223,0.158721850514109
51664,0.292552134194658,0.0821385451875414
51916,0.642809019633122,0.169813640767729
51917,1.02691427929611,0.276561174762287
51918,1.03963114406025,0.285479902221519
51919,1.27442825965766,0.35469504220133
51920,1.21679683657661,0.34103712106516
51921,1.04478648768942,0.1008827109673
51923,1.04540389156496,0.122096404226499
51924,1.24182775387181,0.138838425838633
51925,1.30518879181728,0.149176985175669
51926,1.04621136050276,0.151667722553025
51927,1.42341189669514,0.149321641698351
51928,1.40026781356543,0.139512457030832
51929,1.42687040128708,0.146017263856954
51930,0.690636493854304,0.0704811870454903
51931,0.931557271322232,0.106922291472135
51932,0.40995312145744,0.0531643473148712
51933,1.09042845410875,0.175036085441836
51934,1.3163501277925,0.235644965295155
51935,1.04750691599106,0.209465272491589
51936,0.301201634082762,0.0710994387393764
51937,0.45867927729633,0.110145411787901
52187,0.802976429811314,0.191212725601846
52188,1.10560504037466,0.290669490982093
52189,1.17775325715745,0.31944397323243
52190,1.29082436255003,0.358255066777673
52191,1.08072497583132,0.301598040807344
52192,1.04426598890076,0.0959438814471452
52193,1.20997167541951,0.109849737701738
52194,1.24265484317858,0.109653283688517
52195,1.04559098028822,0.10414640896932
52196,1.43500125139068,0.203313550622762
52197,1.31663063140925,0.179729028416252
52198,1.31636948579807,0.175256416507073
52199,1.20697637268129,0.154968485667994
52200,1.11129052383082,0.122083042229127
52201,0.709964860780817,0.0831939456798924
52202,0.448921574726376,0.0558292053586045
52203,1.21679683657661,0.168631502148416
52204,0.251594504619434,0.0399870696246507
52205,0.984412206572377,0.166842852525356
52206,0.906803765421567,0.163822537399975
52459,0.177072936754114,0.0308210749648648
52460,0.881340266412567,0.171571462035486
52461,1.17277412247719,0.211717884168416
52462,1.04312379835876,0.0938856272674519
52463,1.2550531309431,0.107089100383712
52464,1.19032888685892,0.0985107554208503
52465,1.04644630282188,0.0827014520531581
52466,1.1902988108299,0.106301805475707
52467,1.54590411005935,0.200426527713164
52468,1.33617125656431,0.168998892368558
52469,1.45929414993909,0.180756769850809
52470,1.14610642602873,0.137325587234571
52471,1.26197328809841,0.152602525626294
52472,0.409070983736761,0.0502040899573331
52476,1.21679683657661,0.203612683773692
52728,0.417453968929996,0.0558170060521873
52729,0.936492008288154,0.139074500433946
52730,1.01834643194903,0.16732604391259
52731,1.31478589983503,0.0977064466604777
52732,1.32810887701871,0.097876392432938
52733,1.18521679286598,0.0909643306506359
52734,1.17831286425862,0.142247043252374
52735,1.27214109322151,0.151737113457121
52736,1.15623568100305,0.134630700262055
52737,0.691986698943201,0.0811250535094756
52738,1.21679683657661,0.14361832049887
52739,0.166497449527928,0.0185631430823668
52998,0.158348860116552,0.0145118014574804
52999,0.886817078700192,0.0822183053635812
53000,0.959169698237283,0.109958362722822
53001,1.04480346636005,0.0717763941609293
53002,1.17318927609683,0.075237295932205
53003,1.10417574515815,0.0712571791144798
53004,0.862708474550824,0.0578435835020518
53005,1.14611227783386,0.133721866548654
53006,1.14911567197968,0.127260138514543
53007,0.639151826270552,0.0687027643456372
53008,1.28382678981543,0.137052050250257
53009,1.00039239963906,0.0980429630659845
53010,1.21679683657661,0.112630855760521
53264,0.297949043123076,0.0217198730698085
53265,1.01127978516905,0.0703365982705981
53266,1.05412289486998,0.0711340628568185
53267,1.33800481364351,0.0857580133573581
53268,1.1698843235726,0.0735068219396407
53269,1.21679683657661,0.0728649362065334
53270,1.21679683657661,0.0712892972502829
53271,1.47041730974063,0.0777719435264825
53272,1.62114911471638,0.0861344347004015
53273,0.913600038399384,0.0501577184990267
53274,1.29863042418861,0.137358654830965
53275,1.07119216674542,0.103343972820153
53276,0.465429394049127,0.0421707294186967
53277,0.490674977860966,0.0423115034078339
53278,0.241564966721022,0.0186170587822308
53528,0.500832409452616,0.0326975624109065
53529,0.954030692585828,0.0590716057780316
53530,1.29379311524626,0.0849835406267642
53531,1.27795030517595,0.112145467192399
53532,1.24027346417862,0.18606621358801
53533,1.29430954004115,0.200021466137966
53534,1.2548441085588,0.077008982062635
53535,0.227201294935906,0.0128800085850747
53536,0.967035349842945,0.0525277290925895
53537,1.16842017134877,0.0517762128223305
53538,1.09957092596139,0.0486640563691054
53539,0.562559778124038,0.0216138351699024
53540,1.24514965340438,0.0555277119903447
53541,1.21020779572733,0.095001405580788
53542,0.773183222916061,0.0561739542155884
53543,0.265734981544679,0.0188823279575818
53544,0.206105173846039,0.01487436278118
53792,0.193400932312747,0.0131474520979807
53793,0.563802392080256,0.037568737587904
53794,1.15071060872409,0.0815781136944675
53795,1.50678273300677,0.121282151911894
53796,1.27240567548619,0.141438432909438
53797,1.04114889343398,0.122354462726597
53798,1.31169104219714,0.174601571926737
53799,0.613106493967491,0.0875010788088714
53800,1.22289160337397,0.184261400110078
53801,0.354188576551977,0.0187089838436032
53802,0.0243079544174256,0.00115304196382951
53803,1.22007956676756,0.0508838064779904
53804,0.741579548015211,0.0254008184163567
53805,1.28845692223541,0.0371484304044462
53806,1.04140874167721,0.0733661490276494
53807,0.997056403072563,0.0634519357400228
53808,0.485096808053192,0.0291517453260244
53809,0.160090194887696,0.0094254153118472
54052,0.142406953259115,0.0112281133365682
54053,1.03124592440875,0.0808160284503023
54054,0.972876301973257,0.0797070983896187
54055,1.45398498668293,0.126725480526529
54056,1.35698705269099,0.138955794952122
54057,0.962201909465896,0.112044074849282
54058,0.959999553312788,0.121814512535585
54059,0.611807048775489,0.0864755221412494
54060,1.62764575833053,0.238121586370595
54061,1.28553559684483,0.0610823565793062
54062,0.389965347465148,0.0173420857605834
54063,1.32817279411516,0.0480424897702934
54064,0.704474421917848,0.0221127444992424
54065,1.38587839211349,0.0325724894459489
54066,1.29715777135244,0.0260522700454792
54067,1.08055566901624,0.0615909271195064
54068,0.241452822695703,0.0141411752188626
54069,0.208966950493908,0.0132934277394279
54313,0.153878816200866,0.0142326938949472
54314,1.13746367568626,0.102862962150837
54315,1.53990265263129,0.141414007435868
54316,1.22871402175752,0.122148221593844
54317,0.594142988891077,0.0658721016872567
54318,1.43216576815054,0.170094604562526
54319,1.56421989047033,0.194660518395539
54320,1.22614009026841,0.0533733621750136
54321,1.12385147748359,0.0438459391003766
54322,1.32633089897511,0.0457321537776896
54323,0.316721326044399,0.00778663323211441
54324,0.608623544833976,0.0124521489987919
54325,0.220540232284332,0.00392796401161091
54326,1.23764350697608,0.0236564789406501
54327,1.29619463467504,0.030860848083428
54328,0.820132405505939,0.0481198736901951
54329,0.524500718993612,0.0318286690287478
54330,0.229499647867403,0.0153728979953425
54572,0.23459805691788,0.0217730774159598
54573,0.573738390961983,0.0544805070723721
54574,1.18574075876877,0.111501225832219
54575,1.35907100510856,0.148692994551082
54576,1.23802748842146,0.148537121499352
54577,1.48580214850533,0.183855975577788
54578,1.17956075920794,0.0438676222802746
54579,1.55668429128069,0.0512650946562546
54580,0.60741082046633,0.0151997473830844
54581,1.18508298435941,0.0284426316851315
54582,1.25826339628929,0.0258165986968083
54583,0.77515638008454,0.015564254888014
54584,0.763395306937704,0.0221205465343652
54585,1.30046225711663,0.0489145780188826
54586,1.1503866278118,0.0539821461552951
54587,1.05221551391519,0.071230013247114
54588,0.805938733550289,0.0531007902196217
54589,0.38577713056225,0.0266392004766628
54824,0.292246926130787,0.0263196964640622
54825,0.965845031101154,0.0869764667964458
54826,1.08680078944138,0.136330504273754
54827,1.11861267281994,0.149958910659016
54828,1.04567780129834,0.0407556773972512
54829,1.21679683657661,0.0489451020183427
54830,1.39349892916616,0.0498843440328632
54831,0.707169029581986,0.0246751321068137
54832,0.31757662734519,0.00977759065994899
54834,1.16234591536343,0.0305591916273553
54835,0.502756985307218,0.0143781610077429
54836,1.26550774752534,0.0437849086709108
54837,1.14028379142266,0.052571243434539
54838,0.855518993697051,0.0454329194746275
54839,1.08771112434852,0.0658039579118893
54840,0.986676538713284,0.0658928654430904
54841,1.02760266828696,0.0714193247716723
54842,0.86607115624585,0.060133543886915
54843,0.604482587687369,0.0429220906073316
54844,0.301766146101301,0.0222038665880077
54845,0.162329503405668,0.0136950881830787
54846,0.144823660978847,0.0128298640287182
54847,1.21679683657661,0.118390560750117
55081,0.532999331131657,0.0419460745641844
55082,0.954215419300577,0.0792762773682203
55083,1.36956420873157,0.120692401245231
55084,1.04458088313877,0.0374265879550832
55085,1.21139565071324,0.0413143518921824
55086,1.37054056986703,0.0476844807165339
55087,1.00714497627598,0.0346660448266941
55088,1.20970244361678,0.0441501874081502
55090,1.09142915157468,0.0341779744599826
55091,0.854918162389893,0.0298450930925231
55092,0.829346571640506,0.0332470333229201
55093,1.04400014115926,0.0451240215568485
55095,0.363741442033255,0.0233327113314106
55096,0.415536683644988,0.0281393692033799
55097,0.455864121595498,0.032294303464335
55098,0.338340521350351,0.0243092417261521
55099,0.22918603382832,0.0169416411912163
55100,1.21679683657661,0.0923137001463214
55101,0.114331582063607,0.00964569634984375
55102,1.21679683657661,0.108019488181583
55335,0.596658913383297,0.0326384127041095
55336,0.945770123163297,0.0596601961753861
55337,1.11253185334708,0.0926520493551339
55338,1.56097633446275,0.138848236058208
55339,1.21423597521026,0.0383974007978914
55340,1.18350754492952,0.0341559369743554
55341,1.19085780006132,0.0351334727781274
55342,1.32792730628193,0.0390050472640731
55343,1.1135598671053,0.0369190833042962
55344,1.1506810818687,0.0397024790176371
55345,1.48506557235893,0.0581293654075724
55346,1.25455654842162,0.0551617307899096
55347,1.30024650805253,0.0549337060461283
55348,1.33652569215214,0.0542058331677225
55349,1.24772825540426,0.0566502601833069
55350,0.190157092437921,0.00938340553565271
55353,1.21679683657661,0.083487871462418
55355,0.107368428673725,0.00813865830113933
55591,0.0800684698023007,0.00363669534205173
55592,0.597256259300401,0.0273836542550064
55593,1.2527764779187,0.0589464172729161
55594,1.04003569888015,0.0337858839688184
55595,1.25247426733067,0.0353431233581882
55596,1.28048928506799,0.0294026689772999
55597,1.30143221862726,0.0304506178178145
55598,1.24328335915469,0.030380582606579
55599,0.719241926910667,0.0200007237349866
55600,1.27499122542928,0.0387655724488577
55604,0.12093651154297,0.00509301758091425
55605,0.731449919927075,0.0328690313415496
55606,1.18771255164714,0.0575112525615634
55843,0.477670831886826,0.0191426335873998
55844,0.8119659968242,0.0335452592581806
55845,1.13068470988631,0.0515510432697953
55846,1.29792168446755,0.0335683653447433
55847,1.55304858606047,0.0335833852331966
55848,1.17325917881422,0.0213533303379844
55849,0.741593081943212,0.015431652819319
55850,0.443907462249267,0.00979691988213585
55853,1.04548073912319,0.0376161823658704
56093,0.241882276935418,0.0124183699093586
56094,0.764134450530034,0.0355124817259099
56095,1.017843594425,0.0421913936235233
56096,1.25679501683707,0.0531763721040716
56097,0.989508437116539,0.0147782298720677
56098,1.20577622583425,0.0167606121736134
56099,0.233186940973565,0.00416134386559131
56103,1.07879409346429,0.0384076918724477
56339,0.254704023162736,0.0137962266239353
56340,0.879464301621604,0.0465127503773717
56341,0.939136153361973,0.0472200315478051
56342,1.06519645291421,0.0477492388413149
56343,1.0463741912177,0.0336349886304814
56344,1.15795714219367,0.0152324436372523
56345,1.21679683657661,0.017469379574161
56589,0.255001447076619,0.0105568993927601
56590,0.874233075391188,0.0421160238997774
56591,0.815637842966241,0.0444200808592934
56592,1.09125140944717,0.0321596399999354
56593,1.27354821701481,0.0344387583271524
56594,1.17522472449718,0.0288496767495856
56595,1.1494208556832,0.0212156936839812
56596,1.35888432562209,0.0230067927402773
56604,1.21679683657661,0.055998987352733
56850,0.46142243704929,0.0140738454921293
56851,0.665544968500663,0.0249393660535913
56852,1.20908000185982,0.0615918857177458
56853,1.21899004114142,0.0667435699183548
56854,1.04578169959984,0.0101323126794577
56855,1.13396367719515,0.00929307003671561
56856,1.63789175022028,0.0413417871548476
56857,1.34168755464463,0.0305224879198556
56858,1.550093435575,0.0331952815675339
56859,1.3799109334258,0.0278649301033563
56860,1.21729775229055,0.02493913578427
56861,1.00414691914189,0.0196480652821064
56862,0.395061817893608,0.00746351810990569
57111,1.21679683657661,0.0315793493619115
57112,0.501704376078465,0.0128970268425449
57113,0.846887473023125,0.0231234177973038
57114,1.0454086464072,0.00941635525364625
57115,1.10879530831893,0.00615976548879866
57116,1.2673272920614,0.00396999183567386
57117,1.27729016384929,0.0252209111432595
57118,1.53449634914159,0.0275455249448591
57119,1.60964801807354,0.0312196577086003
57120,1.38904683433907,0.0291951584301808
57121,1.36915680241674,0.0277064970097489
57128,1.21679683657661,0.0438270849326775
57362,0.179096055148505,0.00487462354466087
57363,0.689664212957834,0.0184651801775935
57364,1.27202380172454,0.00338284267105342
57365,0.859180122438597,0.00126963528112658
57366,1.68601379585394,0.0037459968509656
57367,1.21679683657661,0.0116363374089611
57368,1.42882797433521,0.0174124313601653
57369,0.858833005304087,0.0130184618015974
57370,1.21679683657661,0.0211978911969362
57371,0.584300262872073,0.0114229949548778
57378,1.21679683657661,0.0400207999344656
57379,0.817547683861238,0.0276982613771956
57380,0.261495587917073,0.0105461170315432
57381,0.155421522295299,0.00656689579538562
57612,0.219768350064123,0.00706837233342778
57613,0.570062244448003,0.0175087332383326
57614,1.12837004479074,0.0368764763723222
57615,1.2792106882376,0.0508275997154358
57616,1.30845685386911,0.0628017944378633
57617,1.043063128486,0.0539324426136059
57618,1.27758569571504,0.0253956033350558
57619,1.29923470875426,0.0254403683707247
57620,1.27702434377249,0.018044881854704
57621,1.34130120376974,0.0108456005863774
57622,1.59815774118162,0.00791768610579828
57623,1.60922338301571,0.00235405764508084
57624,1.27991668224961,0.000922572753392387
57625,1.16185846202019,0.00285178797271389
57626,1.1499140441686,0.00787050971233361
57627,1.17217802997809,0.0115385527156849
57628,0.952011138618652,0.0128554389715615
57629,0.538415719260073,0.00794097717514743
57636,0.0868169347681903,0.00222228654662005
57637,0.906587024068351,0.02661550577336
57638,1.35091914046621,0.046978705008153
57639,1.22538640605276,0.0485824886712117
57640,1.23807486450489,0.0515542742565411
57641,0.942656000457675,0.039809764341617
57642,0.159710635900107,0.00722734660444049
57876,0.560719101368714,0.0184905309575206
57877,1.03944423497627,0.0349908020291982
57878,1.15223804201383,0.0398131545497755
57879,0.653808788629896,0.0262979377851541
57880,0.477819224474267,0.0226896047278543
57881,1.27470371744326,0.0652566136747053
57882,1.04520590419066,0.0209046697690932
57883,1.33765982051125,0.0230539995428573
57884,1.10954182548774,0.0147392470878181
57885,0.760549751182186,0.00747938579237037
57886,1.65350937567045,0.0103355791777317
57887,0.328990851277841,0.00116917273949452
57888,0.372111141778504,0.000776800506233399
57889,0.526261308474098,0.00236744070279152
57890,0.672880150253053,0.00446490736882636
57891,0.718350983706194,0.00730852457550542
57892,1.21679683657661,0.0167299886817888
57899,0.704999649072467,0.0136751494128593
57900,1.15102749859406,0.0270282489548659
57901,1.56984688929175,0.0438025413779833
57904,1.21679683657661,0.0492608135007331
57905,1.0050635375651,0.0384830328852213
57906,0.462341615418395,0.0186584626974189
57907,0.360005673537584,0.0152995118185657
58136,0.399443938082491,0.0107862380831534
58137,0.512132150690263,0.0162516933458447
58138,1.41859808074134,0.0487612652531916
58139,1.24571582488852,0.0274130873706429
58140,0.921691608340341,0.0173847034535764
58141,1.34360953825624,0.0184243328452377
58142,1.42953228304925,0.0169041921641688
58143,1.24063819135914,0.00981348719508713
58146,0.610509018740035,0.0036451017432813
58147,0.881594812023142,0.0062693498499912
58154,0.470737336343503,0.00640545824523007
58155,0.449470608866554,0.00583630198883609
58156,1.48811752152319,0.0196881047234309
58157,1.21679683657661,0.010082596508469
58158,1.2112629413035,0.0103795624692284
58162,0.951291577836088,0.0316444649637432
58163,0.463526625338743,0.0169914012133762
58164,0.268746021645453,0.0118378467639142
58165,0.449173186160431,0.0205636626672797
58401,0.203529794330557,0.00336059334746523
58402,0.820694134574023,0.0161038758261004
58403,1.14026661990431,0.0364888591907339
58404,1.21679683657661,0.0116823570090661
58405,1.55452458405816,0.0150372514725892
58406,1.1886504799393,0.0108843374111626
58410,0.846205820493858,0.00678674698097719
58411,0.674347313792633,0.00558203875018498
58415,1.21679683657661,0.0163770723368537
58416,0.860315857217498,0.0110996391002204
58417,0.553105187174201,0.00514467018619778
58418,0.624071905842567,0.00421710336238782
58419,1.02912138332561,0.00514637807175487
58420,1.46720937052338,0.00763827501224158
58421,1.26531530527192,0.0093494233947813
58423,1.11843207927344,0.0264125748914494
58424,0.877740251766189,0.0239078905792662
58425,0.372199926172069,0.0121360449588456
58426,1.21679683657661,0.0506999249635217
58661,0.302081463791231,0.00146845725561373
58662,0.536425394069456,0.00549987909749169
58663,0.88866694791376,0.0131233481741879
58664,1.27090783463281,0.0201758498366693
58665,1.22309771873628,0.013881743973749
58666,1.44133044043842,0.0149545065002079
58669,1.29306596742756,0.00885865633181122
58670,1.38516486097514,0.00990838684836099
58671,1.38123734006823,0.00890293715786329
58672,0.152627715210955,0.00136530538126889
58673,0.318922355143056,0.00305658437577918
58675,0.658954823177595,0.00840863609117719
58676,1.16834198965457,0.012157346848942
58677,1.36251443301877,0.010055267773303
58678,1.4883127406727,0.00483361011545461
58679,1.52284659920654,0.00444753289015175
58680,0.837192349852677,0.00176686070609615
58681,1.0773985324811,0.00630641885513831
58682,1.20250536252785,0.0117224780195022
58683,0.94104087375643,0.0179244053031212
58684,0.543834209007581,0.0137239669635507
58685,0.58372823071611,0.0174887100545853
58686,0.0616213894224428,0.00219694814709897
58923,0.565155356526045,0.00124533046437124
58924,1.05390743161544,0.0101194071418215
58925,1.01818987689654,0.019803465062064
58926,0.715242533975065,0.0182088447907429
58927,0.20271421235562,0.00663021183222868
58928,1.43316660019604,0.0532679450623165
58929,1.34346891316293,0.0300445229118335
58930,1.21679683657661,0.0251118761615523
58931,1.2757165795876,0.0207056974113067
58932,1.26218528481853,0.0192032833989556
58933,1.32718133749123,0.0191969387621493
58934,1.32838260668191,0.0162078866781773
58935,1.21679683657661,0.0125495513686801
58936,0.46235709259076,0.00428606075131871
58937,0.850632847636088,0.00538505165298675
58938,1.48755619415972,0.00582391734814526
58939,1.58401494890932,0.0063312169569765
58940,0.054785007076318,0.000185323521805637
58944,1.09270132056797,0.0145518489853634
58945,1.26615840419317,0.0114402750739212
58946,1.29472993345786,0.00879410774803441
58947,0.941420593807348,0.00267450048111405
58948,1.01381038391422,0.000349213438016515
58949,0.442436288040663,0.000715761419213623
58950,0.587766985063968,0.00318233878444834
58951,0.542466333189805,0.00605174103283715
58952,0.588260431379807,0.00954027176223883
58953,0.543519123161806,0.010761007572494
59190,0.472347057428061,0.00303981836155497
59191,0.596248256955136,0.00213256916395896
59192,0.723766998818449,0.00100877416246668
59193,0.218497244268491,0.00767097150630407
59194,0.321278060428626,0.0131048626394135
59195,1.32495109715623,0.0597147180818983
59196,1.21652086537894,0.087346351345292
59197,1.04595387530158,0.0217064243411811
59198,1.34221505669407,0.0236329348252627
59199,1.27189055741785,0.0195777752527971
59200,1.2480261117943,0.0191010304677462
59201,0.0235448709727429,0.000332595184903577
59203,0.625996602633661,0.00741043921252551
59204,1.40227944879902,0.0144625441544199
59205,1.25186533723043,0.00351600263529725
59206,1.17591857593689,0.00136167233564433
59207,1.05911444333429,0.00158094749521633
59210,1.15482473389116,0.0136667629180849
59211,1.21833669143844,0.0167115511212489
59212,1.42699304890837,0.0213413377245323
59213,1.27250695612489,0.0208161263543363
59214,1.5169031924483,0.00546902205525683
59215,1.216055519482,0.00375224151216046
59216,0.301872946878357,0.00147026712029071
59217,0.35002262472042,0.00250242481763559
59218,0.375629694201104,0.00399418011758239
59219,0.202969889641802,0.00397130801058714
59220,0.181730758189941,0.00375915026091185
59221,0.0200568169034649,0.000567899024000895
59446,0.0238881911132629,0.000302313459854519
59447,0.905535784372985,0.00945714194295985
59448,1.2489533648681,0.018076201915181
59449,1.56261294658521,0.0247302647886922
59450,1.54405937882368,0.0214690613653363
59453,1.21679683657661,0.0161806552819369
59454,0.476290409084367,0.00628335533365838
59455,1.27456757001582,0.00744390404624562
59456,1.36570055690282,0.00585128520421832
59457,1.21679683657661,0.00588155654867891
59458,1.2216120162031,0.00435782566867678
59460,0.518033829355221,0.00584620416362885
59461,1.15957744955355,0.0134621974658872
59462,1.60515879796599,0.0226663413394253
59463,1.52730963243075,0.0212340135069941
59464,0.775776091350304,0.0097976414382692
59465,1.2850475811198,0.0115022634895117
59466,1.18869045925395,0.00744985098991151
59467,0.290659563648331,0.00224721377056452
59468,0.380827280817197,0.00295496191418284
59700,0.609696934642687,0.00842675976283588
59701,1.26535993887977,0.0181782520070921
59702,1.33987295487118,0.0178384158617624
59703,1.20109042688938,0.0142084695167099
59704,1.01045814221702,0.0113380827022299
59705,1.21679683657661,0.0126449212646651
59706,1.21679683657661,0.0155798449099391
59707,0.284347507085982,0.00388905987347297
59708,0.925642051067896,0.0122894387299724
59709,1.27747590752858,0.0122139026454918
59710,1.23750503183342,0.00807491125582924
59711,1.24524069857661,0.0089983307376953
59712,1.01039199399224,0.00556866004708072
59713,0.341288742272041,0.00307609915938415
59714,0.647674652558117,0.00699974197391264
59715,1.00283141846532,0.012326144008691
59716,1.23029617544181,0.0159781954154446
59717,1.25531964726633,0.0157910050198452
59718,1.10156662300403,0.0127843380911856
59719,1.45526989529641,0.0149006967578773
59720,0.653240206975241,0.00652453183086457
59721,0.205407969398981,0.00248347900387891
59722,1.21679683657661,0.0156541093700934
59950,1.09151790507203,0.0142646843944001
59951,1.4453450145663,0.0202848963869024
59952,1.6300521927539,0.0331361077441083
59953,1.30644607199646,0.0306565652210883
59954,1.03886624390951,0.00945961525921756
59955,1.02997711779366,0.00949090998089628
59957,0.242500519555608,0.00186047321165031
59958,1.21679683657661,0.0115651548857178
59959,0.471366143825623,0.00529266038573953
59960,1.04581526680291,0.0191498256467094
59961,1.27804661754259,0.0218464405418852
59962,1.03470674765425,0.0145164147089669
59963,1.25340985169004,0.0152778620112589
59965,0.571706314337122,0.00653579554850442
59966,1.46734374550055,0.0173710262230681
59967,1.04583401187092,0.0133572530932947
59968,0.512420351579425,0.00676032552317102
59969,1.00654217270282,0.0123572627813048
59970,1.26577263206874,0.0146562029564354
59971,0.563916997577783,0.00630974054813801
59972,0.805572652074828,0.00912446244984673
59973,1.04000877370287,0.0133227170745235
59974,0.4589053705619,0.00677924442151669
60208,0.168919797057413,0.0008849757200631
60209,0.310426252893253,0.00288717139838505
60210,0.850475394809759,0.0113443414791299
60211,0.0137468430873217,0.000253447873576049
60212,0.665361227638346,0.0170147859626097
60213,1.25960569038902,0.0373084984982931
60214,1.27544504825697,0.0205098489355538
60215,1.27247721995715,0.0174513254789122
60216,1.05929644403136,0.0105165425370167
60217,1.48357366033586,0.00878682654881634
60218,0.858366297951454,0.00357538967842585
60219,0.679814807422501,0.00410914933008558
60220,0.254325046710041,0.00176373951967219
60221,1.28984637827084,0.0113368511980436
60222,1.0458828728713,0.0224186134808814
60223,1.04312345420098,0.0219739107022107
60224,1.031703624117,0.0166639272839471
60226,0.199371939763475,0.00304291553210134
60227,0.575155120623836,0.00786372888535751
60228,1.32174274590833,0.0139365120369314
60229,1.21679683657661,0.0134832418532156
60230,0.821552188821409,0.00920059540657767
60231,1.00226519886564,0.0120685372711408
60232,0.188919141251862,0.00275100543272244
60471,0.144524801377124,0.000252064414860113
60472,0.675629597143209,0.00277527906034672
60473,1.03431564077063,0.00624799429555618
60474,1.04278834671593,0.0227988692791199
60475,1.20763265341401,0.021748387390712
60476,0.00621123008787127,9.29980287825801e-05
60477,0.865678987284153,0.0108202216929483
60478,1.25984127127649,0.00223469002566721
60479,0.626232830635655,0.0010046820327262
60480,0.474138862538323,0.000947402534170684
60481,0.495973225039469,0.00207452879133713
60482,1.04592017900731,0.0267497183725245
60483,1.34040777675453,0.0327592195282877
60484,1.39919592413382,0.0307046188289984
60485,1.51949235575775,0.032201121554102
60486,1.21679683657661,0.0229054065877376
60487,1.04913038019915,0.0169382322108782
60488,1.33542858124285,0.00980654546351755
60489,0.75303869958661,0.00405515431896549
60490,0.281736987178828,0.0028639846306717
60491,1.32447598192082,0.0134397480724187
60492,1.01372017613975,0.0119690375377391
60493,0.111807365674877,0.00183378909715567
60727,0.315404107046841,0.000381912056137896
60728,1.1679762554606,0.0014142753539544
60729,1.3437329024308,0.00507618933094328
60730,1.3049902691678,0.0295986285503782
60731,0.0418725658450649,0.00082867462709352
60732,1.21679683657661,0.00214965922973829
60733,1.12486475611203,0.00152073814238506
60734,1.3383735684269,4.69953211567964e-05
60735,0.639245886267719,0.000894635091393262
60736,1.33816707324989,0.00375631308135282
60737,1.50345258302495,0.0407395304996622
60738,1.62029009572882,0.0401386981711385
60739,0.189339125425763,0.00452381430830552
60740,0.560208336889298,0.0121704737777805
60741,1.39245746387024,0.0271732800836333
60742,1.04134344822918,0.004727378247784
60743,1.09695158538736,0.00293658934926879
60744,1.21679683657661,0.00775351947610349
60745,0.534974853374277,0.00445276763818721
60746,0.917862316506128,0.00985477353571376
60978,0.164079609964004,0.000341026766982424
60979,0.852166075434193,0.00191998074223204
60980,1.26919466629156,0.00360068179711
60981,0.762800066116708,0.000968348149834345
60982,1.58875196083476,0.000629888103926665
60983,0.854031362132311,0.00162776931641111
60984,1.24238822282207,0.00671626267539418
60985,1.13399601773341,0.00902493417144566
60986,1.21617397634288,0.0371427040460782
60987,1.29028911988117,0.0355725300129011
60988,0.758217679368085,0.019028732584661
60989,1.21679683657661,0.0287384066111482
60990,1.13231822319329,0.00114723195370561
60991,1.06554410346428,0.000913856198560343
60992,0.935081475956457,0.00176844723036671
60993,1.07440760360251,0.00713948584069144
60994,0.552307420391141,0.00484641259042217
60995,0.250380814317476,0.00311845156725258
61220,0.404614388405941,0.00417968400404518
61221,0.803384581799212,0.00695819008766533
61222,0.384872992846673,0.00230031056047689
61223,1.3207373523052,0.00855493177723936
61224,1.19252769330795,0.0135325846589007
61225,0.874879160410494,0.0155068846765983
61226,1.33770773182274,0.0343702285197587
61227,0.568845899873031,0.0155930532205123
61228,1.32928941676573,0.00611038091046493
61229,0.269909495137989,0.00120327733921776
61230,1.39735652385118,0.00405506274153676
61231,1.24289276276492,0.00451659212011007
61232,1.31830652229045,0.00579462674338278
61233,1.2076860416909,0.035157022995214
61234,1.19256647739581,0.000300902149671514
61235,0.487224186356614,4.27381293017726e-05
61236,0.594473165007502,0.000906313813991564
61237,1.32169497819563,0.00647440679637094
61238,0.920389541362211,0.00814366863303776
61239,0.340047194779619,0.00385551413240098
61469,0.293532093597639,0.0041059439541947
61470,0.836733957280892,0.0107741276292055
61471,1.01881054070939,0.0102556352755249
61472,1.06708717975629,0.0112803389432234
61473,1.16080332730171,0.0113452725313286
61474,0.54744798809383,0.00743220681832068
61475,0.00626952897966547,0.000111124904173792
61476,0.0593227272334217,0.00134263744521978
61477,0.257582295338595,0.00694517543552163
61478,1.27507327451956,0.0123107739789632
61479,1.22419691874833,0.0100364373525506
61480,1.33048352279733,0.0102831573457529
61481,0.907019005565516,0.00495806192914388
61482,1.63260538632417,0.0097853975737651
61483,1.13951929126799,0.00707685928424732
61484,1.03388778936153,0.000999876426504834
61485,1.21578342515775,0.00169263943784241
61486,1.05885344978445,0.00270542390752195
61487,0.722630927897812,0.00489279963230422
61488,0.751691744476909,0.00688660121909148
61724,0.744040571812701,0.0111103851436309
61725,0.991149520696205,0.0145766250213922
61726,1.58648555856768,0.0239650165092205
61727,1.31602969434494,0.0199366654585386
61728,1.26983862572733,0.0143970987045207
61729,1.44846100421533,0.0160822585229854
61730,0.743996856859229,0.00688661734622902
61731,1.38045514961215,0.0110588032726092
61732,1.04516171932722,0.0225237670777763
61733,1.20959300775483,0.0253055274084534
61734,1.04617585054709,0.0102542842243671
61735,1.17989442633868,0.00703969673030844
61736,0.5059279232405,0.00409687409998021
61737,0.214288672117043,0.00223558499837222
61738,0.935498013597379,0.0157919366860447
61739,0.143102104242327,0.0025628226497729
61965,1.21679683657661,0.0132154323417767
61966,0.379733689243501,0.00504338610317389
61967,0.707187292316556,0.0107279677934258
61968,1.34296890656501,0.0293419810151141
61969,1.5721765513982,0.0183762988356795
61970,0.926405284120873,0.0105911328386604
61971,1.28744092408917,0.0147668332385352
61972,1.37270563331838,0.0142851641865737
61973,1.04197453482033,0.0314149485489932
61974,1.32848569699793,0.0371843819091292
61975,1.58195763116651,0.0418240190669658
61976,1.27746163074201,0.0232422944176892
61977,1.21032596320809,0.0223922952365546
61978,1.21084874379958,0.0129361959115612
61979,0.941964472834973,0.00847150345988688
61980,0.150262838319739,0.00178587825321902
61981,0.461288066594978,0.00574269037876863
61982,1.21679683657661,0.0208243652862108
61983,1.21679683657661,0.0217916746190527
62210,0.468340552397393,0.00388322565980129
62211,0.993652642296032,0.0121381104399239
62212,1.17162442916797,0.0205907845857438
62213,1.3434841957327,0.0283540983554201
62214,1.04585027818847,0.0114028189425992
62215,1.09089557360465,0.0110675353685736
62216,1.27583512101805,0.0144813744833318
62217,0.84936621236685,0.0103860500324567
62218,1.39593892531735,0.0175457821740971
62219,1.29412669734481,0.0374611165043766
62220,0.764500234123174,0.0211238445779388
62221,0.917919373693331,0.0223196068653278
62222,1.21679683657661,0.0279241904415472
62223,1.18070762792463,0.0206566642427951
62224,1.1674055118955,0.0196859072874327
62225,0.938395219158206,0.0144866052636539
62226,0.932520383119806,0.0105741983051072
62227,0.267945398376538,0.00321017519416008
62228,0.860522987360697,0.0117940796221107
62456,0.661924331710987,0.00193685873039226
62457,1.19942011340882,0.00731056774434455
62458,1.17120507981643,0.00986130086788719
62459,1.12428299760599,0.0102117610736541
62460,1.00615388732862,0.0113266208467029
62461,0.452410525330869,0.0056090804986265
62462,1.2756128040226,0.0450166051316933
62463,1.25827327066329,0.0428168223186871
62464,1.04365462363093,0.032506993732046
62465,1.17347469348898,0.034020135176591
62466,1.59007982752187,0.0412320582554859
62467,0.70826500738296,0.0163331650222189
62468,1.63079996956519,0.0335448824041707
62469,1.27490333906758,0.0220952795231588
62470,1.21679683657661,0.0202820324643227
62471,0.770793034105597,0.0101839164636636
62472,1.16827917444308,0.013502989231877
62473,0.874040134212286,0.00969519012394096
62474,0.905081573455313,0.0105309595572009
62475,0.284884373563485,0.00355309168863122
62476,1.21679683657661,0.0185974248797162
62702,0.632659680072869,0.000177444260723308
62703,0.924464833451953,0.00113132253283747
62704,1.21679683657661,0.00945350780987707
62705,1.17543140549026,0.00712904134003022
62706,1.2766364556854,0.00277905186130441
62707,1.33382814396294,0.00382408994119027
62708,1.26125666798754,0.0063780316883238
62710,0.286040990255718,0.00305444991357998
62711,1.32092020333688,0.0152547916458122
62712,1.2689440953961,0.0416797503628667
62713,0.750137554064217,0.0232061626574523
62714,0.256222664126459,0.00723372245817606
62715,0.103836161369575,0.00264607249011145
62716,0.390178936286288,0.00863425189324379
62717,0.349761604798543,0.00686510683516986
62718,0.312748873584607,0.00517056805180377
62719,1.407908168792,0.0200448777291036
62721,1.30815992904203,0.0121239350887208
62722,1.10769975121028,0.0077412331339579
62723,0.878152080589956,0.0073311795986449
62724,1.10146622314177,0.0111470540179221
62725,1.21679683657661,0.0136235091442693
62952,0.18041186257831,0.000238649271307563
62953,1.0788303313059,0.000721058849103475
62954,1.04577382613776,0.00468109605773789
62955,1.17048063751696,0.00281828885612073
62956,1.32069334008703,0.00103789946766567
62957,1.08219682751799,0.000323145706285407
62958,1.16512103607821,0.00190120347833697
62959,1.57740127643055,0.00574643125529951
62960,0.524891426618145,0.00381865319447131
62961,0.189900239848476,0.00215015855431948
62961,0.189900239848476,0.00167036527095768
62962,1.33224701228045,0.0166769860851801
62963,1.32040139076954,0.0190253683331797
62964,1.08737407443211,0.0163092454134107
62965,1.2638192580616,0.0182489886326749
62966,0.980114514288269,0.0126098680963546
62967,1.22453008791471,0.0152122165301394
62968,1.46138392845218,0.0184125637805807
62971,1.24786168819723,0.00511930955690402
62972,1.22943127071495,0.00310439495648821
62973,1.11877123862267,0.0017166403180935
62974,1.01623938561948,0.0051722850994478
62975,0.976456312207025,0.00555704984176894
63200,0.947261019569113,0.0034572298912151
63201,1.11739986493713,0.00285452538675399
63205,1.54472465931246,0.0023397203633125
63206,0.65978955442475,0.000193036972751029
63207,1.28606104981738,8.23408552966401e-10
63209,0.388961063361609,0.00165063915069832
63210,0.707127864922228,0.00385393768329703
63212,1.26485621722974,0.0201136378124719
63213,0.634014103287385,0.0096118632777508
63214,1.32960490644766,0.0208613392250737
63215,1.26667187044324,0.0203650821019408
63216,1.26248075687304,0.0202003736652843
63217,1.54131211061184,0.0238878185364027
63218,1.57976900652738,0.0233192429339018
63219,0.64753750441491,0.00851535875904844
63220,1.4448401810678,0.0175807547829084
63221,1.29138786471986,0.0149688294417897
63225,0.536720404095546,0.00162134369863483
63226,0.587708459140804,0.000837266503364789
63227,1.35636216334432,0.00112419090614656
63228,1.23268865390559,0.00242246704345648
63229,0.763650463257828,0.00290371427610547
63231,0.282259281414017,0.00262663527851554
63450,0.546642937968346,0.00497694358527152
63451,1.08663156666137,0.00742950088565954
63457,1.26376859105926,0.00270702946008064
63458,1.57902245781398,0.00220213770517126
63459,0.756290022071811,0.000754500483607388
63461,1.04972694963083,0.00474515945857134
63463,1.21679683657661,0.0211068608592654
63464,1.02036742325507,0.017193906977293
63466,1.48431375777607,0.0243054457744133
63467,1.32338716344571,0.0210429309654938
63468,1.16498300040068,0.0187171680053936
63470,0.804808635201944,0.0107467238311762
63471,1.20515161612796,0.0160564675939164
63472,0.962152132690609,0.0110614647232936
63473,1.21679683657661,0.0138805055893876
63474,0.245158448150708,0.00246269768901987
63475,0.292243715231449,0.00279510327561391
63478,0.442584199920402,0.000878093543862652
63479,0.353658973158792,0.0004228985669385
63480,0.0793965360837815,0.000229013130075371
63481,0.64456940496195,0.00301692268527621
63483,1.21679683657661,0.0119953571442296
63703,0.315918959826962,0.00521489273968547
63704,0.798108270729715,0.0108928573121079
63710,1.21679683657661,0.00249388827589435
63711,1.32548998008434,0.00419107172200176
63713,0.758954108609507,0.00418467180400313
63715,1.02376892247917,0.0166228361475757
63716,0.807030835738442,0.0136861649645191
63717,0.981027233308066,0.0175692227048471
63718,1.04079637281239,0.0183627768139517
63719,0.987724411987222,0.0166124192382542
63720,0.431194900196628,0.00701675790251141
63721,0.861077917451562,0.0134634084892584
63722,1.03269797572951,0.0140209246076242
63723,0.786423190970964,0.00932642161319392
63724,1.49564847837086,0.0137902401215933
63725,0.673916377532738,0.0063281072871117
63726,1.25515666071783,0.0126366026267113
63727,1.41603545637439,0.0141222872549629
63733,0.382038192529505,0.00238398212121068
63957,0.836245830560012,0.0164303324593198
63958,1.09721875173521,0.022041194857726
63967,1.0377488414871,0.00735158555724863
63968,1.33037514252493,0.00606042012483399
63970,0.631750569746705,0.00453366912242785
63971,1.27340139866471,0.0164196529434471
63972,1.20498195812536,0.0169703292906829
63973,0.81476856244473,0.013031039529009
63974,1.21679683657661,0.0209705307778606
63981,1.50608025374993,0.0101472117760775
63982,1.00762335748072,0.00817046745537305
63983,1.29778516853503,0.0122044102484
63984,1.20124831617073,0.0118900671084482
63985,1.22468329462463,0.0111222813597043
63986,0.347219116791079,0.00275335295313798
64226,1.27410838809714,0.0190055402839057
64227,1.2734707574049,0.0159286996632669
64228,1.31068894549415,0.0122476119264232
64229,0.409505706602225,0.00360518713002868
64230,1.24354117374897,0.0108452548294353
64231,1.49105184939452,0.0151231513197151
64232,1.31317382945222,0.0146479821051205
64233,0.968081878457282,0.0124960955814262
64234,1.21679683657661,0.017983006095874
64236,1.25438118008502,0.00854203807130064
64237,1.263544578487,0.00798038945817419
64241,1.14625089095975,0.00325083462361134
64242,1.47412259090207,0.00751155794127598
64243,0.974059221263354,0.00712019088589323
64244,1.52057177083739,0.0141628398457471
64245,1.09570073087734,0.0118271541500595
64246,1.211557088674,0.0128168234528755
64247,0.52368197302034,0.00569950321455413
64248,0.394202406256957,0.00417803417832617
64489,0.475184079362709,0.0067248163217711
64490,0.313155789837268,0.00365677154224507
64491,1.18231079006607,0.0131525279174072
64492,0.0754761458082346,0.000912690600202893
64493,0.809876784822692,0.00955363126140336
64494,1.34223946724439,0.0162429147461157
64495,1.21140547280956,0.0134993480201081
64496,1.22112302070389,0.0110353259961228
64497,1.31472300398049,0.00929498911094948
64498,1.21794989531535,0.00594422502391806
64499,1.25043334164195,0.00245369260149064
64500,1.09741118470042,0.000628285251278446
64501,1.13896020221907,0.000233476428309433
64502,1.0433447636202,0.00153090469122227
64503,0.210853109735728,0.000989008226459187
64504,1.21679683657661,0.00838610655106759
64505,0.688613466302495,0.00627790443303354
64506,1.26295047040805,0.0131821060759293
64507,0.853397842435733,0.00962112900760178
64508,0.476046501245724,0.00551822019312088
64509,0.75616206594843,0.00897824088426519
64749,1.59131078298204,0.0196205537614623
64750,1.23317348733665,0.0163789789586001
64751,0.96007053922571,0.0130141899450061
64754,0.06870307379568,0.000627523047578117
64755,0.881429588005827,0.00586685177268945
64756,0.548563526251826,0.0032310070695233
64758,0.677355768422406,9.90182042304751e-05
64759,1.1496173227491,2.9206009029924e-05
64760,0.346507864780849,0.000723345775049516
64763,0.680840458214204,0.00619201898254112
64764,1.18625853062543,0.0116126007495489
65009,1.59848178652733,0.0216797358334203
65010,0.866358976555067,0.0112314669552529
65011,0.686566763802312,0.00790790018535819
65012,0.782598415844122,0.00844076525193682
65013,1.21679683657661,0.00716686216456144
65014,1.33710459856487,0.00644593963835151
65015,0.982928991475884,0.00323173268708502
65016,0.720559393560463,0.00218005743734877
65018,1.21679683657661,0.00399619163830636
65021,0.306338384402693,0.00329010837956176
65022,0.305389539730748,0.00374429476023293
65268,1.04147403050208,0.0372052761647078
65269,1.21679683657661,0.0423525434700657
65270,1.24781713925702,0.0368782226684335
65271,1.25295298271689,0.0346100813498167
65275,1.02609396663637,0.0143108020576017
65276,1.57048378183475,0.0184024624734252
65277,1.02571777896013,0.00322385984728846
65278,1.12945939525518,0.00388545724825301
65279,0.494394628377687,0.00201812539459514
65538,1.37618798002473,0.00916380022602777
65539,0.688058651004259,0.00346269231184768
112100,1.21679683657661,1.00859921148843
112104,1.21679683657661,0.804914698035665
112106,1.21679683657661,0.740376377731171
112111,1.21679683657661,0.555177228647325
112114,1.21679683657661,0.646753335189751
112116,1.21679683657661,0.531881757509645
112117,1.21679683657661,0.590331673516543
112120,1.21679683657661,0.432943625885686
112126,1.21679683657661,0.482218162097074
112133,1.21193349984904,0.62579327301858
112145,1.21679683657661,0.0972718855771434
112151,1.21679683657661,0.0737999492606012
112155,1.21679683657661,0.0818747645833824
112156,1.27661427605588,0.119683678041609
112157,1.21679683657661,0.107037105457758
112163,1.21679683657661,0.0711275472101305
112165,1.21679683657661,0.0851556875394341
112186,1.21679683657661,0.0533349136951374
112187,1.21679683657661,0.0427436199599139
112188,1.21679683657661,0.0160062070673578
112191,1.01268834724649,0.0543277684881334
112200,1.21679683657661,0.00323010081848121
112211,1.21679683657661,0.0188889325822416
112212,1.21612280980585,0.0345408176330108
112218,1.21679683657661,0.00428342000351925
112222,1.21679683657661,0.00879377943758677
112225,1.21679683657661,0.0128781626312197
