"Block","Area","Year","Mean","lower","upper","Density","DensityLO","DensityHI"
"1",48.702325794,2018,10,10,10,0.205329003019235,0.205329003019235,0.205329003019235
"1",48.702325794,2019,9.759,8,12,0.200360041146169,0.164263202415388,0.246394803623082
"1",48.702325794,2020,9.633,7,12,0.197197974499673,0.143730302113465,0.246394803623082
"1",48.702325794,2021,9.719,7,13,0.199004869726242,0.143730302113465,0.266927703925006
"1",48.702325794,2022,9.995,7,15,0.205616463623461,0.143730302113465,0.307993504528853
"1",48.702325794,2023,10.423,7,16,0.214117084348458,0.143730302113465,0.328526404830776
"1",48.702325794,2024,11.063,7,18,0.22598510072297,0.143730302113465,0.369592205434623
"1",48.702325794,2025,11.804,6,21,0.241343710148809,0.123197401811541,0.431190906340394
"1",48.702325794,2026,12.865,7,24,0.260233978426578,0.143730302113465,0.492789607246164
"1",48.702325794,2027,13.793,7,26,0.279083180903744,0.143730302113465,0.533855407850011
"1",48.702325794,2028,15.109,7,30,0.304297582474506,0.143730302113465,0.615987009057706
"1",48.702325794,2029,16.454,7,33,0.329799444649495,0.143730302113465,0.677585709963476
"1",48.702325794,2030,17.681,7,37,0.355588767428711,0.143730302113465,0.75971731117117
"1",48.702325794,2031,18.966,7,41,0.378626681567469,0.143730302113465,0.841848912378864
"1",48.702325794,2032,20.372,6,45,0.403635754135212,0.123197401811541,0.923980513586558
"1",48.702325794,2033,21.664,7,48,0.428973353107785,0.143730302113465,0.985579214492329
"1",48.702325794,2034,22.906,6,53,0.452996846461036,0.123197401811541,1.08824371600195
"1",48.702325794,2035,24.551,6,60,0.486835066158606,0.123197401811541,1.23197401811541
"1",48.702325794,2036,26.256,6,66,0.520180496248929,0.123197401811541,1.35517141992695
"1",48.702325794,2037,27.898,6,76,0.55455257135435,0.123197401811541,1.56050042294619
"1",48.702325794,2038,29.503,5,88,0.58732308023622,0.102664501509618,1.80689522656927
"1",48.702325794,2039,31.634,5,100,0.630360039269052,0.102664501509618,2.05329003019235
"1",48.702325794,2040,34.145,5,112,0.678407025975553,0.102664501509618,2.29968483381543
"1",48.702325794,2041,36.53,4,121,0.721977840416235,0.0821316012076941,2.48448093653275
"1",48.702325794,2042,39.166,4,134,0.777580934433844,0.0821316012076941,2.75140864045775
"2",33.295080288,2018,0,0,0,0,0,0
"2",33.295080288,2019,0,0,1,0,0,0.0300344672951701
"2",33.295080288,2020,0,0,1,0,0,0.0300344672951701
"2",33.295080288,2021,0,0,1,0,0,0.0300344672951701
"2",33.295080288,2022,0,0,1,0,0,0.0300344672951701
"2",33.295080288,2023,0,0,1,0,0,0.0300344672951701
"2",33.295080288,2024,0,0,1,0,0,0.0300344672951701
"2",33.295080288,2025,0,0,1,0,0,0.0300344672951701
"2",33.295080288,2026,0,0,1,0,0,0.0300344672951701
"2",33.295080288,2027,0,0,1,0,0,0.0300344672951701
"2",33.295080288,2028,0.006,0,0,0.000180206803771021,0,0
"2",33.295080288,2029,0.097,0,1,0.00330379140246872,0,0.0300344672951701
"2",33.295080288,2030,0.376,0,3,0.0120137869180681,0,0.0901034018855104
"2",33.295080288,2031,0.941,0,5,0.0304549498373025,0,0.150172336475851
"2",33.295080288,2032,1.648,0,7,0.0520196973552347,0,0.210241271066191
"2",33.295080288,2033,2.618,0,10,0.0801319587435137,0,0.300344672951701
"2",33.295080288,2034,3.757,0,13,0.112809459160659,0,0.390448074837212
"2",33.295080288,2035,4.813,0,15,0.140381100137625,0,0.450517009427552
"2",33.295080288,2036,6.018,0,18,0.175281151134612,0,0.540620411313062
"2",33.295080288,2037,7.212,0,20,0.209940926393238,0,0.600689345903403
"2",33.295080288,2038,8.384,0,23,0.246823252231707,0,0.690792747788913
"2",33.295080288,2039,9.463,1,26,0.278419511826226,0.0300344672951701,0.780896149674424
"2",33.295080288,2040,10.511,2,28,0.303948809027121,0.0600689345903403,0.840965084264764
"2",33.295080288,2041,11.342,2,31,0.331099967461955,0.0600689345903403,0.931068486150274
"2",33.295080288,2042,12.684,2,35,0.367802086496652,0.0600689345903403,1.05120635533095
"3",17.56893218,2018,0,0,0,0,0,0
"3",17.56893218,2019,0,0,1,0,0,0.05691865559925
"3",17.56893218,2020,0,0,1,0,0,0.05691865559925
"3",17.56893218,2021,0,0,1,0,0,0.05691865559925
"3",17.56893218,2022,0,0,1,0,0,0.05691865559925
"3",17.56893218,2023,0,0,1,0,0,0.05691865559925
"3",17.56893218,2024,0,0,1,0,0,0.05691865559925
"3",17.56893218,2025,0,0,1,0,0,0.05691865559925
"3",17.56893218,2026,0,0,1,0,0,0.05691865559925
"3",17.56893218,2027,0,0,1,0,0,0.05691865559925
"3",17.56893218,2028,0,0,1,0,0,0.05691865559925
"3",17.56893218,2029,0,0,1,0,0,0.05691865559925
"3",17.56893218,2030,0,0,1,0,0,0.05691865559925
"3",17.56893218,2031,0,0,1,0,0,0.05691865559925
"3",17.56893218,2032,0.005,0,0,0.000455349244794,0,0
"3",17.56893218,2033,0.024,0,0,0.0014798850455805,0,0
"3",17.56893218,2034,0.069,0,1,0.0042119805143445,0,0.05691865559925
"3",17.56893218,2035,0.207,0,2,0.0135466400326215,0,0.1138373111985
"3",17.56893218,2036,0.441,0,3,0.026637930820449,0,0.17075596679775
"3",17.56893218,2037,0.846,0,5,0.050316091549737,0,0.28459327799625
"3",17.56893218,2038,1.453,0,7,0.0838980983532945,0,0.39843058919475
"3",17.56893218,2039,2.178,0,9,0.123627319961571,0,0.51226790039325
"3",17.56893218,2040,3.034,0,12,0.174740272689697,0,0.683023867191
"3",17.56893218,2041,3.862,0,14,0.21925066136831,0,0.7968611783895
"3",17.56893218,2042,5.066,0,18,0.279356761681118,0,1.0245358007865
"4",30.135827599,2018,0,0,0,0,0,0
"4",30.135827599,2019,0,0,1,0,0,0.0331830940004841
"4",30.135827599,2020,0,0,1,0,0,0.0331830940004841
"4",30.135827599,2021,0,0,1,0,0,0.0331830940004841
"4",30.135827599,2022,0,0,1,0,0,0.0331830940004841
"4",30.135827599,2023,0,0,1,0,0,0.0331830940004841
"4",30.135827599,2024,0,0,1,0,0,0.0331830940004841
"4",30.135827599,2025,0,0,1,0,0,0.0331830940004841
"4",30.135827599,2026,0,0,1,0,0,0.0331830940004841
"4",30.135827599,2027,0,0,1,0,0,0.0331830940004841
"4",30.135827599,2028,0,0,1,0,0,0.0331830940004841
"4",30.135827599,2029,0,0,1,0,0,0.0331830940004841
"4",30.135827599,2030,0,0,1,0,0,0.0331830940004841
"4",30.135827599,2031,0.013,0,0,0.000331830940004841,0,0
"4",30.135827599,2032,0.074,0,1,0.00252191514403679,0,0.0331830940004841
"4",30.135827599,2033,0.233,0,2,0.00902580156813168,0,0.0663661880009682
"4",30.135827599,2034,0.511,0,4,0.0202416873402953,0,0.132732376001936
"4",30.135827599,2035,0.983,0,5,0.035439544392517,0,0.16591547000242
"4",30.135827599,2036,1.567,0,8,0.0550839360408036,0,0.265464752003873
"4",30.135827599,2037,2.3,0,10,0.0787766651571491,0,0.331830940004841
"4",30.135827599,2038,3.147,0,12,0.103597619469511,0,0.398197128005809
"4",30.135827599,2039,3.833,0,14,0.128551306157875,0,0.464563316006777
"4",30.135827599,2040,4.787,0,16,0.159278851202323,0,0.530929504007746
"4",30.135827599,2041,5.811,0,19,0.192329212826805,0,0.630478786009198
"4",30.135827599,2042,6.788,0,22,0.225445940639288,0,0.73002806801065
"5",11.38586405,2018,0,0,0,0,0,0
"5",11.38586405,2019,0,0,1,0,0,0.0878282048343973
"5",11.38586405,2020,0,0,1,0,0,0.0878282048343973
"5",11.38586405,2021,0,0,1,0,0,0.0878282048343973
"5",11.38586405,2022,0,0,1,0,0,0.0878282048343973
"5",11.38586405,2023,0,0,1,0,0,0.0878282048343973
"5",11.38586405,2024,0,0,1,0,0,0.0878282048343973
"5",11.38586405,2025,0,0,1,0,0,0.0878282048343973
"5",11.38586405,2026,0,0,1,0,0,0.0878282048343973
"5",11.38586405,2027,0,0,1,0,0,0.0878282048343973
"5",11.38586405,2028,0,0,1,0,0,0.0878282048343973
"5",11.38586405,2029,0,0,1,0,0,0.0878282048343973
"5",11.38586405,2030,0,0,1,0,0,0.0878282048343973
"5",11.38586405,2031,0,0,1,0,0,0.0878282048343973
"5",11.38586405,2032,0,0,1,0,0,0.0878282048343973
"5",11.38586405,2033,0,0,1,0,0,0.0878282048343973
"5",11.38586405,2034,0.001,0,0,0.000175656409668795,0,0
"5",11.38586405,2035,0.025,0,0,0.00245918973536312,0,0
"5",11.38586405,2036,0.061,0,1,0.00579666151907022,0,0.0878282048343973
"5",11.38586405,2037,0.142,0,1,0.013701199954166,0,0.0878282048343973
"5",11.38586405,2038,0.289,0,2,0.0266997742696568,0,0.175656409668795
"5",11.38586405,2039,0.56,0,4,0.0479541998395809,0,0.351312819337589
"5",11.38586405,2040,0.967,0,5,0.0871255791957221,0,0.439141024171986
"5",11.38586405,2041,1.525,0,7,0.140349471325367,0,0.614797433840781
"5",11.38586405,2042,2.079,0,9,0.186195794248922,0,0.790453843509575
"6",21.604887639,2018,0,0,0,0,0,0
"6",21.604887639,2019,0,0,1,0,0,0.046285822759608
"6",21.604887639,2020,0,0,1,0,0,0.046285822759608
"6",21.604887639,2021,0,0,1,0,0,0.046285822759608
"6",21.604887639,2022,0,0,1,0,0,0.046285822759608
"6",21.604887639,2023,0,0,1,0,0,0.046285822759608
"6",21.604887639,2024,0,0,1,0,0,0.046285822759608
"6",21.604887639,2025,0,0,1,0,0,0.046285822759608
"6",21.604887639,2026,0,0,1,0,0,0.046285822759608
"6",21.604887639,2027,0,0,1,0,0,0.046285822759608
"6",21.604887639,2028,0,0,1,0,0,0.046285822759608
"6",21.604887639,2029,0,0,1,0,0,0.046285822759608
"6",21.604887639,2030,0,0,1,0,0,0.046285822759608
"6",21.604887639,2031,0,0,1,0,0,0.046285822759608
"6",21.604887639,2032,0,0,1,0,0,0.046285822759608
"6",21.604887639,2033,0,0,1,0,0,0.046285822759608
"6",21.604887639,2034,0,0,1,0,0,0.046285822759608
"6",21.604887639,2035,0,0,1,0,0,0.046285822759608
"6",21.604887639,2036,0,0,1,0,0,0.046285822759608
"6",21.604887639,2037,0.002,0,0,9.2571645519216e-05,0,0
"6",21.604887639,2038,0.002,0,0,9.2571645519216e-05,0,0
"6",21.604887639,2039,0.042,0,0,0.00185143291038432,0,0
"6",21.604887639,2040,0.095,0,1,0.00425829569388394,0,0.046285822759608
"6",21.604887639,2041,0.212,0,2,0.0100903093615946,0,0.092571645519216
"6",21.604887639,2042,0.384,0,3,0.0196251888500738,0,0.138857468278824
"7",28.789237647,2018,0,0,0,0,0,0
"7",28.789237647,2019,0,0,1,0,0,0.0347352025177438
"7",28.789237647,2020,0,0,1,0,0,0.0347352025177438
"7",28.789237647,2021,0,0,1,0,0,0.0347352025177438
"7",28.789237647,2022,0,0,1,0,0,0.0347352025177438
"7",28.789237647,2023,0,0,1,0,0,0.0347352025177438
"7",28.789237647,2024,0,0,1,0,0,0.0347352025177438
"7",28.789237647,2025,0,0,1,0,0,0.0347352025177438
"7",28.789237647,2026,0,0,1,0,0,0.0347352025177438
"7",28.789237647,2027,0,0,1,0,0,0.0347352025177438
"7",28.789237647,2028,0,0,1,0,0,0.0347352025177438
"7",28.789237647,2029,0,0,1,0,0,0.0347352025177438
"7",28.789237647,2030,0,0,1,0,0,0.0347352025177438
"7",28.789237647,2031,0,0,1,0,0,0.0347352025177438
"7",28.789237647,2032,0,0,1,0,0,0.0347352025177438
"7",28.789237647,2033,0,0,1,0,0,0.0347352025177438
"7",28.789237647,2034,0,0,1,0,0,0.0347352025177438
"7",28.789237647,2035,0,0,1,0,0,0.0347352025177438
"7",28.789237647,2036,0,0,1,0,0,0.0347352025177438
"7",28.789237647,2037,0.006,0,0,0.000138940810070975,0,0
"7",28.789237647,2038,0.026,0,0,0.00090311526546134,0,0
"7",28.789237647,2039,0.063,0,1,0.00250093458127756,0,0.0347352025177438
"7",28.789237647,2040,0.197,0,2,0.0073638629337617,0,0.0694704050354877
"7",28.789237647,2041,0.4,0,3,0.0158392523480912,0,0.104205607553232
"7",28.789237647,2042,0.684,0,5,0.028343925254479,0,0.173676012588719
"8",7.328228233,2018,0,0,0,0,0,0
"8",7.328228233,2019,0,0,1,0,0,0.136458632046538
"8",7.328228233,2020,0,0,1,0,0,0.136458632046538
"8",7.328228233,2021,0,0,1,0,0,0.136458632046538
"8",7.328228233,2022,0,0,1,0,0,0.136458632046538
"8",7.328228233,2023,0,0,1,0,0,0.136458632046538
"8",7.328228233,2024,0,0,1,0,0,0.136458632046538
"8",7.328228233,2025,0,0,1,0,0,0.136458632046538
"8",7.328228233,2026,0,0,1,0,0,0.136458632046538
"8",7.328228233,2027,0,0,1,0,0,0.136458632046538
"8",7.328228233,2028,0,0,1,0,0,0.136458632046538
"8",7.328228233,2029,0,0,1,0,0,0.136458632046538
"8",7.328228233,2030,0,0,1,0,0,0.136458632046538
"8",7.328228233,2031,0,0,1,0,0,0.136458632046538
"8",7.328228233,2032,0,0,1,0,0,0.136458632046538
"8",7.328228233,2033,0,0,1,0,0,0.136458632046538
"8",7.328228233,2034,0,0,1,0,0,0.136458632046538
"8",7.328228233,2035,0,0,1,0,0,0.136458632046538
"8",7.328228233,2036,0,0,1,0,0,0.136458632046538
"8",7.328228233,2037,0,0,1,0,0,0.136458632046538
"8",7.328228233,2038,0,0,1,0,0,0.136458632046538
"8",7.328228233,2039,0,0,1,0,0,0.136458632046538
"8",7.328228233,2040,0,0,1,0,0,0.136458632046538
"8",7.328228233,2041,0,0,1,0,0,0.136458632046538
"8",7.328228233,2042,0,0,1,0,0,0.136458632046538
"9",13.85595721,2018,0,0,0,0,0,0
"9",13.85595721,2019,0,0,1,0,0,0.0721711235711878
"9",13.85595721,2020,0,0,1,0,0,0.0721711235711878
"9",13.85595721,2021,0,0,1,0,0,0.0721711235711878
"9",13.85595721,2022,0,0,1,0,0,0.0721711235711878
"9",13.85595721,2023,0,0,1,0,0,0.0721711235711878
"9",13.85595721,2024,0,0,1,0,0,0.0721711235711878
"9",13.85595721,2025,0,0,1,0,0,0.0721711235711878
"9",13.85595721,2026,0,0,1,0,0,0.0721711235711878
"9",13.85595721,2027,0,0,1,0,0,0.0721711235711878
"9",13.85595721,2028,0,0,1,0,0,0.0721711235711878
"9",13.85595721,2029,0,0,1,0,0,0.0721711235711878
"9",13.85595721,2030,0,0,1,0,0,0.0721711235711878
"9",13.85595721,2031,0,0,1,0,0,0.0721711235711878
"9",13.85595721,2032,0,0,1,0,0,0.0721711235711878
"9",13.85595721,2033,0,0,1,0,0,0.0721711235711878
"9",13.85595721,2034,0,0,1,0,0,0.0721711235711878
"9",13.85595721,2035,0,0,1,0,0,0.0721711235711878
"9",13.85595721,2036,0,0,1,0,0,0.0721711235711878
"9",13.85595721,2037,0,0,1,0,0,0.0721711235711878
"9",13.85595721,2038,0,0,1,0,0,0.0721711235711878
"9",13.85595721,2039,0,0,1,0,0,0.0721711235711878
"9",13.85595721,2040,0,0,1,0,0,0.0721711235711878
"9",13.85595721,2041,0,0,1,0,0,0.0721711235711878
"9",13.85595721,2042,0.004,0,0,0.000433026741427127,0,0
"10",9.677803186,2018,0,0,0,0,0,0
"10",9.677803186,2019,0,0,1,0,0,0.103329235032038
"10",9.677803186,2020,0,0,1,0,0,0.103329235032038
"10",9.677803186,2021,0,0,1,0,0,0.103329235032038
"10",9.677803186,2022,0,0,1,0,0,0.103329235032038
"10",9.677803186,2023,0,0,1,0,0,0.103329235032038
"10",9.677803186,2024,0,0,1,0,0,0.103329235032038
"10",9.677803186,2025,0,0,1,0,0,0.103329235032038
"10",9.677803186,2026,0,0,1,0,0,0.103329235032038
"10",9.677803186,2027,0,0,1,0,0,0.103329235032038
"10",9.677803186,2028,0,0,1,0,0,0.103329235032038
"10",9.677803186,2029,0,0,1,0,0,0.103329235032038
"10",9.677803186,2030,0,0,1,0,0,0.103329235032038
"10",9.677803186,2031,0,0,1,0,0,0.103329235032038
"10",9.677803186,2032,0,0,1,0,0,0.103329235032038
"10",9.677803186,2033,0,0,1,0,0,0.103329235032038
"10",9.677803186,2034,0,0,1,0,0,0.103329235032038
"10",9.677803186,2035,0,0,1,0,0,0.103329235032038
"10",9.677803186,2036,0,0,1,0,0,0.103329235032038
"10",9.677803186,2037,0,0,1,0,0,0.103329235032038
"10",9.677803186,2038,0,0,1,0,0,0.103329235032038
"10",9.677803186,2039,0,0,1,0,0,0.103329235032038
"10",9.677803186,2040,0,0,1,0,0,0.103329235032038
"10",9.677803186,2041,0,0,1,0,0,0.103329235032038
"10",9.677803186,2042,0,0,1,0,0,0.103329235032038
"11",54.746543036,2018,0,0,0,0,0,0
"11",54.746543036,2019,0,0,1,0,0,0.0182659935138265
"11",54.746543036,2020,0,0,1,0,0,0.0182659935138265
"11",54.746543036,2021,0,0,1,0,0,0.0182659935138265
"11",54.746543036,2022,0,0,1,0,0,0.0182659935138265
"11",54.746543036,2023,0,0,1,0,0,0.0182659935138265
"11",54.746543036,2024,0,0,1,0,0,0.0182659935138265
"11",54.746543036,2025,0,0,1,0,0,0.0182659935138265
"11",54.746543036,2026,0,0,1,0,0,0.0182659935138265
"11",54.746543036,2027,0,0,1,0,0,0.0182659935138265
"11",54.746543036,2028,0,0,1,0,0,0.0182659935138265
"11",54.746543036,2029,0,0,1,0,0,0.0182659935138265
"11",54.746543036,2030,0,0,1,0,0,0.0182659935138265
"11",54.746543036,2031,0,0,1,0,0,0.0182659935138265
"11",54.746543036,2032,0,0,1,0,0,0.0182659935138265
"11",54.746543036,2033,0,0,1,0,0,0.0182659935138265
"11",54.746543036,2034,0,0,1,0,0,0.0182659935138265
"11",54.746543036,2035,0,0,1,0,0,0.0182659935138265
"11",54.746543036,2036,0,0,1,0,0,0.0182659935138265
"11",54.746543036,2037,0,0,1,0,0,0.0182659935138265
"11",54.746543036,2038,0,0,1,0,0,0.0182659935138265
"11",54.746543036,2039,0,0,1,0,0,0.0182659935138265
"11",54.746543036,2040,0,0,1,0,0,0.0182659935138265
"11",54.746543036,2041,0,0,1,0,0,0.0182659935138265
"11",54.746543036,2042,0,0,1,0,0,0.0182659935138265
"12",18.969038279,2018,0,0,0,0,0,0
"12",18.969038279,2019,0,0,1,0,0,0.0527174854777465
"12",18.969038279,2020,0,0,1,0,0,0.0527174854777465
"12",18.969038279,2021,0,0,1,0,0,0.0527174854777465
"12",18.969038279,2022,0,0,1,0,0,0.0527174854777465
"12",18.969038279,2023,0,0,1,0,0,0.0527174854777465
"12",18.969038279,2024,0,0,1,0,0,0.0527174854777465
"12",18.969038279,2025,0,0,1,0,0,0.0527174854777465
"12",18.969038279,2026,0,0,1,0,0,0.0527174854777465
"12",18.969038279,2027,0,0,1,0,0,0.0527174854777465
"12",18.969038279,2028,0,0,1,0,0,0.0527174854777465
"12",18.969038279,2029,0,0,1,0,0,0.0527174854777465
"12",18.969038279,2030,0,0,1,0,0,0.0527174854777465
"12",18.969038279,2031,0,0,1,0,0,0.0527174854777465
"12",18.969038279,2032,0,0,1,0,0,0.0527174854777465
"12",18.969038279,2033,0,0,1,0,0,0.0527174854777465
"12",18.969038279,2034,0,0,1,0,0,0.0527174854777465
"12",18.969038279,2035,0,0,1,0,0,0.0527174854777465
"12",18.969038279,2036,0,0,1,0,0,0.0527174854777465
"12",18.969038279,2037,0,0,1,0,0,0.0527174854777465
"12",18.969038279,2038,0,0,1,0,0,0.0527174854777465
"12",18.969038279,2039,0,0,1,0,0,0.0527174854777465
"12",18.969038279,2040,0,0,1,0,0,0.0527174854777465
"12",18.969038279,2041,0,0,1,0,0,0.0527174854777465
"12",18.969038279,2042,0,0,1,0,0,0.0527174854777465
"13",27.193312989,2018,0,0,0,0,0,0
"13",27.193312989,2019,0,0,1,0,0,0.0367737465605795
"13",27.193312989,2020,0,0,1,0,0,0.0367737465605795
"13",27.193312989,2021,0,0,1,0,0,0.0367737465605795
"13",27.193312989,2022,0,0,1,0,0,0.0367737465605795
"13",27.193312989,2023,0,0,1,0,0,0.0367737465605795
"13",27.193312989,2024,0,0,1,0,0,0.0367737465605795
"13",27.193312989,2025,0,0,1,0,0,0.0367737465605795
"13",27.193312989,2026,0,0,1,0,0,0.0367737465605795
"13",27.193312989,2027,0,0,1,0,0,0.0367737465605795
"13",27.193312989,2028,0,0,1,0,0,0.0367737465605795
"13",27.193312989,2029,0,0,1,0,0,0.0367737465605795
"13",27.193312989,2030,0,0,1,0,0,0.0367737465605795
"13",27.193312989,2031,0,0,1,0,0,0.0367737465605795
"13",27.193312989,2032,0,0,1,0,0,0.0367737465605795
"13",27.193312989,2033,0,0,1,0,0,0.0367737465605795
"13",27.193312989,2034,0,0,1,0,0,0.0367737465605795
"13",27.193312989,2035,0,0,1,0,0,0.0367737465605795
"13",27.193312989,2036,0,0,1,0,0,0.0367737465605795
"13",27.193312989,2037,0,0,1,0,0,0.0367737465605795
"13",27.193312989,2038,0,0,1,0,0,0.0367737465605795
"13",27.193312989,2039,0,0,1,0,0,0.0367737465605795
"13",27.193312989,2040,0,0,1,0,0,0.0367737465605795
"13",27.193312989,2041,0,0,1,0,0,0.0367737465605795
"13",27.193312989,2042,0,0,1,0,0,0.0367737465605795
"14",34.973712025,2018,0,0,0,0,0,0
"14",34.973712025,2019,0,0,1,0,0,0.0285929042729344
"14",34.973712025,2020,0,0,1,0,0,0.0285929042729344
"14",34.973712025,2021,0,0,1,0,0,0.0285929042729344
"14",34.973712025,2022,0,0,1,0,0,0.0285929042729344
"14",34.973712025,2023,0,0,1,0,0,0.0285929042729344
"14",34.973712025,2024,0,0,1,0,0,0.0285929042729344
"14",34.973712025,2025,0,0,1,0,0,0.0285929042729344
"14",34.973712025,2026,0,0,1,0,0,0.0285929042729344
"14",34.973712025,2027,0,0,1,0,0,0.0285929042729344
"14",34.973712025,2028,0,0,1,0,0,0.0285929042729344
"14",34.973712025,2029,0,0,1,0,0,0.0285929042729344
"14",34.973712025,2030,0,0,1,0,0,0.0285929042729344
"14",34.973712025,2031,0,0,1,0,0,0.0285929042729344
"14",34.973712025,2032,0,0,1,0,0,0.0285929042729344
"14",34.973712025,2033,0,0,1,0,0,0.0285929042729344
"14",34.973712025,2034,0,0,1,0,0,0.0285929042729344
"14",34.973712025,2035,0,0,1,0,0,0.0285929042729344
"14",34.973712025,2036,0,0,1,0,0,0.0285929042729344
"14",34.973712025,2037,0,0,1,0,0,0.0285929042729344
"14",34.973712025,2038,0,0,1,0,0,0.0285929042729344
"14",34.973712025,2039,0,0,1,0,0,0.0285929042729344
"14",34.973712025,2040,0,0,1,0,0,0.0285929042729344
"14",34.973712025,2041,0,0,1,0,0,0.0285929042729344
"14",34.973712025,2042,0,0,1,0,0,0.0285929042729344
"15",9.232701359,2018,0,0,0,0,0,0
"15",9.232701359,2019,0,0,1,0,0,0.108310662407076
"15",9.232701359,2020,0,0,1,0,0,0.108310662407076
"15",9.232701359,2021,0,0,1,0,0,0.108310662407076
"15",9.232701359,2022,0,0,1,0,0,0.108310662407076
"15",9.232701359,2023,0,0,1,0,0,0.108310662407076
"15",9.232701359,2024,0,0,1,0,0,0.108310662407076
"15",9.232701359,2025,0,0,1,0,0,0.108310662407076
"15",9.232701359,2026,0,0,1,0,0,0.108310662407076
"15",9.232701359,2027,0,0,1,0,0,0.108310662407076
"15",9.232701359,2028,0,0,1,0,0,0.108310662407076
"15",9.232701359,2029,0,0,1,0,0,0.108310662407076
"15",9.232701359,2030,0,0,1,0,0,0.108310662407076
"15",9.232701359,2031,0,0,1,0,0,0.108310662407076
"15",9.232701359,2032,0,0,1,0,0,0.108310662407076
"15",9.232701359,2033,0,0,1,0,0,0.108310662407076
"15",9.232701359,2034,0,0,1,0,0,0.108310662407076
"15",9.232701359,2035,0,0,1,0,0,0.108310662407076
"15",9.232701359,2036,0,0,1,0,0,0.108310662407076
"15",9.232701359,2037,0,0,1,0,0,0.108310662407076
"15",9.232701359,2038,0,0,1,0,0,0.108310662407076
"15",9.232701359,2039,0,0,1,0,0,0.108310662407076
"15",9.232701359,2040,0,0,1,0,0,0.108310662407076
"15",9.232701359,2041,0,0,1,0,0,0.108310662407076
"15",9.232701359,2042,0,0,1,0,0,0.108310662407076
"16",13.734388653,2018,0,0,0,0,0,0
"16",13.734388653,2019,0,0,1,0,0,0.072809938998018
"16",13.734388653,2020,0,0,1,0,0,0.072809938998018
"16",13.734388653,2021,0,0,1,0,0,0.072809938998018
"16",13.734388653,2022,0,0,1,0,0,0.072809938998018
"16",13.734388653,2023,0,0,1,0,0,0.072809938998018
"16",13.734388653,2024,0,0,1,0,0,0.072809938998018
"16",13.734388653,2025,0,0,1,0,0,0.072809938998018
"16",13.734388653,2026,0,0,1,0,0,0.072809938998018
"16",13.734388653,2027,0,0,1,0,0,0.072809938998018
"16",13.734388653,2028,0,0,1,0,0,0.072809938998018
"16",13.734388653,2029,0,0,1,0,0,0.072809938998018
"16",13.734388653,2030,0,0,1,0,0,0.072809938998018
"16",13.734388653,2031,0,0,1,0,0,0.072809938998018
"16",13.734388653,2032,0,0,1,0,0,0.072809938998018
"16",13.734388653,2033,0,0,1,0,0,0.072809938998018
"16",13.734388653,2034,0,0,1,0,0,0.072809938998018
"16",13.734388653,2035,0,0,1,0,0,0.072809938998018
"16",13.734388653,2036,0,0,1,0,0,0.072809938998018
"16",13.734388653,2037,0,0,1,0,0,0.072809938998018
"16",13.734388653,2038,0,0,1,0,0,0.072809938998018
"16",13.734388653,2039,0,0,1,0,0,0.072809938998018
"16",13.734388653,2040,0,0,1,0,0,0.072809938998018
"16",13.734388653,2041,0,0,1,0,0,0.072809938998018
"16",13.734388653,2042,0,0,1,0,0,0.072809938998018
"17",5.47712693,2018,0,0,0,0,0,0
"17",5.47712693,2019,0,0,1,0,0,0.182577474062665
"17",5.47712693,2020,0,0,1,0,0,0.182577474062665
"17",5.47712693,2021,0,0,1,0,0,0.182577474062665
"17",5.47712693,2022,0,0,1,0,0,0.182577474062665
"17",5.47712693,2023,0,0,1,0,0,0.182577474062665
"17",5.47712693,2024,0,0,1,0,0,0.182577474062665
"17",5.47712693,2025,0,0,1,0,0,0.182577474062665
"17",5.47712693,2026,0,0,1,0,0,0.182577474062665
"17",5.47712693,2027,0,0,1,0,0,0.182577474062665
"17",5.47712693,2028,0,0,1,0,0,0.182577474062665
"17",5.47712693,2029,0,0,1,0,0,0.182577474062665
"17",5.47712693,2030,0,0,1,0,0,0.182577474062665
"17",5.47712693,2031,0,0,1,0,0,0.182577474062665
"17",5.47712693,2032,0,0,1,0,0,0.182577474062665
"17",5.47712693,2033,0,0,1,0,0,0.182577474062665
"17",5.47712693,2034,0,0,1,0,0,0.182577474062665
"17",5.47712693,2035,0,0,1,0,0,0.182577474062665
"17",5.47712693,2036,0,0,1,0,0,0.182577474062665
"17",5.47712693,2037,0,0,1,0,0,0.182577474062665
"17",5.47712693,2038,0,0,1,0,0,0.182577474062665
"17",5.47712693,2039,0,0,1,0,0,0.182577474062665
"17",5.47712693,2040,0,0,1,0,0,0.182577474062665
"17",5.47712693,2041,0,0,1,0,0,0.182577474062665
"17",5.47712693,2042,0,0,1,0,0,0.182577474062665
"18",13.873365137,2018,0,0,0,0,0,0
"18",13.873365137,2019,0,0,1,0,0,0.0720805651783084
"18",13.873365137,2020,0,0,1,0,0,0.0720805651783084
"18",13.873365137,2021,0,0,1,0,0,0.0720805651783084
"18",13.873365137,2022,0,0,1,0,0,0.0720805651783084
"18",13.873365137,2023,0,0,1,0,0,0.0720805651783084
"18",13.873365137,2024,0,0,1,0,0,0.0720805651783084
"18",13.873365137,2025,0,0,1,0,0,0.0720805651783084
"18",13.873365137,2026,0,0,1,0,0,0.0720805651783084
"18",13.873365137,2027,0,0,1,0,0,0.0720805651783084
"18",13.873365137,2028,0,0,1,0,0,0.0720805651783084
"18",13.873365137,2029,0,0,1,0,0,0.0720805651783084
"18",13.873365137,2030,0,0,1,0,0,0.0720805651783084
"18",13.873365137,2031,0,0,1,0,0,0.0720805651783084
"18",13.873365137,2032,0,0,1,0,0,0.0720805651783084
"18",13.873365137,2033,0,0,1,0,0,0.0720805651783084
"18",13.873365137,2034,0,0,1,0,0,0.0720805651783084
"18",13.873365137,2035,0,0,1,0,0,0.0720805651783084
"18",13.873365137,2036,0,0,1,0,0,0.0720805651783084
"18",13.873365137,2037,0,0,1,0,0,0.0720805651783084
"18",13.873365137,2038,0,0,1,0,0,0.0720805651783084
"18",13.873365137,2039,0,0,1,0,0,0.0720805651783084
"18",13.873365137,2040,0,0,1,0,0,0.0720805651783084
"18",13.873365137,2041,0,0,1,0,0,0.0720805651783084
"18",13.873365137,2042,0,0,1,0,0,0.0720805651783084
"19",35.026974438,2018,0,0,0,0,0,0
"19",35.026974438,2019,0,0,1,0,0,0.0285494255797076
"19",35.026974438,2020,0,0,1,0,0,0.0285494255797076
"19",35.026974438,2021,0,0,1,0,0,0.0285494255797076
"19",35.026974438,2022,0,0,1,0,0,0.0285494255797076
"19",35.026974438,2023,0,0,1,0,0,0.0285494255797076
"19",35.026974438,2024,0,0,1,0,0,0.0285494255797076
"19",35.026974438,2025,0,0,1,0,0,0.0285494255797076
"19",35.026974438,2026,0,0,1,0,0,0.0285494255797076
"19",35.026974438,2027,0,0,1,0,0,0.0285494255797076
"19",35.026974438,2028,0,0,1,0,0,0.0285494255797076
"19",35.026974438,2029,0,0,1,0,0,0.0285494255797076
"19",35.026974438,2030,0,0,1,0,0,0.0285494255797076
"19",35.026974438,2031,0,0,1,0,0,0.0285494255797076
"19",35.026974438,2032,0,0,1,0,0,0.0285494255797076
"19",35.026974438,2033,0,0,1,0,0,0.0285494255797076
"19",35.026974438,2034,0,0,1,0,0,0.0285494255797076
"19",35.026974438,2035,0,0,1,0,0,0.0285494255797076
"19",35.026974438,2036,0,0,1,0,0,0.0285494255797076
"19",35.026974438,2037,0,0,1,0,0,0.0285494255797076
"19",35.026974438,2038,0,0,1,0,0,0.0285494255797076
"19",35.026974438,2039,0,0,1,0,0,0.0285494255797076
"19",35.026974438,2040,0,0,1,0,0,0.0285494255797076
"19",35.026974438,2041,0,0,1,0,0,0.0285494255797076
"19",35.026974438,2042,0,0,1,0,0,0.0285494255797076
"20",9.406026741,2018,0,0,0,0,0,0
"20",9.406026741,2019,0,0,1,0,0,0.106314815759676
"20",9.406026741,2020,0,0,1,0,0,0.106314815759676
"20",9.406026741,2021,0,0,1,0,0,0.106314815759676
"20",9.406026741,2022,0,0,1,0,0,0.106314815759676
"20",9.406026741,2023,0,0,1,0,0,0.106314815759676
"20",9.406026741,2024,0,0,1,0,0,0.106314815759676
"20",9.406026741,2025,0,0,1,0,0,0.106314815759676
"20",9.406026741,2026,0,0,1,0,0,0.106314815759676
"20",9.406026741,2027,0,0,1,0,0,0.106314815759676
"20",9.406026741,2028,0,0,1,0,0,0.106314815759676
"20",9.406026741,2029,0,0,1,0,0,0.106314815759676
"20",9.406026741,2030,0,0,1,0,0,0.106314815759676
"20",9.406026741,2031,0,0,1,0,0,0.106314815759676
"20",9.406026741,2032,0,0,1,0,0,0.106314815759676
"20",9.406026741,2033,0,0,1,0,0,0.106314815759676
"20",9.406026741,2034,0,0,1,0,0,0.106314815759676
"20",9.406026741,2035,0,0,1,0,0,0.106314815759676
"20",9.406026741,2036,0,0,1,0,0,0.106314815759676
"20",9.406026741,2037,0,0,1,0,0,0.106314815759676
"20",9.406026741,2038,0,0,1,0,0,0.106314815759676
"20",9.406026741,2039,0,0,1,0,0,0.106314815759676
"20",9.406026741,2040,0,0,1,0,0,0.106314815759676
"20",9.406026741,2041,0,0,1,0,0,0.106314815759676
"20",9.406026741,2042,0,0,1,0,0,0.106314815759676
"21",7.567161216,2018,0,0,0,0,0,0
"21",7.567161216,2019,0,0,1,0,0,0.132149953127152
"21",7.567161216,2020,0,0,1,0,0,0.132149953127152
"21",7.567161216,2021,0,0,1,0,0,0.132149953127152
"21",7.567161216,2022,0,0,1,0,0,0.132149953127152
"21",7.567161216,2023,0,0,1,0,0,0.132149953127152
"21",7.567161216,2024,0,0,1,0,0,0.132149953127152
"21",7.567161216,2025,0,0,1,0,0,0.132149953127152
"21",7.567161216,2026,0,0,1,0,0,0.132149953127152
"21",7.567161216,2027,0,0,1,0,0,0.132149953127152
"21",7.567161216,2028,0,0,1,0,0,0.132149953127152
"21",7.567161216,2029,0,0,1,0,0,0.132149953127152
"21",7.567161216,2030,0,0,1,0,0,0.132149953127152
"21",7.567161216,2031,0,0,1,0,0,0.132149953127152
"21",7.567161216,2032,0,0,1,0,0,0.132149953127152
"21",7.567161216,2033,0,0,1,0,0,0.132149953127152
"21",7.567161216,2034,0,0,1,0,0,0.132149953127152
"21",7.567161216,2035,0,0,1,0,0,0.132149953127152
"21",7.567161216,2036,0,0,1,0,0,0.132149953127152
"21",7.567161216,2037,0,0,1,0,0,0.132149953127152
"21",7.567161216,2038,0,0,1,0,0,0.132149953127152
"21",7.567161216,2039,0,0,1,0,0,0.132149953127152
"21",7.567161216,2040,0,0,1,0,0,0.132149953127152
"21",7.567161216,2041,0,0,1,0,0,0.132149953127152
"21",7.567161216,2042,0,0,1,0,0,0.132149953127152
"22",17.645974768,2018,0,0,0,0,0,0
"22",17.645974768,2019,0,0,1,0,0,0.0566701479032739
"22",17.645974768,2020,0,0,1,0,0,0.0566701479032739
"22",17.645974768,2021,0,0,1,0,0,0.0566701479032739
"22",17.645974768,2022,0,0,1,0,0,0.0566701479032739
"22",17.645974768,2023,0,0,1,0,0,0.0566701479032739
"22",17.645974768,2024,0,0,1,0,0,0.0566701479032739
"22",17.645974768,2025,0,0,1,0,0,0.0566701479032739
"22",17.645974768,2026,0,0,1,0,0,0.0566701479032739
"22",17.645974768,2027,0,0,1,0,0,0.0566701479032739
"22",17.645974768,2028,0,0,1,0,0,0.0566701479032739
"22",17.645974768,2029,0,0,1,0,0,0.0566701479032739
"22",17.645974768,2030,0,0,1,0,0,0.0566701479032739
"22",17.645974768,2031,0,0,1,0,0,0.0566701479032739
"22",17.645974768,2032,0,0,1,0,0,0.0566701479032739
"22",17.645974768,2033,0,0,1,0,0,0.0566701479032739
"22",17.645974768,2034,0,0,1,0,0,0.0566701479032739
"22",17.645974768,2035,0,0,1,0,0,0.0566701479032739
"22",17.645974768,2036,0,0,1,0,0,0.0566701479032739
"22",17.645974768,2037,0,0,1,0,0,0.0566701479032739
"22",17.645974768,2038,0,0,1,0,0,0.0566701479032739
"22",17.645974768,2039,0,0,1,0,0,0.0566701479032739
"22",17.645974768,2040,0,0,1,0,0,0.0566701479032739
"22",17.645974768,2041,0,0,1,0,0,0.0566701479032739
"22",17.645974768,2042,0,0,1,0,0,0.0566701479032739
"23",8.610180644,2018,0,0,0,0,0,0
"23",8.610180644,2019,0,0,1,0,0,0.116141581849023
"23",8.610180644,2020,0,0,1,0,0,0.116141581849023
"23",8.610180644,2021,0,0,1,0,0,0.116141581849023
"23",8.610180644,2022,0,0,1,0,0,0.116141581849023
"23",8.610180644,2023,0,0,1,0,0,0.116141581849023
"23",8.610180644,2024,0,0,1,0,0,0.116141581849023
"23",8.610180644,2025,0,0,1,0,0,0.116141581849023
"23",8.610180644,2026,0,0,1,0,0,0.116141581849023
"23",8.610180644,2027,0,0,1,0,0,0.116141581849023
"23",8.610180644,2028,0,0,1,0,0,0.116141581849023
"23",8.610180644,2029,0,0,1,0,0,0.116141581849023
"23",8.610180644,2030,0,0,1,0,0,0.116141581849023
"23",8.610180644,2031,0,0,1,0,0,0.116141581849023
"23",8.610180644,2032,0,0,1,0,0,0.116141581849023
"23",8.610180644,2033,0,0,1,0,0,0.116141581849023
"23",8.610180644,2034,0,0,1,0,0,0.116141581849023
"23",8.610180644,2035,0,0,1,0,0,0.116141581849023
"23",8.610180644,2036,0,0,1,0,0,0.116141581849023
"23",8.610180644,2037,0,0,1,0,0,0.116141581849023
"23",8.610180644,2038,0,0,1,0,0,0.116141581849023
"23",8.610180644,2039,0,0,1,0,0,0.116141581849023
"23",8.610180644,2040,0,0,1,0,0,0.116141581849023
"23",8.610180644,2041,0,0,1,0,0,0.116141581849023
"23",8.610180644,2042,0,0,1,0,0,0.116141581849023
"24",17.518919424,2018,0,0,0,0,0,0
"24",17.518919424,2019,0,0,1,0,0,0.0570811461482066
"24",17.518919424,2020,0,0,1,0,0,0.0570811461482066
"24",17.518919424,2021,0,0,1,0,0,0.0570811461482066
"24",17.518919424,2022,0,0,1,0,0,0.0570811461482066
"24",17.518919424,2023,0,0,1,0,0,0.0570811461482066
"24",17.518919424,2024,0,0,1,0,0,0.0570811461482066
"24",17.518919424,2025,0,0,1,0,0,0.0570811461482066
"24",17.518919424,2026,0,0,1,0,0,0.0570811461482066
"24",17.518919424,2027,0,0,1,0,0,0.0570811461482066
"24",17.518919424,2028,0,0,1,0,0,0.0570811461482066
"24",17.518919424,2029,0,0,1,0,0,0.0570811461482066
"24",17.518919424,2030,0,0,1,0,0,0.0570811461482066
"24",17.518919424,2031,0,0,1,0,0,0.0570811461482066
"24",17.518919424,2032,0,0,1,0,0,0.0570811461482066
"24",17.518919424,2033,0,0,1,0,0,0.0570811461482066
"24",17.518919424,2034,0,0,1,0,0,0.0570811461482066
"24",17.518919424,2035,0,0,1,0,0,0.0570811461482066
"24",17.518919424,2036,0,0,1,0,0,0.0570811461482066
"24",17.518919424,2037,0,0,1,0,0,0.0570811461482066
"24",17.518919424,2038,0,0,1,0,0,0.0570811461482066
"24",17.518919424,2039,0,0,1,0,0,0.0570811461482066
"24",17.518919424,2040,0,0,1,0,0,0.0570811461482066
"24",17.518919424,2041,0,0,1,0,0,0.0570811461482066
"24",17.518919424,2042,0,0,1,0,0,0.0570811461482066
"25",5.522667251,2018,0,0,0,0,0,0
"25",5.522667251,2019,0,0,1,0,0,0.181071926761282
"25",5.522667251,2020,0,0,1,0,0,0.181071926761282
"25",5.522667251,2021,0,0,1,0,0,0.181071926761282
"25",5.522667251,2022,0,0,1,0,0,0.181071926761282
"25",5.522667251,2023,0,0,1,0,0,0.181071926761282
"25",5.522667251,2024,0,0,1,0,0,0.181071926761282
"25",5.522667251,2025,0,0,1,0,0,0.181071926761282
"25",5.522667251,2026,0,0,1,0,0,0.181071926761282
"25",5.522667251,2027,0,0,1,0,0,0.181071926761282
"25",5.522667251,2028,0,0,1,0,0,0.181071926761282
"25",5.522667251,2029,0,0,1,0,0,0.181071926761282
"25",5.522667251,2030,0,0,1,0,0,0.181071926761282
"25",5.522667251,2031,0,0,1,0,0,0.181071926761282
"25",5.522667251,2032,0,0,1,0,0,0.181071926761282
"25",5.522667251,2033,0,0,1,0,0,0.181071926761282
"25",5.522667251,2034,0,0,1,0,0,0.181071926761282
"25",5.522667251,2035,0,0,1,0,0,0.181071926761282
"25",5.522667251,2036,0,0,1,0,0,0.181071926761282
"25",5.522667251,2037,0,0,1,0,0,0.181071926761282
"25",5.522667251,2038,0,0,1,0,0,0.181071926761282
"25",5.522667251,2039,0,0,1,0,0,0.181071926761282
"25",5.522667251,2040,0,0,1,0,0,0.181071926761282
"25",5.522667251,2041,0,0,1,0,0,0.181071926761282
"25",5.522667251,2042,0,0,1,0,0,0.181071926761282
"26",9.629816746,2018,0,0,0,0,0,0
"26",9.629816746,2019,0,0,1,0,0,0.103844136017996
"26",9.629816746,2020,0,0,1,0,0,0.103844136017996
"26",9.629816746,2021,0,0,1,0,0,0.103844136017996
"26",9.629816746,2022,0,0,1,0,0,0.103844136017996
"26",9.629816746,2023,0,0,1,0,0,0.103844136017996
"26",9.629816746,2024,0,0,1,0,0,0.103844136017996
"26",9.629816746,2025,0,0,1,0,0,0.103844136017996
"26",9.629816746,2026,0,0,1,0,0,0.103844136017996
"26",9.629816746,2027,0,0,1,0,0,0.103844136017996
"26",9.629816746,2028,0,0,1,0,0,0.103844136017996
"26",9.629816746,2029,0,0,1,0,0,0.103844136017996
"26",9.629816746,2030,0,0,1,0,0,0.103844136017996
"26",9.629816746,2031,0,0,1,0,0,0.103844136017996
"26",9.629816746,2032,0,0,1,0,0,0.103844136017996
"26",9.629816746,2033,0,0,1,0,0,0.103844136017996
"26",9.629816746,2034,0,0,1,0,0,0.103844136017996
"26",9.629816746,2035,0,0,1,0,0,0.103844136017996
"26",9.629816746,2036,0,0,1,0,0,0.103844136017996
"26",9.629816746,2037,0,0,1,0,0,0.103844136017996
"26",9.629816746,2038,0,0,1,0,0,0.103844136017996
"26",9.629816746,2039,0,0,1,0,0,0.103844136017996
"26",9.629816746,2040,0,0,1,0,0,0.103844136017996
"26",9.629816746,2041,0,0,1,0,0,0.103844136017996
"26",9.629816746,2042,0,0,1,0,0,0.103844136017996
"27",12.065241432,2018,0,0,0,0,0,0
"27",12.065241432,2019,0,0,1,0,0,0.0828827177339156
"27",12.065241432,2020,0,0,1,0,0,0.0828827177339156
"27",12.065241432,2021,0,0,1,0,0,0.0828827177339156
"27",12.065241432,2022,0,0,1,0,0,0.0828827177339156
"27",12.065241432,2023,0,0,1,0,0,0.0828827177339156
"27",12.065241432,2024,0,0,1,0,0,0.0828827177339156
"27",12.065241432,2025,0,0,1,0,0,0.0828827177339156
"27",12.065241432,2026,0,0,1,0,0,0.0828827177339156
"27",12.065241432,2027,0,0,1,0,0,0.0828827177339156
"27",12.065241432,2028,0,0,1,0,0,0.0828827177339156
"27",12.065241432,2029,0,0,1,0,0,0.0828827177339156
"27",12.065241432,2030,0,0,1,0,0,0.0828827177339156
"27",12.065241432,2031,0,0,1,0,0,0.0828827177339156
"27",12.065241432,2032,0,0,1,0,0,0.0828827177339156
"27",12.065241432,2033,0,0,1,0,0,0.0828827177339156
"27",12.065241432,2034,0,0,1,0,0,0.0828827177339156
"27",12.065241432,2035,0,0,1,0,0,0.0828827177339156
"27",12.065241432,2036,0,0,1,0,0,0.0828827177339156
"27",12.065241432,2037,0,0,1,0,0,0.0828827177339156
"27",12.065241432,2038,0,0,1,0,0,0.0828827177339156
"27",12.065241432,2039,0,0,1,0,0,0.0828827177339156
"27",12.065241432,2040,0,0,1,0,0,0.0828827177339156
"27",12.065241432,2041,0,0,1,0,0,0.0828827177339156
"27",12.065241432,2042,0,0,1,0,0,0.0828827177339156
"28",20.650389711,2018,0,0,0,0,0,0
"28",20.650389711,2019,0,0,1,0,0,0.048425236230158
"28",20.650389711,2020,0,0,1,0,0,0.048425236230158
"28",20.650389711,2021,0,0,1,0,0,0.048425236230158
"28",20.650389711,2022,0,0,1,0,0,0.048425236230158
"28",20.650389711,2023,0,0,1,0,0,0.048425236230158
"28",20.650389711,2024,0,0,1,0,0,0.048425236230158
"28",20.650389711,2025,0,0,1,0,0,0.048425236230158
"28",20.650389711,2026,0,0,1,0,0,0.048425236230158
"28",20.650389711,2027,0,0,1,0,0,0.048425236230158
"28",20.650389711,2028,0,0,1,0,0,0.048425236230158
"28",20.650389711,2029,0,0,1,0,0,0.048425236230158
"28",20.650389711,2030,0,0,1,0,0,0.048425236230158
"28",20.650389711,2031,0,0,1,0,0,0.048425236230158
"28",20.650389711,2032,0,0,1,0,0,0.048425236230158
"28",20.650389711,2033,0,0,1,0,0,0.048425236230158
"28",20.650389711,2034,0,0,1,0,0,0.048425236230158
"28",20.650389711,2035,0,0,1,0,0,0.048425236230158
"28",20.650389711,2036,0,0,1,0,0,0.048425236230158
"28",20.650389711,2037,0,0,1,0,0,0.048425236230158
"28",20.650389711,2038,0,0,1,0,0,0.048425236230158
"28",20.650389711,2039,0,0,1,0,0,0.048425236230158
"28",20.650389711,2040,0,0,1,0,0,0.048425236230158
"28",20.650389711,2041,0,0,1,0,0,0.048425236230158
"28",20.650389711,2042,0,0,1,0,0,0.048425236230158
