LCD,LCD_km,Euc_Dist,Start_X,Start_Y,Season_end,Otter,Age_Start,Sex,Ageglass,SexN,Territorial,Start_date,End_date,Days,Age_end,,,Reloc_Order_start,Reloc_Order_end,Long.Zone,Season_start,Start,,End_Windowbegin,,End_Windowend,
12590,12.59,4636,551566.97,6310660.29,2,1,3,F,1,1,F,11/17/2012,11/11/2013,359,4,,12:50:00,43,63,8,f,11/17/2012,12:01:00,9/18/2013,19:41:00,1/16/2014,18:41:00
4146,4.146,3772,556957.89,6312988.95,1,1,1,F,1,1,F,8/19/2011,9/17/2012,395,2,,8:05:00,3,39,8,f,8/19/2011,11:16:00,6/19/2012,17:56:00,10/17/2012,17:56:00
8962,8.962,7622,551712.11,6310762.95,3,1,2,F,1,1,F,5/17/2012,4/16/2013,334,3,,15:50:00,17,49,8,f,5/17/2012,19:19:00,3/19/2013,1:59:00,7/17/2013,1:59:00
24120,24.12,20383,559257.27,6308823.29,1,1,2,F,1,1,F,9/14/2012,9/9/2013,360,3,,14:20:00,38,60,8,f,9/14/2012,12:31:00,7/16/2013,19:11:00,11/13/2013,18:11:00
19025,19.025,16275,557264.22,6311145.98,1,1,2,F,1,1,F,7/23/2012,8/6/2013,379,3,,10:00:00,26,55,8,f,7/23/2012,11:35:00,5/24/2013,18:15:00,9/21/2013,18:15:00
13917,13.917,9438,549660.24,6312046.68,1,1,2,F,1,1,F,7/12/2012,8/6/2013,390,3,,10:00:00,22,55,8,f,7/12/2012,8:56:00,5/13/2013,15:36:00,9/10/2013,15:36:00
15420,15.42,13938,544098.44,6310955.43,1,1,2,F,1,1,F,4/28/2012,5/28/2013,395,3,,14:58:00,15,51,8,f,4/28/2012,13:30:00,2/27/2013,19:10:00,6/27/2013,20:10:00
9872,9.872,5613,556032.13,6316436.81,1,1,1,F,1,1,F,5/29/2011,7/24/2012,422,2,,15:45:00,2,27,8,f,5/29/2011,17:39:00,3/30/2012,0:19:00,7/28/2012,0:19:00
1200,1.2,1127,557107.8,6312623.29,1,1,1,F,1,1,F,8/23/2011,8/28/2012,371,2,,16:30:00,4,31,8,f,8/23/2011,12:00:00,6/23/2012,18:40:00,10/21/2012,18:40:00
19059,19.059,16311,557452.37,6310454.78,1,1,2,F,1,1,F,9/4/2012,7/27/2013,326,3,,10:57:00,35,53,8,f,9/4/2012,17:42:00,7/7/2013,0:22:00,11/3/2013,23:22:00
22554,22.554,19319,558261.91,6309072.53,1,1,2,F,1,1,F,9/5/2012,9/12/2013,372,3,,14:28:00,36,61,8,f,9/5/2012,11:57:00,7/7/2013,18:37:00,11/4/2013,17:37:00
7773,7.773,5833,556576.81,6313163.32,2,1,2,F,1,1,F,10/19/2011,12/13/2012,421,3,,12:01:00,5,44,8,f,10/19/2011,12:05:00,8/19/2012,18:45:00,12/17/2012,17:45:00
18857,18.857,12382,559007.98,6309163.2,2,1,3,F,1,1,F,10/25/2012,10/17/2013,357,4,,14:52:00,42,62,8,f,10/25/2012,14:43:00,8/26/2013,21:23:00,12/24/2013,20:23:00
20125,20.125,17543,558831.36,6309572.39,1,1,2,F,1,1,F,9/7/2012,8/25/2013,352,3,,12:20:00,37,59,8,f,9/7/2012,9:41:00,7/9/2013,16:21:00,11/6/2013,15:21:00
683,0.683,650,550522.59,6309677.93,2,1,2,F,1,1,F,1/14/2012,1/28/2013,380,3,,12:01:00,8,46,8,f,1/14/2012,12:50:00,11/14/2012,19:30:00,3/14/2013,20:30:00
20651,20.651,11948,540459.13,6299988.05,1,2,4,F,2,1,F,8/3/2012,8/25/2013,387,6,,15:09:00,23,40,8,m,8/3/2012,8:53:00,6/4/2013,15:33:00,10/2/2013,15:33:00
25039,25.039,9951,551968.79,6300783.57,2,2,4,M,2,2,NT,1/14/2012,2/20/2013,403,5,,12:02:00,10,33,8,m,1/14/2012,11:32:00,11/14/2012,18:12:00,3/14/2013,19:12:00
22314,22.314,10938,541566.22,6298735.78,1,2,4,M,2,2,NT,8/29/2012,8/22/2013,358,6,,17:32:00,24,39,8,m,8/29/2012,17:59:00,7/1/2013,0:39:00,10/29/2013,0:39:00
47526,47.526,29231,550621.33,6304456.08,1,2,4,M,2,2,NT,6/24/2011,7/23/2012,395,4,,13:44:00,3,22,8,m,6/24/2011,12:27:00,4/24/2012,19:07:00,8/22/2012,19:07:00
22348,22.348,11022,551656.29,6303535.65,2,2,4,M,2,2,NT,8/24/2011,9/25/2012,398,5,,15:10:00,7,29,8,m,8/24/2011,13:31:00,6/24/2012,20:11:00,10/22/2012,20:11:00
21182,21.182,11461,540712.53,6299534.66,1,2,4,M,2,2,NT,9/17/2012,8/22/2013,339,6,,17:32:00,28,39,8,m,9/17/2012,8:55:00,7/19/2013,15:35:00,11/16/2013,14:35:00
2331,2.331,2061,540002.66,6299872.89,1,2,5,M,2,2,NT,10/25/2012,9/12/2013,322,6,,14:38:00,30,42,8,m,10/25/2012,13:51:00,8/26/2013,20:31:00,12/24/2013,19:31:00
22031,22.031,10814,551387.6,6303261.14,1,2,4,M,2,2,NT,8/19/2011,8/29/2012,376,4,,17:59:00,6,24,8,m,8/19/2011,10:13:00,6/19/2012,16:53:00,10/17/2012,16:53:00
20002,20.002,11517,550630.73,6303802.27,1,2,4,M,2,2,NT,11/12/2011,9/14/2012,307,4,,14:55:00,9,27,8,m,11/12/2011,12:20:00,9/12/2012,20:00:00,1/10/2013,19:00:00
1683,1.683,1629,551838.35,6301344.92,1,2,4,M,2,2,NT,5/18/2011,5/15/2012,363,4,,11:28:00,1,18,8,m,5/18/2011,14:40:00,3/18/2012,21:20:00,7/16/2012,21:20:00
21314,21.314,9811,541706.24,6298794.84,1,2,5,M,2,2,NT,9/25/2012,8/15/2013,324,6,,9:17:00,29,38,8,m,9/25/2012,15:10:00,7/27/2013,21:50:00,11/24/2013,20:50:00
19734,19.734,10662,540329.87,6299922.13,1,2,4,M,2,2,NT,9/6/2012,8/15/2013,343,6,,9:17:00,26,38,8,m,9/6/2012,11:20:00,7/8/2013,18:00:00,11/5/2013,17:00:00
23659,23.659,11441,552437.57,6300737.22,1,2,4,M,2,2,NT,4/24/2012,5/28/2013,399,6,,16:29:00,14,35,8,m,4/24/2012,13:20:00,2/23/2013,19:00:00,6/23/2013,20:00:00
21948,21.948,11322,551791.3,6302972.91,1,2,4,M,2,2,NT,5/15/2012,5/28/2013,378,6,,16:29:00,18,35,8,m,5/15/2012,11:28:00,3/16/2013,18:08:00,7/14/2013,18:08:00
20299,20.299,11144,551174.32,6303049.23,1,2,4,M,2,2,NT,8/1/2011,8/3/2012,368,4,,8:53:00,5,23,8,m,8/1/2011,16:19:00,6/1/2012,22:59:00,9/29/2012,22:59:00
19297,19.297,17470,560052.94,6316382.94,2,3,3,M,1,2,NT,11/17/2012,10/17/2013,334,4,,13:31:00,18,34,8,m,11/17/2012,12:03:00,9/18/2013,19:43:00,1/16/2014,18:43:00
31868,31.868,11745,551474.2,6303955.43,1,3,2,M,1,2,NT,10/6/2011,9/17/2012,347,2,,8:17:00,6,15,8,m,10/6/2011,10:25:00,8/6/2012,17:05:00,12/4/2012,16:05:00
15629,15.629,14671,563526.79,6304343.27,1,3,2,M,1,2,NT,7/25/2012,7/13/2013,353,3,,21:19:00,9,28,8,m,7/25/2012,11:54:00,5/26/2013,18:34:00,9/23/2013,18:34:00
18511,18.511,15584,558564.04,6313733.7,2,3,3,M,1,2,NT,12/13/2012,10/17/2013,308,4,,13:31:00,19,34,8,m,12/13/2012,12:03:00,10/14/2013,19:43:00,2/11/2014,18:43:00
8423,8.423,7825,564620.97,6305819.66,1,3,2,M,1,2,NT,8/7/2012,9/9/2013,398,3,,13:29:00,11,31,8,m,8/7/2012,12:09:00,6/8/2013,18:49:00,10/6/2013,18:49:00
39139,39.139,19150,550181.34,6303098.61,1,3,3,M,1,2,NT,9/25/2012,9/9/2013,349,3,,13:29:00,16,31,8,m,9/25/2012,15:31:00,7/27/2013,22:11:00,11/24/2013,21:11:00
9028,9.028,8367,562586.94,6305733.16,1,3,2,M,1,2,NT,9/14/2012,7/25/2013,314,3,,17:02:00,14,29,8,m,9/14/2012,13:29:00,7/16/2013,20:09:00,11/13/2013,19:09:00
22455,22.455,11763,552044.7,6301476.62,1,3,1,M,1,2,NT,5/18/2011,5/22/2012,370,2,,19:12:00,1,7,8,m,5/18/2011,17:25:00,3/19/2012,0:05:00,7/17/2012,0:05:00
40836,40.836,17770,551352,6301760.38,1,3,3,M,1,2,NT,10/25/2012,9/9/2013,319,3,,13:29:00,17,31,8,m,10/25/2012,13:27:00,8/26/2013,20:07:00,12/24/2013,19:07:00
31033,31.033,12403,550825.25,6303691.87,1,3,1,M,1,2,NT,8/1/2011,9/17/2012,413,2,,8:17:00,3,15,8,m,8/1/2011,16:11:00,6/1/2012,22:51:00,9/29/2012,22:51:00
1931,1.931,1742,551722.86,6303908.97,2,3,1,M,1,2,NT,8/19/2011,9/25/2012,403,3,,15:31:00,4,16,8,m,8/19/2011,10:24:00,6/19/2012,17:04:00,10/17/2012,17:04:00
31019,31.019,11640,551295.17,6304956.15,1,3,1,M,1,2,NT,5/29/2011,7/24/2012,422,2,,12:48:00,2,8,8,m,5/29/2011,16:15:00,3/29/2012,22:55:00,7/27/2012,22:55:00
8140,8.14,7629,564740.09,6305663.2,1,3,2,M,1,2,NT,7/25/2012,9/9/2013,411,3,,13:29:00,10,31,8,m,7/25/2012,14:37:00,5/26/2013,21:17:00,9/23/2013,21:17:00
6580,6.58,6181,565966.8,6303257.72,1,3,2,M,1,2,NT,9/5/2012,8/23/2013,352,3,,13:19:00,13,30,8,m,9/5/2012,13:00:00,7/7/2013,19:40:00,11/4/2013,18:40:00
7180,7.18,6808,563214.75,6304271.39,1,3,2,M,1,2,NT,9/17/2012,7/25/2013,311,3,,17:02:00,15,29,8,m,9/17/2012,8:17:00,7/19/2013,14:57:00,11/16/2013,13:57:00
1980,1.98,1801,550285.1,6302906.93,2,4,3,M,1,2,NT,11/12/2011,10/25/2012,348,4,,13:21:00,8,34,8,m,11/12/2011,12:30:00,9/12/2012,20:10:00,1/10/2013,19:10:00
2931,2.931,2847,551185.12,6301160.07,2,4,3,M,1,2,NT,2/16/2012,3/16/2013,394,4,,14:26:00,11,36,8,m,2/16/2012,10:48:00,12/17/2012,17:28:00,4/16/2013,18:28:00
683,0.683,671,551006.81,6304107.99,1,4,2,M,1,2,NT,8/1/2011,9/3/2012,399,3,,10:08:00,5,28,8,m,8/1/2011,16:08:00,6/1/2012,22:48:00,9/29/2012,22:48:00
566,0.566,440,552014.69,6301437.29,3,4,2,M,1,2,NT,5/19/2011,4/25/2012,342,3,,15:35:00,1,15,8,m,5/19/2011,10:42:00,3/19/2012,17:22:00,7/17/2012,17:22:00
33233,33.233,15140,552059.87,6302611.66,1,4,3,M,1,2,NT,5/17/2012,5/28/2013,376,4,,18:12:00,18,39,8,m,5/17/2012,16:05:00,3/18/2013,22:45:00,7/16/2013,22:45:00
2483,2.483,2376,551505.48,6303554.94,2,4,2,M,1,2,NT,8/24/2011,9/25/2012,398,4,,15:35:00,7,33,8,m,8/24/2011,12:01:00,6/24/2012,18:41:00,10/22/2012,18:41:00
12068,12.068,10539,550755.85,6304640.29,1,4,3,M,1,2,NT,5/20/2012,7/18/2013,424,4,,2:59:00,19,40,8,m,5/20/2012,9:33:00,3/21/2013,16:13:00,7/19/2013,16:13:00
20738,20.738,15293,547002.87,6310350.81,3,4,3,M,1,2,NT,3/29/2012,5/7/2013,404,4,,17:02:00,12,37,8,m,3/29/2012,10:39:00,1/28/2013,16:19:00,5/28/2013,17:19:00
22632,22.632,10739,551791.3,6302972.91,1,4,3,M,1,2,NT,5/20/2012,5/22/2013,367,4,,17:17:00,20,38,8,m,5/20/2012,11:25:00,3/21/2013,18:05:00,7/19/2013,18:05:00
7491,7.491,7036,550508.62,6303601.74,1,4,3,M,1,2,NT,8/29/2012,7/25/2013,330,4,,17:19:00,27,41,8,m,8/29/2012,11:52:00,6/30/2013,18:32:00,10/28/2013,18:32:00
36148,36.148,18712,552257.16,6301070.61,3,4,3,M,1,2,NT,4/25/2012,5/7/2013,377,4,,17:02:00,15,37,8,m,4/25/2012,15:35:00,2/24/2013,21:15:00,6/24/2013,22:15:00
33831,33.831,13485,551116.25,6303006.55,1,4,3,M,1,2,NT,7/15/2012,8/21/2013,402,4,,15:40:00,23,44,8,m,7/15/2012,15:42:00,5/16/2013,22:22:00,9/13/2013,22:22:00
2614,2.614,2511,551404.94,6301596.27,2,4,3,M,1,2,NT,2/4/2012,3/16/2013,406,4,,14:26:00,10,36,8,m,2/4/2012,11:01:00,12/5/2012,17:41:00,4/4/2013,18:41:00
32268,32.268,15083,551328.56,6303119.81,1,4,3,M,1,2,NT,5/15/2012,5/28/2013,378,4,,18:12:00,17,39,8,m,5/15/2012,14:01:00,3/16/2013,20:41:00,7/14/2013,20:41:00
400,0.4,359,550757.25,6303909.9,2,4,3,M,1,2,NT,5/2/2012,3/16/2013,318,4,,14:26:00,16,36,8,m,5/2/2012,15:21:00,3/3/2013,21:01:00,7/1/2013,22:01:00
31805,31.805,13727,551018.58,6303998.48,1,6,2,M,1,2,NT,8/19/2011,8/7/2012,354,3,,12:08:00,4,19,8,m,8/19/2011,10:11:00,6/19/2012,16:51:00,10/17/2012,16:51:00
11608,11.608,10812,562812.21,6308948.8,2,6,4,M,2,2,NT,12/13/2012,10/17/2013,308,5,,15:25:00,27,44,8,m,12/13/2012,12:04:00,10/14/2013,19:44:00,2/11/2014,18:44:00
27794,27.794,23092,563835.72,6306443.48,1,6,3,M,1,2,NT,7/23/2012,8/23/2013,396,4,,22:11:00,16,39,8,m,7/23/2012,12:02:00,5/24/2013,18:42:00,9/21/2013,18:42:00
34902,34.902,14488,551351.12,6300989.33,2,6,3,M,1,2,NT,2/4/2012,1/28/2013,359,4,,12:02:00,11,28,8,m,2/4/2012,10:57:00,12/5/2012,17:37:00,4/4/2013,18:37:00
33750,33.75,12701,551909.19,6301435.97,1,6,2,M,1,2,NT,5/19/2011,7/14/2012,422,3,,16:20:00,1,14,8,m,5/19/2011,12:44:00,3/19/2012,19:24:00,7/17/2012,19:24:00
34627,34.627,12857,564367.6,6302922.33,2,6,3,M,1,2,NT,12/20/2011,10/25/2012,310,4,,13:31:00,9,25,8,m,12/20/2011,12:20:00,10/20/2012,20:00:00,2/17/2013,19:00:00
13786,13.786,8652,551977.76,6313165.44,1,6,3,M,1,2,NT,9/20/2012,8/15/2013,329,4,,12:37:00,24,36,8,m,9/20/2012,15:35:00,7/22/2013,22:15:00,11/19/2013,21:15:00
30756,30.756,14226,550349.43,6303744.98,1,6,3,M,1,2,NT,10/19/2011,9/17/2012,334,3,,8:22:00,7,23,8,m,10/19/2011,9:48:00,8/19/2012,16:28:00,12/17/2012,15:28:00
32005,32.005,13354,551350.1,6303276.38,1,6,3,M,1,2,NT,11/12/2011,9/17/2012,310,3,,8:22:00,8,23,8,m,11/12/2011,12:40:00,9/12/2012,20:20:00,1/10/2013,19:20:00
30716,30.716,12826,550033.53,6303705.33,1,6,2,M,1,2,NT,6/24/2011,7/15/2012,387,3,,9:53:00,2,15,8,m,6/24/2011,12:29:00,4/24/2012,19:09:00,8/22/2012,19:09:00
30825,30.825,12287,551462.3,6304010.95,1,6,2,M,1,2,NT,8/1/2011,9/7/2012,403,3,,11:38:00,3,22,8,m,8/1/2011,16:07:00,6/1/2012,22:47:00,9/29/2012,22:47:00
22483,22.483,20678,564297.48,6306545.22,1,6,3,M,1,2,NT,9/17/2012,8/22/2013,339,4,,11:43:00,23,38,8,m,9/17/2012,8:22:00,7/19/2013,15:02:00,11/16/2013,14:02:00
32322,32.322,13005,551653.05,6303502.33,1,6,2,M,1,2,NT,8/24/2011,9/17/2012,390,3,,8:22:00,5,23,8,m,8/24/2011,0:05:00,6/24/2012,6:45:00,10/22/2012,6:45:00
28211,28.211,12733,562288.65,6308650.25,2,6,4,M,2,2,NT,11/17/2012,12/5/2013,383,5,,12:22:00,26,46,8,m,11/17/2012,12:05:00,9/18/2013,19:45:00,1/16/2014,18:45:00
29294,29.294,11737,551565.36,6303878.97,2,6,3,M,1,2,NT,1/14/2012,11/17/2012,308,4,,12:05:00,10,26,8,m,1/14/2012,11:34:00,11/14/2012,18:14:00,3/14/2013,19:14:00
20651,20.651,11468,551088.43,6303446.05,1,7,3,M,1,2,NT,10/6/2011,9/17/2012,347,3,,8:54:00,6,29,8,m,10/6/2011,10:23:00,8/6/2012,17:03:00,12/4/2012,16:03:00
22265,22.265,10680,543186.89,6297667.08,1,7,3,M,1,2,NT,7/15/2012,9/12/2013,424,4,,14:20:00,21,46,8,m,7/15/2012,11:25:00,5/16/2013,18:05:00,9/13/2013,18:05:00
8760,8.76,7489,540428.02,6300025.27,1,7,3,M,1,2,NT,8/3/2012,6/19/2013,320,4,,19:25:00,24,39,8,m,8/3/2012,8:53:00,6/4/2013,15:33:00,10/2/2013,15:33:00
15091,15.091,10820,540375.45,6299353.72,2,7,3,M,1,2,NT,9/17/2012,10/17/2013,395,5,,15:34:00,29,48,8,m,9/17/2012,8:54:00,7/19/2013,15:34:00,11/16/2013,14:34:00
23982,23.982,19661,560948.29,6305191.4,1,7,3,M,1,2,NT,8/31/2012,8/4/2013,338,4,,19:33:00,26,41,8,m,8/31/2012,14:20:00,7/2/2013,21:00:00,10/30/2013,21:00:00
21699,21.699,11236,551567.81,6303739.51,3,7,3,M,1,2,NT,4/28/2012,4/16/2013,353,4,,16:32:00,14,36,8,m,4/28/2012,18:55:00,2/28/2013,0:35:00,6/28/2013,1:35:00
23625,23.625,10850,551959.2,6300446.8,2,7,3,M,1,2,NT,1/14/2012,2/20/2013,403,4,,12:05:00,8,33,8,m,1/14/2012,11:28:00,11/14/2012,18:08:00,3/14/2013,19:08:00
400,0.4,244,542493.69,6297515.59,1,7,3,M,1,2,NT,9/1/2012,8/22/2013,355,4,,14:21:00,27,43,8,m,9/1/2012,14:41:00,7/3/2013,21:21:00,10/31/2013,21:21:00
3877,3.877,3716,539909.14,6300185.03,1,7,2,M,1,2,NT,7/8/2011,9/1/2012,421,3,,14:41:00,3,27,8,m,7/8/2011,13:24:00,5/8/2012,20:04:00,9/5/2012,20:04:00
20831,20.831,11552,551446.28,6301607.02,3,7,3,M,1,2,NT,4/16/2012,4/11/2013,360,4,,12:43:00,11,35,8,m,4/16/2012,9:50:00,2/15/2013,15:30:00,6/15/2013,16:30:00
23059,23.059,10561,551732.92,6301023.1,3,7,3,M,1,2,NT,4/24/2012,4/16/2013,357,4,,16:32:00,12,36,8,m,4/24/2012,13:21:00,2/23/2013,19:01:00,6/23/2013,20:01:00
49947,49.947,32489,550831.33,6304608.03,3,7,3,M,1,2,NT,5/20/2012,5/7/2013,352,4,,14:12:00,18,37,8,m,5/20/2012,9:31:00,3/21/2013,16:11:00,7/19/2013,16:11:00
46892,46.892,27174,546868.25,6280982.72,2,7,4,M,2,2,NT,11/17/2012,10/17/2013,334,5,,15:34:00,32,48,8,m,11/17/2012,12:06:00,9/18/2013,19:46:00,1/16/2014,18:46:00
1566,1.566,1409,541686.12,6298823.36,1,7,3,M,1,2,NT,8/29/2012,8/15/2013,351,4,,9:52:00,25,42,8,m,8/29/2012,17:58:00,7/1/2013,0:38:00,10/29/2013,0:38:00
2097,2.097,2048,540926.71,6299109.18,1,7,3,M,1,2,NT,7/22/2012,8/22/2013,396,4,,14:21:00,22,43,8,m,7/22/2012,12:50:00,5/23/2013,19:30:00,9/20/2013,19:30:00
30999,30.999,26320,561787.7,6305661,3,8,8,M,2,2,NT,4/16/2012,5/7/2013,386,10,,16:11:00,10,20,8,m,4/16/2012,11:35:00,2/15/2013,17:15:00,6/15/2013,18:15:00
22562,22.562,18723,562614.72,6300934.21,2,8,8,M,2,2,NT,11/12/2011,11/17/2012,371,9,,12:07:00,7,19,8,m,11/12/2011,12:50:00,9/12/2012,20:30:00,1/10/2013,19:30:00
32365,32.365,12754,550037.81,6304700.29,3,8,7,M,2,2,NT,6/24/2011,4/27/2012,308,8,,14:00:00,2,11,8,m,6/24/2011,12:36:00,4/24/2012,19:16:00,8/22/2012,19:16:00
60858,60.858,37086,541374.29,6298162.36,2,8,8,M,2,2,NT,10/6/2011,11/17/2012,408,9,,12:07:00,6,19,8,m,10/6/2011,11:20:00,8/6/2012,18:00:00,12/4/2012,17:00:00
30248,30.248,26636,563637.4,6307209.53,3,8,8,M,2,2,NT,3/29/2012,5/7/2013,404,10,,16:11:00,9,20,8,m,3/29/2012,12:21:00,1/28/2013,18:01:00,5/28/2013,19:01:00
28548,28.548,21518,561536.87,6299184.33,3,8,8,M,2,2,NT,4/27/2012,5/7/2013,375,10,,16:11:00,11,20,8,m,4/27/2012,14:00:00,2/26/2013,19:40:00,6/26/2013,20:40:00
28025,28.025,12155,550037.81,6304700.29,1,8,7,M,2,2,NT,6/24/2011,5/16/2012,327,8,,15:34:00,2,12,8,m,6/24/2011,12:36:00,4/24/2012,19:16:00,8/22/2012,19:16:00
21142,21.142,18228,564554.13,6302390.38,2,8,8,M,2,2,NT,12/20/2011,11/17/2012,333,9,,12:07:00,8,19,8,m,12/20/2011,12:30:00,10/20/2012,20:10:00,2/17/2013,19:10:00
29088,29.088,23859,562821.55,6303374.91,3,8,8,M,2,2,NT,5/20/2012,5/7/2013,352,10,,16:11:00,13,20,8,m,5/20/2012,11:44:00,3/21/2013,18:24:00,7/19/2013,18:24:00
28853,28.853,24123,563077.02,6303882.21,3,8,8,M,2,2,NT,5/21/2012,5/7/2013,351,10,,16:11:00,14,20,8,m,5/21/2012,15:34:00,3/22/2013,22:14:00,7/20/2013,22:14:00
2463,2.463,2543,542173.81,6298144.31,1,8,7,M,2,2,NT,8/1/2011,8/3/2012,368,8,,8:52:00,4,17,8,m,8/1/2011,15:19:00,6/1/2012,21:59:00,9/29/2012,21:59:00
53541,53.541,31104,577432.04,6289489.43,2,8,9,M,2,2,NT,11/17/2012,10/9/2013,326,10,,13:11:00,19,21,8,m,11/17/2012,12:07:00,9/18/2013,19:47:00,1/16/2014,18:47:00
30248,30.248,26636,563637.4,6307209.53,3,8,8,M,2,2,NT,3/29/2012,5/7/2013,404,10,,16:11:00,9,20,8,m,3/29/2012,12:21:00,1/28/2013,18:01:00,5/28/2013,19:01:00
31633,31.633,10724,551930.54,6301436.24,3,8,7,M,2,2,NT,5/19/2011,4/16/2012,333,8,,11:35:00,1,10,8,m,5/19/2011,17:11:00,3/19/2012,23:51:00,7/17/2012,23:51:00
28853,28.853,24123,563077.02,6303882.21,3,8,8,M,2,2,NT,5/21/2012,5/7/2013,351,10,,16:11:00,14,20,8,m,5/21/2012,15:34:00,3/22/2013,22:14:00,7/20/2013,22:14:00
50501,50.501,46213,525989.08,6320583.99,3,10,6,M,2,2,NT,2/16/2012,4/10/2013,419,7,,8:51:00,10,26,8,m,2/16/2012,11:50:00,12/17/2012,18:30:00,4/16/2013,19:30:00
144995,144.995,41262,564478.11,6305533.89,3,10,6,M,2,2,NT,6/16/2012,5/7/2013,325,7,,17:31:00,15,28,8,m,6/16/2012,13:12:00,4/17/2013,19:52:00,8/15/2013,19:52:00
131876,131.876,44817,540720.66,6299426.2,2,10,6,M,2,2,NT,10/19/2011,12/13/2012,421,7,,12:05:00,5,22,8,m,10/19/2011,10:32:00,8/19/2012,17:12:00,12/17/2012,16:12:00
37567,37.567,34702,526113.23,6320293.9,2,10,6,M,2,2,NT,11/12/2011,12/13/2012,397,7,,12:05:00,6,22,8,m,11/12/2011,13:10:00,9/12/2012,20:50:00,1/10/2013,19:50:00
47844,47.844,26863,562910.62,6304147,1,10,6,M,2,2,NT,7/24/2012,5/28/2013,308,7,,16:22:00,19,29,8,m,7/24/2012,10:37:00,5/25/2013,17:17:00,9/22/2013,17:17:00
34490,34.49,31930,536866.65,6329847.06,3,10,6,M,2,2,NT,3/30/2012,4/10/2013,376,7,,8:51:00,11,26,8,m,3/30/2012,11:02:00,1/29/2013,16:42:00,5/29/2013,17:42:00
87616,87.616,19994,557846.69,6323241.99,2,10,6,M,2,2,NT,1/14/2012,1/5/2013,357,7,,12:03:00,8,23,8,m,1/14/2012,12:14:00,11/14/2012,18:54:00,3/14/2013,19:54:00
27188,27.188,11243,542177.96,6298137.89,1,10,6,M,2,2,NT,7/11/2012,5/28/2013,321,7,,16:22:00,16,29,8,m,7/11/2012,13:42:00,5/12/2013,20:22:00,9/9/2013,20:22:00
99560,99.56,11837,526628.74,6314559.7,1,10,6,M,2,2,NT,5/18/2012,5/28/2013,375,7,,16:22:00,14,29,8,m,5/18/2012,19:21:00,3/20/2013,2:01:00,7/18/2013,2:01:00
115642,115.642,46895,565986.98,6300388,3,10,6,M,2,2,NT,4/30/2012,4/16/2013,351,7,,17:27:00,13,27,8,m,4/30/2012,18:23:00,3/2/2013,0:03:00,6/30/2013,1:03:00
45730,45.73,14273,540429.84,6300051.56,2,10,6,M,2,2,NT,2/4/2012,2/20/2013,382,7,,12:06:00,9,25,8,m,2/4/2012,11:33:00,12/5/2012,18:13:00,4/4/2013,19:13:00
104805,104.805,14860,525707.02,6318150.25,1,10,6,M,2,2,NT,7/15/2012,5/28/2013,317,7,,16:22:00,17,29,8,m,7/15/2012,12:01:00,5/16/2013,18:41:00,9/13/2013,18:41:00
47444,47.444,26462,562518.37,6304235.62,1,10,6,M,2,2,NT,7/23/2012,5/28/2013,309,7,,16:22:00,18,29,8,m,7/23/2012,12:16:00,5/24/2013,18:56:00,9/21/2013,18:56:00
122833,122.833,26518,542925.31,6297982.09,1,10,5,M,2,2,NT,8/1/2011,7/15/2012,349,6,,12:01:00,2,17,8,m,8/1/2011,15:30:00,6/1/2012,22:10:00,9/29/2012,22:10:00
33022,33.022,15662,551290.57,6303224.55,1,10,6,M,2,2,NT,7/26/2012,5/28/2013,306,7,,16:22:00,20,29,8,m,7/26/2012,14:26:00,5/27/2013,21:06:00,9/24/2013,21:06:00
32857,32.857,20587,551529.37,6311931.5,3,11,5,F,2,1,F,5/20/2012,4/16/2013,331,6,,17:35:00,14,39,8,f,5/20/2012,12:23:00,3/21/2013,19:03:00,7/19/2013,19:03:00
27251,27.251,23175,562078.06,6307520.65,1,11,5,F,2,1,F,6/16/2012,7/25/2013,404,6,,17:46:00,15,41,8,f,6/16/2012,13:08:00,4/17/2013,19:48:00,8/15/2013,19:48:00
35218,35.218,20234,552513.18,6314503.04,1,11,6,F,2,1,F,10/10/2012,8/15/2013,309,6,,12:50:00,32,43,8,f,10/10/2012,18:23:00,8/12/2013,1:03:00,12/10/2013,0:03:00
24970,24.97,22150,560678.62,6305522.45,1,11,5,F,2,1,F,7/25/2012,5/28/2013,307,6,,18:24:00,20,40,8,f,7/25/2012,11:39:00,5/26/2013,18:19:00,9/23/2013,18:19:00
7140,7.14,6633,557313.45,6312135.27,1,11,4,F,2,1,F,5/20/2011,6/16/2012,393,5,,13:08:00,1,15,8,f,5/20/2011,19:26:00,3/21/2012,2:06:00,7/19/2012,2:06:00
27296,27.296,22051,556836.4,6311206.02,1,11,5,F,2,1,F,7/21/2012,8/15/2013,390,6,,12:50:00,17,43,8,f,7/21/2012,15:21:00,5/22/2013,22:01:00,9/19/2013,22:01:00
24619,24.619,21664,560220.38,6306002.31,1,11,5,F,2,1,F,7/24/2012,5/28/2013,308,6,,18:24:00,19,40,8,f,7/24/2012,8:47:00,5/25/2013,15:27:00,9/22/2013,15:27:00
2980,2.98,2751,551580.51,6310986.75,2,11,5,F,2,1,F,2/4/2012,1/5/2013,336,6,,12:04:00,8,36,8,f,2/4/2012,12:07:00,12/5/2012,18:47:00,4/4/2013,19:47:00
29667,29.667,16986,562388.54,6327903.5,2,11,5,F,2,1,F,10/19/2011,9/22/2012,339,6,,10:20:00,4,30,8,f,10/19/2011,12:19:00,8/19/2012,18:59:00,12/17/2012,17:59:00
26231,26.231,22560,561907.19,6305796.48,1,11,6,F,2,1,F,9/25/2012,7/30/2013,308,6,,15:34:00,31,42,8,f,9/25/2012,14:00:00,7/27/2013,20:40:00,11/24/2013,19:40:00
23354,23.354,19977,558746.64,6308690.8,1,11,5,F,2,1,F,8/28/2012,7/25/2013,331,6,,17:46:00,22,41,8,f,8/28/2012,10:20:00,6/29/2013,17:00:00,10/27/2013,17:00:00
21481,21.481,16692,557212.38,6311234.22,1,11,5,F,2,1,F,7/16/2012,5/28/2013,316,6,,18:24:00,16,40,8,f,7/16/2012,12:18:00,5/17/2013,18:58:00,9/14/2013,18:58:00
22964,22.964,19351,558434.33,6308391.94,1,11,5,F,2,1,F,7/23/2012,5/28/2013,309,6,,18:24:00,18,40,8,f,7/23/2012,11:49:00,5/24/2013,18:29:00,9/21/2013,18:29:00
25748,25.748,21203,560157.49,6306201.91,1,11,5,F,2,1,F,9/2/2012,7/25/2013,326,6,,17:46:00,23,41,8,f,9/2/2012,12:41:00,7/4/2013,19:21:00,11/1/2013,19:21:00
27645,27.645,22629,561563.99,6305009.85,1,11,5,F,2,1,F,9/5/2012,7/25/2013,323,6,,17:46:00,25,41,8,f,9/5/2012,12:35:00,7/7/2013,19:15:00,11/4/2013,18:15:00
5891,5.891,5746,551151.52,6301785.97,2,12,8,M,2,2,T,2/16/2012,1/28/2013,347,9,,12:05:00,11,31,8,m,2/16/2012,10:50:00,12/17/2012,17:30:00,4/16/2013,18:30:00
14077,14.077,12556,551360.51,6301316.74,1,12,8,M,2,2,T,5/20/2012,6/19/2013,395,9,,6:07:00,19,38,8,m,5/20/2012,10:18:00,3/21/2013,16:58:00,7/19/2013,16:58:00
5125,5.125,5052,551786.43,6301198.77,1,12,8,M,2,2,T,7/13/2012,7/25/2013,377,9,,17:24:00,20,39,8,m,7/13/2012,9:21:00,5/14/2013,16:01:00,9/11/2013,16:01:00
20948,20.948,11471,540462.99,6300445.39,1,12,7,M,2,2,T,7/8/2011,5/20/2012,317,8,,9:34:00,4,18,8,m,7/8/2011,13:07:00,5/8/2012,19:47:00,9/5/2012,19:47:00
8871,8.871,8421,546773.23,6307968.56,2,12,8,M,2,2,T,2/4/2012,2/20/2013,382,9,,12:08:00,10,32,8,m,2/4/2012,11:20:00,12/5/2012,18:00:00,4/4/2013,19:00:00
14477,14.477,12903,551717.76,6301232.1,1,12,8,M,2,2,T,5/15/2012,6/19/2013,400,9,,6:07:00,16,38,8,m,5/15/2012,14:00:00,3/16/2013,20:40:00,7/14/2013,20:40:00
883,0.883,732,550987.1,6301121.8,1,12,8,M,2,2,T,8/3/2012,8/25/2013,387,9,,15:45:00,24,44,8,m,8/3/2012,11:14:00,6/4/2013,17:54:00,10/2/2013,17:54:00
13794,13.794,12382,551217.77,6301417.29,1,12,8,M,2,2,T,4/28/2012,6/19/2013,417,9,,6:07:00,15,38,8,m,4/28/2012,17:57:00,2/27/2013,23:37:00,6/28/2013,0:37:00
2863,2.863,2628,550333.56,6303423.73,1,12,7,M,2,2,T,8/24/2011,7/26/2012,337,8,,14:10:00,6,23,8,m,8/24/2011,11:10:00,6/24/2012,17:50:00,10/22/2012,17:50:00
1131,1.131,1021,551229.87,6301589.22,3,12,8,M,2,2,T,5/17/2012,4/11/2013,329,9,,12:21:00,17,34,8,m,5/17/2012,13:33:00,3/18/2013,20:13:00,7/16/2013,20:13:00
4243,4.243,4268,551534.65,6302022.24,1,12,8,M,2,2,T,8/29/2012,7/25/2013,330,9,,17:24:00,25,39,8,m,8/29/2012,11:09:00,6/30/2013,17:49:00,10/28/2013,17:49:00
1166,1.166,967,551867.5,6301404.28,3,12,7,M,2,2,T,5/21/2011,4/25/2012,340,8,,15:40:00,1,14,8,m,5/21/2011,15:31:00,3/21/2012,22:11:00,7/19/2012,22:11:00
966,0.966,763,550768.18,6301929.79,2,12,8,M,2,2,T,9/17/2012,11/11/2013,420,10,,13:14:00,27,48,8,m,9/17/2012,8:38:00,7/19/2013,15:18:00,11/16/2013,14:18:00
7305,7.305,7151,552233.94,6300888.63,2,12,8,M,2,2,T,1/14/2012,1/28/2013,380,9,,12:05:00,9,31,8,m,1/14/2012,11:23:00,11/14/2012,18:03:00,3/14/2013,19:03:00
0,0,110,551781.41,6302310.51,1,12,8,M,2,2,T,5/20/2012,5/28/2013,373,9,,15:49:00,18,37,8,m,5/20/2012,9:34:00,3/21/2013,16:14:00,7/19/2013,16:14:00
2297,2.297,2134,538489.41,6304539.98,1,14,2,F,1,1,F,5/22/2011,7/15/2012,420,3,,11:47:00,1,20,8,f,5/22/2011,12:08:00,3/22/2012,18:48:00,7/20/2012,18:48:00
14853,14.853,11452,542944.16,6307435.14,1,14,3,F,1,1,F,7/22/2012,5/28/2013,310,4,,15:21:00,21,36,8,f,7/22/2012,9:13:00,5/23/2013,15:53:00,9/20/2013,15:53:00
377,0.377,239,542966.26,6307937.43,1,14,2,F,1,1,F,8/19/2011,9/17/2012,395,3,,8:49:00,4,30,8,f,8/19/2011,9:58:00,6/19/2012,16:38:00,10/17/2012,16:38:00
17253,17.253,13573,540714.05,6307357.85,1,14,3,F,1,1,F,7/23/2012,5/28/2013,309,4,,15:21:00,22,36,8,f,7/23/2012,14:15:00,5/24/2013,20:55:00,9/21/2013,20:55:00
18028,18.028,15328,541096.64,6306832.49,2,14,3,F,1,1,F,4/26/2012,3/16/2013,324,4,,13:04:00,11,35,8,f,4/26/2012,16:30:00,2/25/2013,22:10:00,6/25/2013,23:10:00
10762,10.762,8593,551444.64,6310045.14,1,14,3,F,1,1,F,11/12/2011,9/17/2012,310,3,,8:49:00,8,30,8,f,11/12/2011,13:30:00,9/12/2012,21:10:00,1/10/2013,20:10:00
16986,16.986,13385,540863.14,6307506.47,1,14,3,F,1,1,F,5/19/2012,5/28/2013,374,4,,15:21:00,15,36,8,f,5/19/2012,12:01:00,3/20/2013,18:41:00,7/18/2013,18:41:00
24690,24.69,20429,535793.18,6301632.9,1,14,3,F,1,1,F,5/20/2012,5/28/2013,373,4,,15:21:00,17,36,8,f,5/20/2012,9:55:00,3/21/2013,16:35:00,7/19/2013,16:35:00
14853,14.853,11452,542944.16,6307435.14,1,14,3,F,1,1,F,7/22/2012,5/28/2013,310,4,,15:21:00,21,36,8,f,7/22/2012,9:13:00,5/23/2013,15:53:00,9/20/2013,15:53:00
16986,16.986,13385,540863.14,6307506.47,1,14,3,F,1,1,F,5/19/2012,5/28/2013,374,4,,15:21:00,15,36,8,f,5/19/2012,12:01:00,3/20/2013,18:41:00,7/18/2013,18:41:00
18233,18.233,14677,540047.76,6305998.28,1,14,3,F,1,1,F,7/15/2012,5/28/2013,317,4,,15:21:00,20,36,8,f,7/15/2012,11:47:00,5/16/2013,18:27:00,9/13/2013,18:27:00
3612,3.612,3246,539007.06,6304597.45,1,14,2,F,1,1,F,5/29/2011,7/23/2012,421,3,,14:15:00,2,22,8,f,5/29/2011,16:33:00,3/29/2012,23:13:00,7/27/2012,23:13:00
5371,5.371,4862,542966.26,6307937.43,1,14,2,F,1,1,F,8/19/2011,8/29/2012,376,3,,14:16:00,4,25,8,f,8/19/2011,9:58:00,6/19/2012,16:38:00,10/17/2012,16:38:00
15536,15.536,9570,545410.67,6306698.42,1,14,3,F,1,1,F,5/2/2012,5/28/2013,391,4,,15:21:00,13,36,8,f,5/2/2012,12:28:00,3/3/2013,18:08:00,7/1/2013,19:08:00
46831,46.831,32379,552149.68,6310587.73,2,14,3,F,1,1,F,12/20/2011,1/28/2013,405,4,,12:06:00,9,33,8,f,12/20/2011,13:10:00,10/20/2012,20:50:00,2/17/2013,19:50:00
29993,29.993,23166,562782.62,6303385.01,1,17,3,F,1,1,F,9/5/2012,8/25/2013,354,4,,6:53:00,27,47,8,f,9/5/2012,12:41:00,7/7/2013,19:21:00,11/4/2013,18:21:00
20604,20.604,17839,556880.06,6311924.02,1,17,3,F,1,1,F,8/7/2012,7/30/2013,357,4,,14:53:00,23,44,8,f,8/7/2012,13:40:00,6/8/2013,20:20:00,10/6/2013,20:20:00
25899,25.899,21487,561486.1,6306055.32,1,17,3,F,1,1,F,7/15/2012,8/22/2013,403,4,,13:31:00,19,46,8,f,7/15/2012,9:50:00,5/16/2013,16:30:00,9/13/2013,16:30:00
23677,23.677,18848,559550.31,6306247.62,1,17,3,F,1,1,F,9/14/2012,7/27/2013,316,4,,13:54:00,29,43,8,f,9/14/2012,12:44:00,7/16/2013,19:24:00,11/13/2013,18:24:00
6828,6.828,6466,540851.46,6299347.22,3,17,2,F,1,1,F,6/24/2011,4/28/2012,309,3,,14:42:00,3,14,8,f,6/24/2011,13:04:00,4/24/2012,19:44:00,8/22/2012,19:44:00
19767,19.767,16089,556664.45,6310797.77,1,17,3,F,1,1,F,7/25/2012,6/10/2013,320,4,,8:32:00,22,41,8,f,7/25/2012,11:02:00,5/26/2013,17:42:00,9/23/2013,17:42:00
1366,1.366,1308,552420.97,6310251.15,2,17,3,F,1,1,F,3/29/2012,2/20/2013,328,4,,12:10:00,11,37,8,f,3/29/2012,10:20:00,1/28/2013,16:00:00,5/28/2013,17:00:00
24182,24.182,19972,559834.43,6306038.06,1,17,3,F,1,1,F,9/4/2012,7/30/2013,329,4,,14:53:00,26,44,8,f,9/4/2012,10:43:00,7/6/2013,17:23:00,11/3/2013,16:23:00
23071,23.071,19815,558439,6308944.31,1,17,3,F,1,1,F,7/23/2012,7/25/2013,367,4,,17:47:00,20,42,8,f,7/23/2012,11:51:00,5/24/2013,18:31:00,9/21/2013,18:31:00
5308,5.308,4462,545205.76,6307405.76,1,17,3,F,1,1,F,5/20/2012,6/10/2013,386,4,,8:32:00,17,41,8,f,5/20/2012,9:28:00,3/21/2013,16:08:00,7/19/2013,16:08:00
7385,7.385,5222,554370.33,6313898.57,2,17,3,F,1,1,F,4/16/2012,2/20/2013,310,4,,12:10:00,12,37,8,f,4/16/2012,12:00:00,2/15/2013,17:40:00,6/15/2013,18:40:00
25714,25.714,21122,560947.12,6305192.16,1,17,3,F,1,1,F,8/31/2012,7/30/2013,333,4,,14:53:00,25,44,8,f,8/31/2012,14:19:00,7/2/2013,20:59:00,10/30/2013,20:59:00
20450,20.45,16815,557365.02,6310985.17,1,17,3,F,1,1,F,7/24/2012,7/27/2013,368,4,,13:54:00,21,43,8,f,7/24/2012,15:46:00,5/25/2013,22:26:00,9/22/2013,22:26:00
24582,24.582,20328,560190.07,6306054.98,1,17,3,F,1,1,F,9/7/2012,7/30/2013,326,4,,14:53:00,28,44,8,f,9/7/2012,10:27:00,7/9/2013,17:07:00,11/6/2013,16:07:00
26562,26.562,21789,540778.98,6306878.24,1,17,3,F,1,1,F,10/6/2011,8/28/2012,327,3,,12:24:00,7,24,8,f,10/6/2011,10:59:00,8/6/2012,17:39:00,12/4/2012,16:39:00
2214,2.214,2050,551556.82,6301422.7,1,18,8,M,2,2,NT,4/28/2012,5/28/2013,395,9,,15:54:00,14,34,8,m,4/28/2012,17:46:00,2/27/2013,23:26:00,6/28/2013,0:26:00
1166,1.166,1173,550958.64,6304214.61,1,18,8,M,2,2,NT,5/20/2012,5/28/2013,373,9,,15:54:00,17,34,8,m,5/20/2012,9:33:00,3/21/2013,16:13:00,7/19/2013,16:13:00
21299,21.299,11884,540008.7,6299497.69,1,18,7,M,2,2,NT,8/19/2011,7/26/2012,342,8,,14:23:00,5,22,8,f,8/19/2011,9:29:00,6/19/2012,16:09:00,10/17/2012,16:09:00
1531,1.531,1590,550636.2,6303171.24,2,18,9,M,2,2,NT,11/17/2012,12/5/2013,383,10,,12:49:00,29,44,8,m,11/17/2012,12:12:00,9/18/2013,19:52:00,1/16/2014,18:52:00
1814,1.814,1656,550433.62,6303406.79,1,18,8,M,2,2,NT,7/23/2012,9/12/2013,416,9,,14:10:00,21,41,8,m,7/23/2012,14:04:00,5/24/2013,20:44:00,9/21/2013,20:44:00
2649,2.649,2426,551530.35,6302410.04,1,18,8,M,2,2,NT,7/26/2012,9/12/2013,413,9,,14:10:00,22,41,8,m,7/26/2012,14:23:00,5/27/2013,21:03:00,9/24/2013,21:03:00
14554,14.554,11994,538212.51,6304005.55,1,18,7,M,2,2,NT,8/1/2011,9/3/2012,399,8,,9:50:00,4,25,8,m,8/1/2011,15:43:00,6/1/2012,22:23:00,9/29/2012,22:23:00
1814,1.814,1704,552206.33,6302295.55,1,18,8,M,2,2,NT,8/3/2012,8/22/2013,384,9,,17:38:00,23,38,8,m,8/3/2012,12:41:00,6/4/2013,19:21:00,10/2/2013,19:21:00
1814,1.814,1732,551473.43,6301749.63,1,18,8,M,2,2,NT,5/17/2012,5/28/2013,376,9,,15:54:00,16,34,8,m,5/17/2012,13:37:00,3/18/2013,20:17:00,7/16/2013,20:17:00
600,0.6,532,550180.06,6304795.18,2,18,8,M,2,2,NT,9/3/2012,10/17/2013,409,10,,14:59:00,25,42,8,m,9/3/2012,9:50:00,7/5/2013,16:30:00,11/2/2013,16:30:00
21277,21.277,14159,540318.12,6301372.4,2,18,8,M,2,2,NT,11/12/2011,12/13/2012,397,9,,12:08:00,9,30,8,m,11/12/2011,14:10:00,9/12/2012,21:50:00,1/10/2013,20:50:00
19437,19.437,11118,539995.23,6299227.83,1,18,8,M,2,2,NT,10/19/2011,9/17/2012,334,8,,8:33:00,8,26,8,m,10/19/2011,10:31:00,8/19/2012,17:11:00,12/17/2012,16:11:00
20182,20.182,10390,540857.67,6299660.87,2,18,8,M,2,2,NT,10/6/2011,11/17/2012,408,9,,12:12:00,7,29,8,m,10/6/2011,11:15:00,8/6/2012,17:55:00,12/4/2012,16:55:00
13965,13.965,12155,552066.12,6303507.91,1,18,8,M,2,2,NT,6/16/2012,8/11/2013,421,8,,22:53:00,18,36,8,m,6/16/2012,11:31:00,4/17/2013,18:11:00,8/15/2013,18:11:00
11717,11.717,10121,550051.34,6303968.72,1,18,8,M,2,2,NT,9/17/2012,8/11/2013,328,8,,22:53:00,26,36,8,m,9/17/2012,8:33:00,7/19/2013,15:13:00,11/16/2013,14:13:00
5366,5.366,5160,540387.24,6306988.3,1,20,4,F,2,1,F,9/17/2012,9/12/2013,360,5,,13:59:00,31,52,8,f,9/17/2012,8:50:00,7/19/2013,15:30:00,11/16/2013,14:30:00
483,0.483,385,552253.22,6310397.22,2,20,5,F,2,1,F,10/25/2012,12/5/2013,406,6,,14:49:00,33,55,8,f,10/25/2012,12:40:00,8/26/2013,19:20:00,12/24/2013,18:20:00
400,0.4,331,540090.63,6307127.71,1,20,4,F,2,1,F,4/26/2012,5/28/2013,397,5,,16:12:00,13,41,8,f,4/26/2012,17:00:00,2/25/2013,22:40:00,6/25/2013,23:40:00
1849,1.849,1799,538721.48,6304598.46,1,20,3,F,1,1,F,5/29/2011,7/11/2012,409,4,,10:52:00,2,19,8,f,5/29/2011,16:29:00,3/29/2012,23:09:00,7/27/2012,23:09:00
2980,2.98,2916,538847.41,6306073.4,1,20,4,F,2,1,F,6/16/2012,7/28/2013,407,5,,11:45:00,18,44,8,f,6/16/2012,11:48:00,4/17/2013,18:28:00,8/15/2013,18:28:00
1566,1.566,1387,539484.74,6305058.03,1,20,3,F,1,1,F,8/25/2011,7/23/2012,333,4,,14:12:00,6,24,8,f,8/25/2011,10:34:00,6/25/2012,17:14:00,10/23/2012,17:14:00
483,0.483,539,540768.22,6306845.07,1,20,4,F,2,1,F,9/1/2012,7/25/2013,327,5,,17:39:00,28,43,8,f,9/1/2012,10:32:00,7/3/2013,17:12:00,10/31/2013,17:12:00
2697,2.697,2663,539049.75,6306232.48,1,20,4,F,2,1,F,8/29/2012,8/25/2013,361,5,,0:35:00,27,50,8,f,8/29/2012,14:01:00,6/30/2013,20:41:00,10/28/2013,20:41:00
7944,7.944,6099,539099.8,6306391.02,1,20,4,F,2,1,F,7/23/2012,9/9/2013,413,5,,14:01:00,24,51,8,f,7/23/2012,14:12:00,5/24/2013,20:52:00,9/21/2013,20:52:00
5843,5.843,5547,538046.07,6303048.68,1,20,5,F,2,1,F,9/25/2012,8/20/2013,329,5,,7:17:00,32,48,8,f,9/25/2012,15:04:00,7/27/2013,21:44:00,11/24/2013,20:44:00
1800,1.8,1740,539097.36,6304650.84,1,20,3,F,1,1,F,6/24/2011,7/23/2012,395,4,,14:12:00,3,24,8,f,6/24/2011,13:24:00,4/24/2012,20:04:00,8/22/2012,20:04:00
1400,1.4,1362,538127.34,6304408.19,2,20,3,F,1,1,F,8/19/2011,9/25/2012,403,5,,15:04:00,5,32,8,f,8/19/2011,9:46:00,6/19/2012,16:26:00,10/17/2012,16:26:00
2980,2.98,2926,538869.29,6306013.61,1,20,4,F,2,1,F,8/3/2012,8/20/2013,382,5,,7:17:00,25,48,8,f,8/3/2012,8:27:00,6/4/2013,15:07:00,10/2/2013,15:07:00
6030,6.03,3914,539055.06,6305054.87,1,20,4,F,2,1,F,5/20/2012,5/9/2013,354,5,,15:37:00,17,40,8,f,5/20/2012,9:48:00,3/21/2013,16:28:00,7/19/2013,16:28:00
1400,1.4,1395,539299.47,6306302.07,1,20,4,F,2,1,F,7/11/2012,8/15/2013,400,5,,9:44:00,19,47,8,f,7/11/2012,10:52:00,5/12/2013,17:32:00,9/9/2013,17:32:00
2297,2.297,2102,547533.57,6305042.35,1,21,7,F,2,1,F,8/1/2011,7/15/2012,349,8,,9:26:00,4,27,8,f,8/1/2011,15:59:00,6/1/2012,22:39:00,9/29/2012,22:39:00
20417,20.417,12564,546078.93,6306777.12,1,21,8,F,2,1,F,10/6/2011,8/28/2012,327,8,,11:38:00,8,32,8,f,10/6/2011,10:46:00,8/6/2012,17:26:00,12/4/2012,16:26:00
5049,5.049,4976,540443.27,6306562.27,1,21,7,F,2,1,F,5/24/2011,5/15/2012,357,8,,11:44:00,1,21,8,f,5/24/2011,20:22:00,3/25/2012,3:02:00,7/23/2012,3:02:00
5760,5.76,5449,547533.57,6305042.35,1,21,7,F,2,1,F,8/1/2011,8/3/2012,368,8,,8:01:00,4,30,8,f,8/1/2011,15:59:00,6/1/2012,22:39:00,9/29/2012,22:39:00
5863,5.863,5364,540443.27,6306562.27,1,21,7,F,2,1,F,5/24/2011,7/15/2012,418,8,,9:26:00,1,27,8,f,5/24/2011,20:22:00,3/25/2012,3:02:00,7/23/2012,3:02:00
1049,1.049,886,546258.44,6305702.16,1,21,7,F,2,1,F,5/29/2011,7/23/2012,421,8,,10:06:00,2,29,8,f,5/29/2011,15:56:00,3/29/2012,22:36:00,7/27/2012,22:36:00
5097,5.097,4754,540443.27,6306562.27,1,21,7,F,2,1,F,5/24/2011,7/15/2012,418,8,,12:21:00,1,28,8,f,5/24/2011,20:22:00,3/25/2012,3:02:00,7/23/2012,3:02:00
5097,5.097,4683,540443.27,6306562.27,3,21,7,F,2,1,F,5/24/2011,4/16/2012,328,8,,10:01:00,1,16,8,f,5/24/2011,20:22:00,3/25/2012,3:02:00,7/23/2012,3:02:00
5780,5.78,5353,540443.27,6306562.27,3,21,7,F,2,1,F,5/24/2011,4/28/2012,340,8,,17:00:00,1,19,8,f,5/24/2011,20:22:00,3/25/2012,3:02:00,7/23/2012,3:02:00
600,0.6,594,545183.2,6306493.22,1,21,7,F,2,1,F,8/19/2011,7/11/2012,327,8,,16:25:00,5,25,8,f,8/19/2011,10:34:00,6/19/2012,17:14:00,10/17/2012,17:14:00
3063,3.063,2786,547533.57,6305042.35,1,21,7,F,2,1,F,8/1/2011,7/15/2012,349,8,,12:21:00,4,28,8,f,8/1/2011,15:59:00,6/1/2012,22:39:00,9/29/2012,22:39:00
2097,2.097,1909,546258.44,6305702.16,1,21,7,F,2,1,F,5/29/2011,5/20/2012,357,8,,9:29:00,2,24,8,f,5/29/2011,15:56:00,3/29/2012,22:36:00,7/27/2012,22:36:00
766,0.766,741,553965.27,6311668.62,1,22,5,F,2,1,F,9/4/2012,8/25/2013,355,6,,12:50:00,14,36,8,m,9/4/2012,17:51:00,7/7/2013,0:31:00,11/3/2013,23:31:00
8562,8.562,6813,547096.44,6310751.19,1,22,4,F,2,1,F,5/25/2011,7/21/2012,423,5,,15:07:00,1,4,8,m,5/25/2011,14:21:00,3/25/2012,21:01:00,7/23/2012,21:01:00
19901,19.901,16658,554285.79,6312199.93,2,22,6,F,2,1,F,12/13/2012,10/17/2013,308,7,,13:52:00,21,42,8,m,12/13/2012,12:09:00,10/14/2013,19:49:00,2/11/2014,18:49:00
1331,1.331,1188,553831.3,6312189.01,1,22,5,F,2,1,F,7/25/2012,8/25/2013,396,6,,12:50:00,6,36,8,m,7/25/2012,9:16:00,5/26/2013,15:56:00,9/23/2013,15:56:00
1249,1.249,1211,553480.66,6311752.87,1,22,5,F,2,1,F,7/24/2012,8/25/2013,397,6,,12:50:00,5,36,8,m,7/24/2012,16:35:00,5/25/2013,23:15:00,9/22/2013,23:15:00
3014,3.014,2845,556984.32,6312227.93,1,22,5,F,2,1,F,9/5/2012,8/31/2013,360,6,,12:15:00,15,38,8,m,9/5/2012,12:23:00,7/7/2013,19:03:00,11/4/2013,18:03:00
800,0.8,813,554289.66,6311144.15,1,22,6,F,2,1,F,9/25/2012,9/9/2013,349,6,,15:48:00,19,39,8,m,9/25/2012,12:56:00,7/27/2013,19:36:00,11/24/2013,18:36:00
23061,23.061,11285,549639.74,6303987.17,1,22,4,F,2,1,F,6/24/2011,8/7/2012,410,5,,13:32:00,2,9,8,m,6/24/2011,12:33:00,4/24/2012,19:13:00,8/22/2012,19:13:00
1315,1.315,1127,554116.93,6311726.37,1,22,5,F,2,1,F,8/6/2012,7/25/2013,353,6,,14:56:00,8,30,8,m,8/6/2012,18:18:00,6/8/2013,0:58:00,10/6/2013,0:58:00
4432,4.432,2671,553999.01,6311150.16,1,22,5,F,2,1,F,9/3/2012,8/15/2013,346,6,,11:55:00,13,34,8,m,9/3/2012,14:00:00,7/5/2013,20:40:00,11/2/2013,20:40:00
5964,5.964,4077,553938.1,6311394.18,1,22,5,F,2,1,F,8/28/2012,7/30/2013,336,6,,14:23:00,10,32,8,m,8/28/2012,16:50:00,6/29/2013,23:30:00,10/27/2013,23:30:00
4715,4.715,2588,553724.86,6312074.64,1,22,5,F,2,1,F,9/17/2012,8/15/2013,332,6,,11:55:00,18,34,8,m,9/17/2012,7:56:00,7/19/2013,14:36:00,11/16/2013,13:36:00
5040,5.04,3537,554134.4,6311337.28,1,22,5,F,2,1,F,8/31/2012,8/10/2013,344,6,,18:09:00,12,33,8,m,8/31/2012,18:43:00,7/3/2013,1:23:00,10/31/2013,1:23:00
12499,12.499,11922,561035.58,6301661.95,1,22,4,F,2,1,F,7/8/2011,8/3/2012,392,5,,16:00:00,3,7,8,m,7/8/2011,13:56:00,5/8/2012,20:36:00,9/5/2012,20:36:00
2580,2.58,1983,553157.78,6312194.37,2,22,5,F,2,1,F,9/7/2012,10/9/2013,397,7,,12:18:00,17,41,8,m,9/7/2012,14:27:00,7/9/2013,21:07:00,11/6/2013,20:07:00
47197,47.197,33568,551063.46,6310157.34,2,24,9,F,2,1,F,1/14/2012,11/17/2012,308,10,,12:14:00,4,22,8,m,1/14/2012,12:46:00,11/14/2012,19:26:00,3/14/2013,20:26:00
3346,3.346,3167,540302.81,6279268.11,1,24,10,F,2,1,F,9/25/2012,9/12/2013,352,10,,15:20:00,19,35,8,f,9/25/2012,14:27:00,7/27/2013,21:07:00,11/24/2013,20:07:00
31158,31.158,26650,541039.95,6307171.58,1,24,9,F,2,1,F,5/15/2012,5/28/2013,378,10,,17:07:00,10,31,8,f,5/15/2012,17:06:00,3/16/2013,23:46:00,7/14/2013,23:46:00
2814,2.814,2560,540389.84,6278416.48,1,24,9,F,2,1,F,9/14/2012,8/15/2013,335,10,,10:14:00,18,33,8,f,9/14/2012,13:56:00,7/16/2013,20:36:00,11/13/2013,19:36:00
3214,3.214,2941,540009.91,6278695.82,2,24,10,F,2,1,F,10/25/2012,11/11/2013,382,11,,14:15:00,20,37,8,f,10/25/2012,14:19:00,8/26/2013,20:59:00,12/24/2013,19:59:00
2414,2.414,2160,541061.9,6278559.91,1,24,10,F,2,1,F,10/26/2012,9/12/2013,321,10,,15:20:00,21,35,8,f,10/26/2012,12:39:00,8/27/2013,19:19:00,12/25/2013,18:19:00
3346,3.346,3077,541416.06,6278053.22,1,24,9,F,2,1,F,7/23/2012,5/28/2013,309,10,,17:07:00,14,31,8,f,7/23/2012,13:32:00,5/24/2013,20:12:00,9/21/2013,20:12:00
1566,1.566,1538,541276.21,6278048.06,2,24,10,F,2,1,F,11/17/2012,11/11/2013,359,11,,14:15:00,22,37,8,f,11/17/2012,12:14:00,9/18/2013,19:54:00,1/16/2014,18:54:00
51191,51.191,36000,551587.4,6310539.19,2,24,9,F,2,1,F,2/16/2012,1/28/2013,347,10,,12:09:00,6,25,8,f,2/16/2012,12:19:00,12/17/2012,18:59:00,4/16/2013,19:59:00
1531,1.531,1265,541720.08,6278386.17,2,24,10,F,2,1,F,1/5/2013,11/11/2013,310,11,,14:15:00,24,37,8,f,1/5/2013,12:07:00,11/6/2013,18:47:00,3/6/2014,18:47:00
2614,2.614,2394,540600.33,6278476.95,1,24,9,F,2,1,F,9/5/2012,8/15/2013,344,10,,10:14:00,17,33,8,f,9/5/2012,14:44:00,7/7/2013,21:24:00,11/4/2013,20:24:00
2014,2.014,1841,541185.09,6278391.47,1,24,9,F,2,1,F,7/12/2012,8/15/2013,399,10,,10:14:00,12,33,8,f,7/12/2012,12:58:00,5/13/2013,19:38:00,9/10/2013,19:38:00
4794,4.794,4462,544150.63,6276014.44,1,24,9,F,2,1,F,11/12/2011,9/14/2012,307,9,,13:56:00,3,18,8,f,11/12/2011,14:30:00,9/12/2012,22:10:00,1/10/2013,21:10:00
13083,13.083,10062,540485.66,6306525.94,2,24,9,F,2,1,F,4/28/2012,3/16/2013,322,10,,13:24:00,9,27,8,f,4/28/2012,14:02:00,2/27/2013,19:42:00,6/27/2013,20:42:00
12668,12.668,9474,540747.94,6307386.68,2,24,9,F,2,1,F,4/24/2012,3/16/2013,326,10,,13:24:00,7,27,8,f,4/24/2012,13:33:00,2/23/2013,19:13:00,6/23/2013,20:13:00
683,0.683,595,551700.65,6310877.14,1,26,7,M,2,2,T,5/29/2011,7/26/2012,424,8,,15:57:00,2,5,8,m,5/29/2011,15:41:00,3/29/2012,22:21:00,7/27/2012,22:21:00
1049,1.049,1026,551160.67,6310963.42,1,26,8,M,2,2,T,8/4/2012,8/25/2013,386,9,,13:07:00,7,16,8,m,8/4/2012,10:52:00,6/5/2013,17:32:00,10/3/2013,17:32:00
849,0.849,988,551144.71,6310900.21,1,26,8,M,2,2,T,8/7/2012,8/25/2013,383,9,,13:07:00,8,16,8,m,8/7/2012,16:19:00,6/8/2013,22:59:00,10/6/2013,22:59:00
3414,3.414,2236,553118.14,6311987.13,1,26,8,M,2,2,T,8/30/2012,8/25/2013,360,9,,13:07:00,11,16,8,m,8/30/2012,4:15:00,7/1/2013,10:55:00,10/29/2013,10:55:00
883,0.883,954,550921.28,6310510.5,1,26,8,M,2,2,T,7/25/2012,8/25/2013,396,9,,13:07:00,4,16,8,m,7/25/2012,17:05:00,5/26/2013,23:45:00,9/23/2013,23:45:00
849,0.849,958,551096.25,6310807.55,1,26,8,M,2,2,T,8/2/2012,8/25/2013,388,9,,13:07:00,6,16,8,m,8/2/2012,15:18:00,6/3/2013,21:58:00,10/1/2013,21:58:00
966,0.966,1056,551266.5,6311075.83,1,26,8,M,2,2,T,9/6/2012,8/25/2013,353,9,,13:07:00,15,16,8,m,9/6/2012,10:09:00,7/8/2013,16:49:00,11/5/2013,15:49:00
849,0.849,958,551096.25,6310807.55,1,26,8,M,2,2,T,8/2/2012,8/25/2013,388,9,,13:07:00,6,16,8,m,8/2/2012,15:18:00,6/3/2013,21:58:00,10/1/2013,21:58:00
766,0.766,884,551125.06,6310726.41,1,26,8,M,2,2,T,7/26/2012,8/25/2013,395,9,,13:07:00,5,16,8,m,7/26/2012,15:57:00,5/27/2013,22:37:00,9/24/2013,22:37:00
883,0.883,954,550921.28,6310510.5,1,26,8,M,2,2,T,7/25/2012,8/25/2013,396,9,,13:07:00,4,16,8,m,7/25/2012,17:05:00,5/26/2013,23:45:00,9/23/2013,23:45:00
1049,1.049,1139,551058.05,6311024.5,1,26,8,M,2,2,T,7/23/2012,8/25/2013,398,9,,13:07:00,3,16,8,m,7/23/2012,17:35:00,5/25/2013,0:15:00,9/22/2013,0:15:00
849,0.849,988,551144.71,6310900.21,1,26,8,M,2,2,T,8/7/2012,8/25/2013,383,9,,13:07:00,8,16,8,m,8/7/2012,16:19:00,6/8/2013,22:59:00,10/6/2013,22:59:00
683,0.683,659,551700.65,6310877.14,1,26,7,M,2,2,T,5/29/2011,7/23/2012,421,8,,17:35:00,2,3,8,m,5/29/2011,15:41:00,3/29/2012,22:21:00,7/27/2012,22:21:00
3414,3.414,2236,553118.14,6311987.13,1,26,8,M,2,2,T,8/30/2012,8/25/2013,360,9,,13:07:00,11,16,8,m,8/30/2012,4:15:00,7/1/2013,10:55:00,10/29/2013,10:55:00
1049,1.049,1091,551104.88,6311001.47,1,26,8,M,2,2,T,9/2/2012,8/25/2013,357,9,,13:07:00,13,16,8,m,9/2/2012,19:09:00,7/5/2013,1:49:00,11/2/2013,1:49:00
21887,21.887,19012,557246.48,6310914.29,1,28,4,F,2,1,F,8/6/2012,9/9/2013,399,5,,14:19:00,30,51,8,f,8/6/2012,18:07:00,6/8/2013,0:47:00,10/6/2013,0:47:00
63541,63.541,45507,557215.36,6311234.26,1,28,4,F,2,1,F,7/16/2012,7/25/2013,374,5,,18:20:00,25,49,8,f,7/16/2012,12:19:00,5/17/2013,18:59:00,9/14/2013,18:59:00
50225,50.225,35180,551863.46,6310660.52,2,28,4,F,2,1,F,1/14/2012,11/17/2012,308,5,,12:15:00,9,41,8,f,1/14/2012,12:44:00,11/14/2012,19:24:00,3/14/2013,20:24:00
30182,30.182,20191,558746.67,6308688.58,2,28,4,F,2,1,F,8/28/2012,10/17/2013,415,6,,14:17:00,32,53,8,f,8/28/2012,10:31:00,6/29/2013,17:11:00,10/27/2013,17:11:00
65324,65.324,44188,559221.44,6308936.22,1,28,4,F,2,1,F,9/14/2012,7/25/2013,314,5,,18:20:00,37,49,8,f,9/14/2012,12:32:00,7/16/2013,19:12:00,11/13/2013,18:12:00
7371,7.371,6000,545730.51,6311624.98,1,28,4,F,2,1,F,5/18/2012,5/11/2013,358,5,,9:23:00,17,48,8,f,5/18/2012,20:02:00,3/20/2013,2:42:00,7/18/2013,2:42:00
12942,12.942,10469,551266.45,6310996.45,1,28,4,F,2,1,F,5/22/2012,5/11/2013,354,5,,9:23:00,21,48,8,f,5/22/2012,14:20:00,3/23/2013,21:00:00,7/21/2013,21:00:00
3757,3.757,3327,556613.43,6313011.74,1,28,3,F,1,1,F,7/8/2011,7/15/2012,373,4,,9:35:00,3,24,8,f,7/8/2011,12:40:00,5/8/2012,19:20:00,9/5/2012,19:20:00
1766,1.766,1688,557013.97,6312633.91,1,28,3,F,1,1,F,8/1/2011,7/24/2012,358,4,,15:47:00,4,28,8,f,8/1/2011,16:50:00,6/1/2012,23:30:00,9/29/2012,23:30:00
13010,13.01,10656,551684.54,6310293.59,1,28,4,F,2,1,F,5/21/2012,5/11/2013,355,5,,9:23:00,20,48,8,f,5/21/2012,16:23:00,3/22/2013,23:03:00,7/20/2013,23:03:00
50607,50.607,41534,546085.72,6311129.39,2,28,4,F,2,1,F,4/28/2012,3/16/2013,322,5,,12:28:00,13,46,8,f,4/28/2012,15:23:00,2/27/2013,21:03:00,6/27/2013,22:03:00
1910,1.91,1631,556474.73,6312967.66,1,28,3,F,1,1,F,8/31/2011,8/7/2012,342,4,,9:36:00,6,31,8,f,8/31/2011,16:03:00,7/1/2012,22:43:00,10/29/2012,22:43:00
7703,7.703,6573,553805.47,6313023.64,1,28,4,F,2,1,F,10/6/2011,8/28/2012,327,4,,10:31:00,7,32,8,f,10/6/2011,12:23:00,8/6/2012,19:03:00,12/4/2012,18:03:00
22154,22.154,18720,558168.07,6308633.8,2,28,4,F,2,1,F,9/17/2012,11/11/2013,420,6,,13:29:00,38,54,8,f,9/17/2012,8:04:00,7/19/2013,14:44:00,11/16/2013,13:44:00
63223,63.223,45440,556717.53,6311354.69,1,28,4,F,2,1,F,8/7/2012,7/25/2013,352,5,,18:20:00,31,49,8,f,8/7/2012,9:36:00,6/8/2013,16:16:00,10/6/2013,16:16:00
15423,15.423,6029,553340.52,6313498.35,1,29,8,M,2,2,T,7/12/2012,7/30/2013,383,9,,14:29:00,23,62,8,m,7/12/2012,9:17:00,5/13/2013,15:57:00,9/10/2013,15:57:00
33627,33.627,30699,578756.87,6296210.31,2,29,8,M,2,2,T,11/12/2011,10/26/2012,349,9,,2:39:00,8,50,8,m,11/12/2011,14:40:00,9/12/2012,22:20:00,1/10/2013,21:20:00
5683,5.683,5652,562549.8,6306859.39,2,29,8,M,2,2,T,1/14/2012,1/28/2013,380,9,,12:11:00,10,52,8,m,1/14/2012,12:33:00,11/14/2012,19:13:00,3/14/2013,20:13:00
1531,1.531,685,553081.39,6313312.35,1,29,8,M,2,2,T,8/31/2012,8/15/2013,349,9,,12:01:00,36,64,8,m,8/31/2012,9:34:00,7/2/2013,16:14:00,10/30/2013,16:14:00
17071,17.071,15684,553090.37,6313185.21,2,29,8,M,2,2,T,4/16/2012,2/20/2013,310,9,,12:16:00,14,53,8,m,4/16/2012,12:01:00,2/15/2013,17:41:00,6/15/2013,18:41:00
15771,15.771,6375,553033.3,6313339.01,1,29,9,M,2,2,T,9/25/2012,7/30/2013,308,9,,14:29:00,47,62,8,m,9/25/2012,12:53:00,7/27/2013,19:33:00,11/24/2013,18:33:00
15939,15.939,14599,553589.98,6313249.41,3,29,8,M,2,2,T,5/1/2012,4/16/2013,350,9,,16:01:00,18,56,8,m,5/1/2012,13:33:00,3/2/2013,19:13:00,6/30/2013,20:13:00
1131,1.131,526,553265.86,6313657.82,1,29,7,M,2,2,T,5/26/2011,7/23/2012,424,8,,11:33:00,1,29,8,m,5/26/2011,13:44:00,3/26/2012,20:24:00,7/24/2012,20:24:00
4123,4.123,3363,553161.84,6313403.55,1,29,8,M,2,2,T,7/22/2012,8/30/2013,404,9,,19:21:00,28,69,8,m,7/22/2012,18:10:00,5/24/2013,0:50:00,9/21/2013,0:50:00
18257,18.257,16103,553700.03,6314108.83,2,29,8,M,2,2,T,3/29/2012,2/20/2013,328,9,,12:16:00,13,53,8,m,3/29/2012,12:07:00,1/28/2013,17:47:00,5/28/2013,18:47:00
15771,15.771,6453,552897.72,6313440.59,1,29,8,M,2,2,T,8/30/2012,7/30/2013,334,9,,14:29:00,35,62,8,m,8/30/2012,8:54:00,7/1/2013,15:34:00,10/29/2013,15:34:00
15423,15.423,6115,553248.37,6313489.82,1,29,8,M,2,2,T,8/28/2012,7/30/2013,336,9,,14:29:00,34,62,8,m,8/28/2012,17:01:00,6/29/2013,23:41:00,10/27/2013,23:41:00
18422,18.422,16104,553475.2,6313963.99,2,29,8,M,2,2,T,2/4/2012,2/20/2013,382,9,,12:16:00,11,53,8,m,2/4/2012,12:22:00,12/5/2012,19:02:00,4/4/2013,20:02:00
400,0.4,291,553194.29,6313620.07,2,29,9,M,2,2,T,10/6/2012,12/5/2013,425,10,,11:19:00,48,75,8,m,10/6/2012,22:31:00,8/8/2013,5:11:00,12/6/2013,4:11:00
3081,3.081,2045,553898.69,6312922.42,2,29,8,M,2,2,T,12/20/2011,10/26/2012,311,9,,2:39:00,9,50,8,m,12/20/2011,14:30:00,10/20/2012,22:10:00,2/17/2013,21:10:00
29825,29.825,13802,563899.64,6306434.33,1,30,6,M,2,2,NT,9/25/2012,8/15/2013,324,6,,9:15:00,25,36,8,m,9/25/2012,13:21:00,7/27/2013,20:01:00,11/24/2013,19:01:00
15057,15.057,13440,553265.86,6313657.82,1,30,4,M,2,2,NT,5/26/2011,5/21/2012,361,5,,12:00:00,1,16,8,m,5/26/2011,15:30:00,3/26/2012,22:10:00,7/24/2012,22:10:00
10491,10.491,9785,562419.71,6299585.75,1,30,5,M,2,2,NT,10/19/2011,8/31/2012,317,5,,18:19:00,6,21,8,m,10/19/2011,11:46:00,8/19/2012,18:26:00,12/17/2012,17:26:00
30391,30.391,14243,564378.43,6306104.7,1,30,5,M,2,2,NT,8/31/2012,8/15/2013,349,6,,9:15:00,20,36,8,m,8/31/2012,16:09:00,7/2/2013,22:49:00,10/30/2013,22:49:00
43399,43.399,36732,576915.83,6286768.75,2,30,5,M,2,2,NT,2/4/2012,2/20/2013,382,6,,12:17:00,8,30,8,m,2/4/2012,12:53:00,12/5/2012,19:33:00,4/4/2013,20:33:00
13628,13.628,11490,553265.86,6313657.82,1,30,4,M,2,2,NT,5/26/2011,5/16/2012,356,5,,15:41:00,1,14,8,m,5/26/2011,15:30:00,3/26/2012,22:10:00,7/24/2012,22:10:00
31453,31.453,12495,563540.36,6306035.28,2,30,5,M,2,2,NT,1/14/2012,11/17/2012,308,6,,12:17:00,7,28,8,m,1/14/2012,12:32:00,11/14/2012,19:12:00,3/14/2013,20:12:00
14748,14.748,13691,562868.99,6304053.86,1,30,5,M,2,2,NT,4/27/2012,5/28/2013,396,6,,18:07:00,12,34,8,m,4/27/2012,15:30:00,2/26/2013,21:10:00,6/26/2013,22:10:00
17228,17.228,16205,562419.71,6299585.75,2,30,5,M,2,2,NT,10/19/2011,12/13/2012,421,6,,12:12:00,6,29,8,m,10/19/2011,11:46:00,8/19/2012,18:26:00,12/17/2012,17:26:00
29253,29.253,12270,562457.28,6304341.69,1,30,5,M,2,2,NT,8/7/2012,8/15/2013,373,6,,9:15:00,19,36,8,m,8/7/2012,10:58:00,6/8/2013,17:38:00,10/6/2013,17:38:00
31839,31.839,12399,551794.16,6303753.56,2,30,4,M,2,2,NT,8/19/2011,9/25/2012,403,6,,13:21:00,2,25,8,m,8/19/2011,10:21:00,6/19/2012,17:01:00,10/17/2012,17:01:00
14617,14.617,13725,562774.13,6304159.19,3,30,5,M,2,2,NT,5/21/2012,4/11/2013,325,6,,12:08:00,16,32,8,m,5/21/2012,12:00:00,3/22/2013,18:40:00,7/20/2013,18:40:00
29825,29.825,13802,563899.64,6306434.33,1,30,6,M,2,2,NT,9/25/2012,8/15/2013,324,6,,9:15:00,25,36,8,m,9/25/2012,13:21:00,7/27/2013,20:01:00,11/24/2013,19:01:00
138747,138.747,28213,525102.3,6321239.42,1,30,5,M,2,2,NT,3/30/2012,5/28/2013,424,6,,18:07:00,10,34,8,m,3/30/2012,10:35:00,1/29/2013,16:15:00,5/29/2013,17:15:00
14899,14.899,13801,563390.95,6304621.31,1,30,5,M,2,2,NT,7/14/2012,5/28/2013,318,6,,18:07:00,17,34,8,m,7/14/2012,16:35:00,5/15/2013,23:15:00,9/12/2013,23:15:00
25162,25.162,22668,568525.14,6300118.96,3,31,3,M,1,2,NT,2/16/2012,4/16/2013,425,4,,15:41:00,10,39,8,m,2/16/2012,12:56:00,12/17/2012,19:36:00,4/16/2013,20:36:00
8802,8.802,8686,562913.14,6304432.38,1,31,3,M,1,2,NT,6/16/2012,7/25/2013,404,4,,16:21:00,18,44,8,m,6/16/2012,11:17:00,4/17/2013,17:57:00,8/15/2013,17:57:00
1531,1.531,579,553674.87,6313971.13,1,31,3,M,1,2,NT,4/30/2012,5/19/2013,384,3,,15:41:00,13,41,8,m,4/30/2012,13:05:00,3/1/2013,18:45:00,6/29/2013,19:45:00
2814,2.814,2583,559542.03,6311877.58,1,31,3,M,1,2,NT,8/28/2012,7/25/2013,331,4,,16:21:00,28,44,8,m,8/28/2012,16:11:00,6/29/2013,22:51:00,10/27/2013,22:51:00
15988,15.988,13984,563250.67,6303888.18,1,31,3,M,1,2,NT,5/21/2012,5/25/2013,369,3,,5:03:00,17,42,8,m,5/21/2012,10:45:00,3/22/2013,17:25:00,7/20/2013,17:25:00
35785,35.785,20710,561398.42,6301364.46,2,31,3,M,1,2,NT,10/6/2011,10/25/2012,385,4,,13:53:00,5,34,8,m,10/6/2011,10:00:00,8/6/2012,16:40:00,12/4/2012,15:40:00
10305,10.305,9535,562249.18,6304072.16,1,31,3,M,1,2,NT,7/15/2012,5/28/2013,317,4,,14:59:00,21,43,8,m,7/15/2012,9:54:00,5/16/2013,16:34:00,9/13/2013,16:34:00
6111,6.111,5729,562381.49,6308607.44,1,31,3,M,1,2,NT,7/16/2012,7/25/2013,374,4,,16:21:00,22,44,8,m,7/16/2012,16:07:00,5/17/2013,22:47:00,9/14/2013,22:47:00
4937,4.937,2959,555267.72,6313213.94,1,31,3,M,1,2,NT,8/31/2012,7/25/2013,328,4,,16:21:00,29,44,8,m,8/31/2012,9:44:00,7/2/2013,16:24:00,10/30/2013,16:24:00
15739,15.739,13603,563322.58,6304523.86,1,31,3,M,1,2,NT,7/14/2012,5/25/2013,315,3,,5:03:00,20,42,8,m,7/14/2012,16:37:00,5/15/2013,23:17:00,9/12/2013,23:17:00
13794,13.794,11580,562112.79,6306224.83,1,31,3,M,1,2,NT,5/16/2012,5/19/2013,368,3,,15:41:00,15,41,8,m,5/16/2012,15:42:00,3/17/2013,22:22:00,7/15/2013,22:22:00
3640,3.64,2356,553064.06,6313921.09,2,31,3,M,1,2,NT,4/24/2012,3/15/2013,325,4,,8:36:00,12,38,8,m,4/24/2012,12:41:00,2/23/2013,18:21:00,6/23/2013,19:21:00
5847,5.847,3080,554188.59,6313304.38,2,31,3,M,1,2,NT,3/29/2012,2/20/2013,328,4,,12:18:00,11,37,8,m,3/29/2012,12:09:00,1/28/2013,17:49:00,5/28/2013,18:49:00
1750,1.75,1448,556415.95,6312153.71,1,31,3,M,1,2,NT,7/13/2012,5/28/2013,319,4,,14:59:00,19,43,8,m,7/13/2012,14:31:00,5/14/2013,21:11:00,9/11/2013,21:11:00
800,0.8,772,541589.23,6299066.3,1,31,3,M,1,2,NT,11/12/2011,9/17/2012,310,3,,8:53:00,7,32,8,m,11/12/2011,14:50:00,9/12/2012,22:30:00,1/10/2013,21:30:00
